cik,fy,bankrupt_2y,assets,liabilities,current_assets,current_liabilities,cash,inventory,receivables,equity,retained_earnings,revenue,cogs,gross_profit,operating_income,net_income,rd_expense,sga_expense,interest_expense,depreciation,short_debt,long_debt,total_debt,debt,leverage_liabilities_assets,leverage_debt_assets,debt_equity,roa,asset_turnover,current_ratio,asset_growth,revenue_growth,lag_assets,lag_revenue,lag_roa,lag_leverage_debt_assets
1001871,2011,0,18750485,9252554,10940322,8076458,5812865,,4525157,56717,-2874214,85253965,,,-2663065,-910130,,,23698,380139,,,,,0.49345678258455716,0,0,-0.048539011124245586,4.546760523794451,1.3545940559586889,,,,,,
1001902,2011,0,225821000,,,23989000,23560000,,,191910000,,202526000,114854000,30431000,-17347000,-21975000,28064000,,,,,,,,,0,0,-0.0973115874962913,0.8968430748247506,NaN,,,,,,
1009925,2011,0,219343,,62161,2511293,,,,-2466162,,100394,0,0,,-132935,,,98552,,,,,,,0,0,-0.6060599152924872,0.45770323192442885,0.024752587611242497,,,,,,
1010566,2011,0,1631815,,849778,704731,9415,418485,,-256206,,8582,12876,3108,-437474,-3209,0,,0,33664,,,,,,0,0,-0.001966521940293477,0.005259174600061894,1.2058189578718688,,,,,,
1011174,2011,0,,1844988000,,,,,,1441048000,,319143000,,,29224000,79055000,,,82734000,,,1662732000,,1662732000,,,1.1538352643354004,,,,NaN,-0.020727344138350035,2980008000,325898000,0.045158603601064155,0
1017491,2011,0,18863638,,8191110,10020683,9145683,,,141215806,-219357406,2973708,,1030026,,-18117198,2110396,,8850467,989242,,,,,,0,0,-0.9604296901795931,0.1576423381322309,0.817420329532428,,,,,,
1017712,2011,0,,,,60655000,117764000,,,129354000,53866000,708244000,465081000,232853000,19247000,-8235000,,247089000,,35729000,,,,,,,0,,,NaN,,,,,,
1023860,2011,0,688118000,635986000,,,,,,57792000,1959000,,,,,684000,,,8778000,,,,,,0.924239737951921,0,0,0.000994015561284547,,,,,,,,
1025877,2011,0,565105000,488182000,,,39314000,,,34699000,47883000,,,,,-12330000,,,5113000,,,,,,0.8638783942807089,0,0,-0.02181895399969917,,,,,,,,
1030206,2011,0,78457000,,,8716000,13726000,14788000,11728000,90805000,-26955000,78443000,,,13582000,9739000,9524000,,13000,,,,,,,0,0,0.1241316899703022,0.9998215583058235,NaN,,,,,,
1032208,2011,0,33356000000,,2332000000,4163000000,912000000,258000000,1198000000,2265000000,8225000000,,,,,-16000000,,,367000000,978000000,,,,,,0,0,-0.0004796738218011752,,0.5601729521979342,0.16989337822671155,,28512000000,,0.039036195286195285,0.021675084175084174
1041514,2011,0,781645000,184789000,400089000,291064000,95263000,3622000,82780000,323006000,392343000,44255000,109858000,,83509000,10465000,5700000,64833000,981000,539000,,0,,,0.23641039090635774,0,0,0.013388430809382776,0.05661777405343858,1.3745739768573235,,,,,,
1042773,2011,0,10687000000,,1570000000,1315000000,1000000,304000000,,935000000,,6102000000,,,662000000,230000000,,,,229000000,62000000,2919000000,,2981000000,,0.27893702629362777,3.1882352941176473,0.021521474688874335,0.5709740806587442,1.193916349809886,,,,,,
1050446,2011,0,381566000,,343205000,186570000,224769000,,82056000,149172000,188360000,33284000,142020000,420130000,,0,50566000,,,6200000,,,,,,0,0,0,0.0872299942867027,1.83955083882725,,,,,,
1051343,2011,0,,605962000,,,,,,19288000,13523000,,,,,-10485000,,,9957000,,,,,,,,0,,,,,,,,,
1051473,2011,0,191564396,174227340,,,,,,9933257,2552118,,,,,1053299,,,1668607,,,,,,0.9094975039098602,0,0,0.005498406916909549,,,,,,,,
1052054,2011,0,75042000,14694000,,,10801000,,,-1253000,-47985000,,,,-2770000,5353000,2484000,,547000,,,,,,0.19581034620612456,0,0,0.07133338663681671,,,,,,,,
1052752,2011,0,423178000,108243000,,,2178000,,,,,84170000,,,16719000,47049000,,,,11027000,,,,,0.25578598131282815,0,,0.11118016532050343,0.198899753767918,,,,,,,
1053648,2011,0,3050022,412523,,,454,,,0,-12337512,,,,-1353363,607835,,732523,,,,,,,0.13525246703138535,0,,0.1992887264419732,,,,,,,,
1054721,2011,0,42792000,,,15363000,12918000,,13403000,27035000,-99189000,96774000,77394000,19449000,-1051000,6163000,,12850000,,918000,,,,,,0,0,0.1440222471489998,2.2614974761637687,NaN,,,,,,
1057706,2011,0,15593077000,,,,370283000,,,425009000,293643000,,,,,,,,477532000,,,,,,,0,0,,,,,,,,,
1061983,2011,0,77992000,4595000,51140000,,41819000,,,0,-360650000,4000000,,,26095000,-23080000,39840000,,,1297000,,,,,0.05891629910760078,0,,-0.29592778746538106,0.051287311519130165,,,,,,,
1062047,2011,0,11800000,914400000,705500000,22700000,331700000,,57400000,1111800000,1495500000,24000000,1340900000,,101200000,0,56200000,616400000,16100000,96500000,91000000,121000000,,212000000,77.49152542372882,17.966101694915253,0.1906817772980752,0,2.0338983050847457,31.079295154185022,-0.9954716401872745,-0.9904999406246289,2605800000,2526300000,-0.03565123954255891,0.18021337017422673
1062613,2011,0,2973794000,,185667000,,,22193000,104298000,-218427000,,,,,-406205000,-414945000,,27161000,63807000,21515000,,,,,,0,0,-0.1395338749086184,,,,,,,,
1066254,2011,0,921277000,,,,,,,25926000,,,,,,1502000,,,11888000,,11679000,25500000,,37179000,,0.040355940721411694,1.4340430455912982,0.0016303457049291364,,,,,,,,
1067983,2011,0,24951000000,223686000000,,,38227000000,8975000000,,4440000000,109448000000,62555000000,52647000000,,1659000000,8055000000,,8117000000,703000000,,1490000000,,,1490000000,8.96501142238788,0.05971704540900164,0.3355855855855856,0.32283275219430085,2.5071139433289247,,-0.916023546121251,-0.4196370586161468,297119000000,107786000000,0.01680808026413659,0.005408607325684322
1069202,2011,0,519800000,1237900000,903200000,572900000,160000000,286200000,,900000,642200000,805200000,,833600000,109200000,51100000,49500000,685700000,12800000,8000000,4700000,,,4700000,2.3814928818776453,0.009041939207387457,5.222222222222222,0.09830704116968064,1.5490573297422086,1.5765404084482457,-0.6633201632230067,-0.7660050565226236,1543900000,3441100000,0.07953883023511886,0.0014249627566552238
1069394,2011,0,14993565,3711181,,2244669,,2539190,1198939,11282384,-5741682,11491401,,,,0,70993,,,,,,,,0.24751825199677327,0,0,0,0.7664221951217072,NaN,,,,,,
1083301,2011,0,,,8404194,838915,1291383,2234834,1883428,12192947,9732435,,,,1534239,1113920,512259,5171147,,,,,,,,,0,,,10.01793268686339,,,,,,
1083522,2011,0,11463000,,,,5448000,2386000,1966000,4405000,-53221000,,,4042000,-7226000,,,,,230000,,,,,,0,0,,,,,,,,,
1088825,2011,0,,117062000,,81959000,71221000,13228000,24665000,104000,-779225000,238466000,127490000,110976000,,0,110367000,,,9160000,,,,,,,0,,,NaN,NaN,-0.046845147210475405,310812000,250186000,0.33496454448348195,0
1091801,2011,0,,,109824000,61569000,25384000,5309000,59250000,-775000,-188442000,230813000,,,-8663000,-9596000,,,,3978000,,,,,,,0,,,1.7837548116747064,,,,,,
1091862,2011,0,1202000000,1942000000,1321000000,489000000,180000000,528000000,458000000,4353000000,-2949000000,703000000,,,38000000,120000000,43000000,289000000,63000000,175000000,3000000,,,3000000,1.6156405990016638,0.0024958402662229617,0.0006891798759476223,0.09983361064891846,0.5848585690515807,2.7014314928425356,,,,,,
1092570,2011,0,124420,1929616,,1906132,10987,,,8455329,-10216110,287773,,,,65330,,1381572,81675,62317,,,,,15.508889246101912,0,0,0.5250763542838772,2.3129159299148045,NaN,,,,,,
1094831,2011,0,1405185000,904218000,,,364104000,,,236917000,-23616000,1162322000,,,,21162000,,,24606000,49281000,13600000,,,13600000,0.6434868006703743,0.009678440917032276,0.05740406977971188,0.015059938726929194,0.8271665296740287,,,,,,,
1099160,2011,0,254988907,,32239875,15277762,5892777,,18376987,-2171794,-28451072,97698634,,,22882504,,,,10006091,2652841,,,,,,0,0,,0.38314856575309764,2.1102485429475863,,,,,,
1101246,2011,0,36686632,,30350741,24871512,2599456,5235074,14356352,4337943,12559830,32241333,,8556010,3970420,5739063,,,1251045,,12938582,,,12938582,,0.3526783815968716,2.982653760088595,0.1564347198728954,0.8788305505940147,1.2203014034691577,,,,,,
1101433,2011,0,,,1529549,1662117,477222,,654449,8529965,-13640773,,,,,-1945952,,,,,,,,,,,0,,,0.9202414751789435,,,,,,
1104038,2011,0,199527,,278804,892018,77330,35137,10193,-847664,,53722,,17772,,-665113,10553,,321586,13915,,,,,,0,0,-3.333448605953079,0.26924676860775737,0.3125542309684334,,,,,,
1104485,2011,0,509693965,229023864,80504772,119660595,152110701,,,-62309,7759192,,,,11505288,40611492,,,-585982,298137,,,,,0.4493360324562603,0,0,0.07967818885201045,,0.6727759627135399,,,,,,
1105472,2011,0,504715000,89414000,413526000,,125323000,15434000,53126000,-889501000,-889501000,259696000,113575000,153152000,-11384000,,64410000,,,10104000,,,,,0.177157405664583,0,0,,0.5145398888481618,,,,,,,
1106213,2011,0,241306,,18121,383525,1015,,,0,,0,,,,-5294,,,-184328,,,,,,,0,,-0.021938948886476094,0,0.04724854963822436,,,,,,
1108046,2011,0,51041,2355439,11801,2346936,2628,,0,-2304398,-16560796,2574,,,-1898797,-2880023,10357,,-210451,103834,,,,,46.14797907564507,0,0,-56.42567739660273,0.05043004643325954,0.00502825812037482,,,,,,
1109448,2011,0,7705938000,3086236000,,,650191000,,,-23168000,,2952105000,,,458862000,-36799000,,,3548000,60900000,0,,,,0.4005010162293027,0,0,-0.004775408263082314,0.3830948289487925,,0.06805295678134538,-0.16858108707535988,7214940000,3550683000,0.11631974763476896,0.034509919694411875
1118072,2011,0,1122,112128,348,,1122,,,708,,,,,,0,,,6778,,,,,,99.93582887700535,0,0,0,,,,,,,,
1118233,2011,0,318,115800,318,,0,,,-17000,,0,,,-32083,0,,,,0,,,,,364.1509433962264,0,0,0,0,,,,,,,
1120914,2011,0,,17541000,63460000,,34899000,,22121000,4000,,48438000,26526000,21912000,1328000,22000,17906000,16002000,,,,,,,,,0,,,,,,,,,
1122388,2011,0,,20913000,,14900000,14349000,,4243000,,-40776000,37707000,,39710000,1854000,3620000,10468000,,,1611000,,,,,,,,,,NaN,,,,,,
1125914,2011,0,163815000,53588000,66784000,34101000,36519000,,18795000,73405000,-17643000,2636000,,,44007000,14079000,,,,4752000,,,,,0.3271251106431035,0,0,0.08594451057595458,0.016091322528461984,1.9584176417113868,,,,,,
1127160,2011,0,676701000,632419000,,,40455000,,,-718000,7910000,,,,,0,,,6695000,,,,,,0.9345619409458534,0,0,0,,,,,,,,
1127342,2011,1,542201000,,,40647000,35554000,,7082000,246797000,-649341000,,,,,-181260000,,,18642000,38061000,,,,,,0,0,-0.334304068048565,,NaN,,,,,,
1132143,2011,0,37549000,,2476000,,,,,17199000,-107335000,,,,-25745000,,,,,4123000,,,,,,0,0,,,,,,,,,
1159427,2011,0,1502578000,1404943000,,,16584000,,,119054000,-64425000,,,,,-23121000,,,28279000,,33629000,,,33629000,0.9350216760793783,0.022380868081390785,0.28246845969056056,-0.015387553923989303,,,,,,,,
1163698,2011,0,45975000,,41917000,4773000,37425000,,,40769000,,,,23539000,,-3285000,5886000,,,,,,,,,0,0,-0.07145187601957585,,8.782107689084434,,,,,,
1166789,2011,0,790469000,1158593000,373652000,,11648000,,81031000,-173561000,-1205967000,400003000,,,,48577000,,,,,,,,,1.4657032723610919,0,0,0.06145339032903251,0.5060324946329331,,,,,,,
1174746,2011,0,,23825494000,32605391000,31800314000,,,114456000,44161000,1447423000,647371000,,,300773000,521741000,,33909000,22922000,111357000,,837500000,,837500000,,,18.964697357396798,,,1.0253166368105673,NaN,-0.20380209524793438,14959581000,813078000,0.020119012691598784,0.013937556138771534
1174907,2011,0,2720,,2720,295353,,,,38654,,,,,-209829,-44914,,,,,,,,,,0,0,-16.5125,,0.009209319018259507,,,,,,
1183276,2011,0,13130450,,2994899,,2911464,,,61869,-36616295,,,,-1582556,-1581369,,,,,,,,,,0,0,-0.12043524783994455,,,,,,,,
1212641,2011,0,3452930,37306,1098008,37777,21029,,148924,4095197,718380,,,,-552211,0,,,,,,,,,0.010804157628448883,0,0,0,,29.065516054742304,,,,,,
1224950,2011,0,,498676,261727,,,11174,,,,993621,,,-7887,-6306,,,,487610,,,,,,,,,,,,,,,,
1261379,2011,0,20066030,1292,,,175096,,,,,,,,,-746,,,,,,,,,0.00006438742491663772,0,,-0.00003717725927849206,,,,,,,,
1286043,2011,0,1193266118,658688532,,,15394528,,,375077842,,,,,29982282,-8270830,,,28532440,,,610926613,,610926613,0.5520047222190549,0.5119785132456095,1.6287995306318308,-0.006931253536187306,,,,,,,,
1294538,2011,0,,569471000,56803000,120473000,,7570000,,323000,,,,,,-58476000,,65075000,45540000,53369000,,,,,,,0,,,0.471499838138006,,,,,,
1295810,2011,0,3101240000,1236807000,263853000,,276034000,159000,3001000,-347922000,,,,,58718000,-269608000,,,70174000,127945000,,,,,0.39881047580967616,0,0,-0.08693554836130064,,,,,,,,
12978,2011,0,1827573000,,2014286000,1013301000,462326000,846463000,,-189661000,-533606000,1173956000,,1809180000,146466000,34894000,,,76363000,58869000,,,,,,0,0,0.01909308137075783,0.6423579249638729,1.9878456648123313,,,,,,
1305014,2011,0,1919000000,,3387000000,1687000000,352000000,21000000,1482000000,521000000,-645000000,,,,93000000,141000000,89000000,1442000000,,280000000,83000000,3648000000,,3731000000,,1.9442417926003126,7.161228406909789,0.07347576862949452,,2.007705986959099,-0.8002498178411575,,9607000000,,0.0173831581138753,0.16238159675236807
1316517,2011,0,112273750,56424875,74341448,,2294352,5886506,16999430,1937268,,,,,,0,1908134,,2922960,4714058,28434012,,,28434012,0.5025651588194034,0.25325609948897226,14.677376594255415,0,,,,,,,,
1316835,2011,0,,387579000,235349000,73855000,,,59691000,101224000,-194481000,677886000,621148000,157945000,-63733000,-61854000,,194092000,24939000,,,163801000,,163801000,,,1.6182031929186753,,,3.1866359758987204,,,,,,
1318084,2011,0,708800000,494700000,,,16100000,362300000,215700000,-11000000,147300000,6531600000,6881500000,434100000,28900000,26200000,,142500000,,22400000,,,,,0.6979401805869074,0,0,0.036963882618510156,9.215011286681715,,,,,,,
1324245,2011,0,40421000,749407000,560943000,214134000,371101000,,99682000,775044000,151366000,,,,,169057000,,187701000,1498000,83088000,,538018000,,538018000,18.540041067761805,13.310358477029267,0.694177362833594,4.182405185423418,,2.6195886687774945,,,,,,
1324272,2011,0,240220000,116689000,,,1681000,7358000,,341000,,352975000,,,25803000,0,,,7754000,16499000,,22000000,,22000000,0.48575888768628755,0.09158271584380984,64.51612903225806,0,1.4693822329531263,,,,,,,
1324404,2011,0,8754000000,,,948600000,625000000,304200000,,700000,1370800000,489500000,,55200000,679800000,448500000,,106100000,,59000000,,800000000,,800000000,,0.09138679460817911,1142.857142857143,0.05123372172721042,0.0559172949508796,NaN,2.5087578660467353,-0.8751625819285405,2494900000,3921100000,0.2743997755421059,0.7832378051224498
1324518,2011,0,8033000000,,898000000,1213000000,163000000,195000000,,6123000000,,5715000000,,,600000000,1378000000,,300000000,,553000000,,6823000000,,6823000000,,0.8493713432092618,1.11432304425935,0.17154238765093988,0.7114403087265032,0.7403132728771641,-0.35607214428857714,-0.022575679835813236,12475000000,5847000000,0.1669739478957916,0.23895791583166331
1325702,2011,0,,462893000,389707000,137639000,172172000,68435000,,0,72157000,772831000,526847000,243558000,91391000,74120000,,66640000,24984000,51224000,,,,,,,,,,2.8313704691257566,,,,,,
1326583,2011,0,942202000,,1275724000,167551000,400501000,,121335000,9462373000,-8580513000,,,,,54072000,,,11453000,28185000,,,,,,0,0,0.05738896754623743,,7.613944410955471,,,,,,
1326652,2011,0,31948000,15240000,27775000,12919000,2664000,7368000,,1000,-59167000,,,-7294000,-23916000,0,0,,1960000,1410000,,,,,0.4770251658945787,0,0,0,,2.149934205433857,,,,,,
1328571,2011,0,627990000,,,97886000,51094000,7058000,35523000,-11398000,,406793000,,,87401000,63285000,,,,58016000,,,,,,0,0,0.10077389767352983,0.6477698689469578,NaN,-0.3595506993042652,-0.2409247144088702,980546000,535906000,0.045718405867751236,0
1333274,2011,0,,,,,,,,,,,,,,,,,,,,,,,,,,,,,,,,,,
1338690,2011,0,1015885000,,181745000,154167000,26448000,,125979000,237128000,-60204000,,,,35161000,-6867000,,,48254000,61901000,,500799000,,500799000,,0.492968200140764,2.1119353260686213,-0.006759623382567909,,1.1788839375482432,,,,,,
1339854,2011,0,9177747,,1239,3171007,,,,29748,,0,,,,-7067774,,,22471,,,,,,,0,0,-0.7700990232134314,0,0.0003907276142878272,,,,,,
1340786,2011,0,450002000,115996000,306928000,96079000,46519000,85854000,57654000,-523000,15357000,418134000,303789000,148536000,11825000,40284000,,53079000,,10688000,,,,,0.25776774325447444,0,0,0.08951960213510163,0.9291825369665023,3.1945378282455064,,,,,,
1344413,2011,0,48605000,,42414000,34383000,,,,0,,9514000,,,-47707000,-16625000,,,467000,4850000,,,,,,0,,-0.3420429996913898,0.1957411788910606,1.2335747316988046,,,,,,
1350773,2011,0,80461,353435,,,0,,,86,,,,,-80048,382734,,,14832,,,,,,4.392624998446452,0,0,4.756764146605188,,,,,,,,
1351285,2011,0,,98158000,,92735000,30626000,9928000,51997000,130872000,39069000,268449000,33427000,218844000,20532000,,26239000,,,,,,,,,,0,,,NaN,,,,,,
1353487,2011,0,4131943,,2510461,1036396,,,19050,-5067097,-5097097,,,,,-2937062,84304,,,56930,,,,,,0,0,-0.7108186148744066,,2.4222990053994806,,,,,,
1355786,2011,0,,,,,35873000,,,72479000,,,,,,465000,,,9107000,,,,,,,,0,,,,,,,,,
1355848,2011,0,2299748,,1588446,,,340782,,-911990,,3972663,,2386298,,-692883,,,,208859,,,,,,0,0,-0.30128648878050984,1.727434049295836,,,,,,,
1360565,2011,0,899404,643189,770136,,513076,,222480,1163787,-2157898,,,2348358,676523,0,,1440229,,,,,,,0.7151280181097704,0,0,0,,,,,,,,
1364479,2011,0,5230600000,15200900000,,,594266000,,1616382000,3205964000,-1123234000,5400000,,,,199120000,,641944000,333100000,,,,,,2.9061484342140482,0,0,0.03806829044469086,0.001032386341911062,,-0.6731369176122685,-0.9993665730015818,16002419000,8525055000,-0.07541022391677159,0
1364742,2011,0,178459000000,154534000000,,,2032000000,,,189000000,,,,,1278000000,875000000,,,68000000,,100000000,4690000000,,4790000000,0.865935593049384,0.026840899030029307,25.343915343915345,0.004903086983564852,,,0.0018807123127708787,,178124000000,,0.004401428218544385,0.03045631133367766
1365997,2011,0,534970000,493266000,,,7601000,,,-32453000,-32453000,,,,,-28251000,,,,,,,,,0.9220442267790717,0,0,-0.05280856870478719,,,,,,,,
1366649,2011,0,163342000,178778000,88594000,77484000,24559000,27102000,,-113801000,-215323000,198084000,11412000,105635000,-29263000,-46713000,54562000,,18016000,21219000,,,,,1.094501108104468,0,0,-0.28598278458694026,1.2126948366005068,1.1433844406587166,,,,,,
1368148,2011,0,19106000,,17944000,,8785000,,,-205214000,-218960000,2159000,,,-15615000,-13746000,11920000,,,,,,,,,0,0,-0.7194598555427615,0.11300115147074218,,,,,,,
1373179,2011,0,83196723,5056169,,,,,,,,,,,,,,,,,,,,,0.060773655712377035,0,,,,,,,,,,
1378774,2011,0,,87592000,,,29819000,,,79617000,,,,,867000,-6319000,,,1053000,4072000,,,,,,,0,,,,,,,,,
1379661,2011,0,51900000,,,609800000,143200000,92100000,,,,,,771300000,354900000,,,,159800000,166700000,,250000000,,250000000,,4.8169556840077075,,,,NaN,,,,,,
1384135,2011,0,175898554,,151093314,36471962,12419922,53648549,,2872006,41500015,65221104,,44711917,26691040,22698443,,,925250,1678653,,2281023,,2281023,,0.012967832583774395,0.7942264048194886,0.1290428061165301,0.3707881760074048,4.142725143220976,,,,,,
1388486,2011,0,16513,,16513,353676,16513,,0,34117,-7115677,0,,,,-1896158,,,15866,3024,,,,,,0,0,-114.82819596681402,0,0.046689625532973685,,,,,,
1389170,2011,0,519900000,,866500000,,252400000,,,0,-70100000,,,,351100000,29300000,,,110900000,181000000,,0,,,,0,,0.056356991729178685,,,,,,,,
1389217,2011,0,436990,,420269,502083,,,109556,-1248033,-1248033,,,1149680,-159072,-1096276,,,,,,,,,,0,0,-2.5086981395455275,,0.8370508461748356,,,,,,
1396426,2011,1,2778300000,3735200000,1602400000,933000000,422800000,1059900000,,600000,-1544800000,2435100000,2247200000,187900000,-173900000,-451600000,94300000,270500000,154600000,,,2055100000,,2055100000,1.344419249181154,0.7396969369758486,3425.1666666666665,-0.16254544145700608,0.876471223409999,1.717470525187567,,,,,,
1401521,2011,0,240215000,,,,71644000,,,-431000,53003000,96418000,,,,4057000,,,3177000,,,,,,,0,0,0.016889036904439773,0.40138209520637763,,,,,,,
1402357,2011,0,442,,442,395391,442,,,-214328,,,,,,-56153,,,6719,,,,,,,0,0,-127.04298642533936,,0.0011178807813025588,,,,,,
1405227,2011,0,947237,2139917,16313,1169077,5871,,,4865,-9803499,,,,,-2006033,,314835,198813,320,,,,,2.2591146671846642,0,0,-2.1177730599628184,,0.013953742995542638,,,,,,
1405286,2011,0,2626715,2690280,352133,2685280,4137,441880,154230,35720,-5248881,950797,,,,-16157337,,,-433895,,,,,,1.0241994278024071,0,0,-6.151157243933963,0.3619718926491835,0.13113455580051242,,,,,,
1410567,2011,0,307361213,126805993,,,6438091,,,125714066,,7875143,3123018,,-7847803,-12790815,,,1877750,24690023,,,,,0.4125634193147201,0,0,-0.041614928816668874,0.025621785270609276,,,,,,,
1410997,2011,0,2130575000,730371000,,,31985000,,,-3878000,-166265000,129120000,,,7854000,181000,,,18109000,68940000,,,,,0.34280464193938254,0,0,0.00008495359234009598,0.06060335824836018,,,,,,,
1411494,2011,0,7975873000,3470953000,,,738679000,,,11359000,-2426197000,2109898000,,,,202235000,,,40850000,11472000,,,,,0.43518157824228143,0,0,0.02535584505921797,0.2645350546579666,,,,,,,
14177,2011,0,60523000,32128000,,11651000,13911000,16307000,,23096000,23096000,118263000,,37527000,,4319000,,41569000,,,,,,,0.5308395155560696,0,0,0.07136130066255804,1.9540174809576525,NaN,,,,,,
1418115,2011,0,,,17042,445661,,,1968,-1015851,-2612390,,,396708,,-1008604,9936,,,,,,,,,,0,,,0.03823982803072291,,,,,,
1418134,2011,0,,,20862625,,17932447,645777,1990127,14908,,29657846,,9220588,,5925981,,2068460,,,,,,,,,0,,,,,,,,,
1426011,2011,0,13188,74404,,,,2956,,-93760,-93760,,34003,,,-32537,,48586,,,,,,,5.641795571731877,0,0,-2.4671671216257205,,,,,,,,
1431824,2011,0,238601000,277723000,55870000,41282000,,30795000,17965000,4138000,-167085000,183674000,,14742000,-106198000,-54523000,,15963000,22782000,,9890000,197000000,,206890000,1.1639641074429696,0.8670961144337199,49.99758337361044,-0.22851119651635995,0.7697956001860847,1.3533743520178285,,,,,,
1442634,2011,0,62690,,158265,3191539,1461,,128886,-10396801,-10396801,1004176,,-44264,-2674385,0,,,602756,,,,,,,0,0,0,16.018120912426223,0.04958892872686187,,,,,,
1445635,2011,0,30584,185696,,230952,185,,,27115,,,,,-41854,-93206,,,3195,,,,,,6.071671462202459,0,0,-3.0475411980120324,,NaN,,,,,,
1469038,2011,0,,,,,,,,0,,,,17231,,-54340,,,,,,,,,,,,,,,,,,,,
14693,2011,0,3383000000,1488000000,1527000000,546000000,119000000,651000000,418000000,74000000,2464000000,,,1577000000,661000000,435000000,,548000000,37000000,55000000,188000000,511000000,,699000000,0.4398462902749039,0.20662134200413834,9.445945945945946,0.12858409695536507,,2.7967032967032965,,,,,,
1473490,2011,0,48276,,48276,337737,,,9154,-466122,-466122,40950,,,,-267337,,,218965,,,,,,,0,0,-5.537679178059491,0.8482475764354959,0.14293962461915632,,,,,,
1474735,2011,0,1552793000,,383265000,165390000,81229000,,,-202116000,,,,294654000,112981000,0,14700000,,27397000,,,657229000,,657229000,,0.42325602961888675,-3.25174157414554,0,,2.3173408307636496,,,,,,
1478682,2011,0,10603,,51098,210043,3000,,,325070,,,78603,11000,-61654,-87081,,,2504,,,,,,,0,0,-8.212864283693294,,0.24327399627695281,,,,,,
1481504,2011,0,,,39554,2802,,,1550,100,-38348,,,,,-38223,,,,,,,,,,,0,,,14.116345467523198,,,,,,
1482512,2011,0,1152791000,,,,13705000,,4478000,221731000,-3482000,,,,10208000,-3219000,,,,,,,,,,0,0,-0.002792353514210295,,,,,,,,
14846,2011,0,191012000,55283000,,,58497000,,,121000,-77015000,8135000,,,-24175000,6374000,,,,1686000,,,,,0.2894216070194543,0,0,0.03336963122735744,0.042588947291269656,,,,,,,
1485964,2011,0,545937000,431577000,,,88634000,,,-5213000,53677000,,,,,,,,8687000,,,,,,0.7905252803894955,0,0,,,,,,,,,
1487906,2011,0,0,54525,,141,0,,,-1139,,0,,,-37023,-37358,,,3063,,,,,,,,0,,,NaN,,,,,,
1487952,2011,0,256605000,71783000,174132000,,82245000,49098000,33988000,-13196000,16665000,238107000,,77128000,7301000,59000,,66847000,276000,11465000,,11463000,,11463000,0.2797412365308548,0.044671771789326006,-0.8686723249469536,0.00022992537168020887,0.9279125504179576,,,,,,,
1491471,2011,0,,,27417,12031,,,,-15823,,,,,,-43422,,,,,,,,,,,0,,,2.2788629374116867,,,,,,
1498148,2011,0,128760,102325,41527,326632,0,17135,0,1850,-35065,72256,,0,-35065,-4088407,,4113886,14373,8165,,,,,0.7946955576265922,0,0,-31.752151289220254,0.5611680646163405,0.12713696147346248,,,,,,
1498380,2011,0,,76810,7492,,,,,2400,,,,,,-66056,,,7314,0,,,,,,,0,,,,,,,,,
1499197,2011,0,101096,132234,41096,112234,,,,-31138,,,,,,-159813,,,,,,,,,1.3080042731660995,0,0,-1.5808043839518873,,0.3661635511520573,,,,,,
1505611,2011,0,,27661216,17864748,24103866,,898465,,-2870525,-11576776,58358906,46367738,10852713,-1605973,-5168027,,13597141,,31702,,,,,,,0,,,0.7411569579751232,,,,,,
1515980,2011,0,,1212341000,,,,,,204586000,,,,,,,,,,,,,,,,,0,,,,,,,,,
1517007,2011,0,,,,101501000,42099000,,,,,777408000,,,94915000,0,,126941000,50199000,78719000,,809808000,,809808000,,,,,,NaN,,,,,,
225051,2011,0,135063000,,82081000,31085000,10486000,,,1129000,81784000,429483000,257506000,160939000,36036000,0,,134817000,76000,5307000,,,,,,0,0,0,3.179871615468337,2.6405340196236127,,,,,,
23197,2011,0,53105000,364930000,840819000,154219000,607594000,74661000,70801000,60630000,393109000,0,345472000,241046000,76927000,47525000,46192000,94141000,0,14253000,,,,,6.8718576405234915,0,0,0.8949251482911214,0,5.4521103106621105,,,,,,
24491,2011,0,500525000,,1263980000,651017000,247672000,,,120089000,,,,,130694000,253503000,39748000,,,49778000,,173578000,,173578000,,0.34679186853803506,1.4454113199377128,0.5064742020878078,,1.9415468413267243,,,,,,
278130,2011,0,743577000,,651969000,245388000,155798000,322482000,14814000,-123353000,462751000,,,555387000,-3253000,86847000,,431900000,23726000,33806000,,9500000,,9500000,,0.012776081024561008,-0.07701474629721207,0.11679624302526839,,2.6568903124847183,,,,,,
29002,2011,0,,144349000,426798000,,103496000,140337000,,375644000,,105588000,313150000,121207000,22829000,80264000,27231000,88784000,,,-408000,3265000,,2857000,,,0.007605605307152517,,,,,-0.7560266645100916,,432785000,,
314741,2011,0,,246708,,,458956,,,,,,,,,-465497,,509344,,,,,,,,,,,,,,,,,,
34088,2011,0,127977000000,149831000000,72963000000,62633000000,10693000000,12976000000,25439000000,-176932000000,330939000000,89847000000,,,,41060000000,1012000000,14683000000,38000000,1560000000,7711000000,,,7711000000,1.1707650593466012,0.06025301421349149,-0.04358171500915606,0.32083890073997673,0.7020558381584191,1.1649290310219853,-0.4515028522691719,,233323000000,,0.19380858295153072,0.010611898526934765
39263,2011,0,20317245000,238498000,,,156264000,,,600355000,1354759000,,,,,208764000,,,13101000,,,,,,0.011738697840184532,0,0,0.010275212018164864,,,0.24737215126831114,,16288038000,,0.012724368644031897,0
46619,2011,0,42400000,255485000,259249000,123390000,17500000,164967000,,3033000,240913000,143372000,490450000,,-11729000,54938000,25400000,136010000,,10661000,,,,,6.025589622641509,0,0,1.2957075471698114,3.381415094339623,2.1010535699813597,-0.9421484220436342,-0.7538031448603667,732910000,582347000,0.06618957307172776,0.0753080187198974
48465,2011,0,670398000,,1858166000,778186000,467845000,885823000,461110000,0,2568774000,7220719000,,1238742000,,399776000,25400000,567085000,27995000,1387000,,250000000,,250000000,,0.372912807019114,,0.5963263613554933,10.770794363944999,2.387817308458389,-0.8184214482178624,0.06895968750402486,3692055000,6754903000,0.0773282088159575,0.09479815441535946
5133,2011,0,155530000,,715771000,305081000,60216000,208945000,119779000,449085000,1210110000,1597894000,741645000,,139101000,57198000,,,,39225000,0,225181000,,225181000,,1.4478300006429627,0.5014217798412327,0.3677618465890825,10.273863563299685,2.3461670834958586,-0.8993006141801414,-0.029461266679583747,1544498000,1646399000,0.056340636245563284,0.21283484989944954
55067,2011,0,8623000000,,2915000000,3313000000,334000000,1056000000,,-4000000,6721000000,,,,348000000,1229000000,187000000,,,31000000,,5798000000,,5798000000,,0.6723878000695813,-1449.5,0.14252580308477328,,0.8798671898581346,-0.21222364334003288,,10946000000,,0.10487849442718801,0.4418052256532066
66570,2011,0,183742000,741138000,458849000,,59938000,141475000,192627000,433666000,,434575000,,370099000,,39059000,32784000,,29000,6239000,10163000,342046000,,352209000,4.033579693265557,1.9168671289090138,0.8121665060207626,0.21257524137105288,2.3651369855558335,,-0.790063846220642,-0.61860885148673,875228000,1139447000,0.08046131979324245,0.11247354974932246
700815,2011,0,4375303,6242137,1435087,6307882,282272,,14859,93260,-16396072,58107,,,-1545935,-277802,,,170802,128037,,,,,1.4266753639690783,0,0,-0.06349320264219416,0.0132806802180329,0.22750695082755193,,,,,,
709804,2011,0,368677000,16780000,364894000,,38276000,,4660000,108000,172310000,2593000,,1116000,-8797000,6769000,,9944000,,,,,,,0.04551409499372079,0,0,0.018360244875595712,0.007033256753201312,,,,,,,
711513,2011,0,,5034000000,,,596000000,,,5000000,0,639000000,,,,92000000,,,,,,,,,,,0,,,,,,,,,
712771,2011,0,,1086428000,,,,,,81713000,,,,,,13926000,,,12177000,1451000,41855000,,,41855000,,,0.5122195978608055,,,,,,,,,
715957,2011,0,45614000000,30563000000,5400000000,5773000000,102000000,,1780000000,0,6418000000,2604000000,,,-66000000,475000000,,,,258000000,,17394000000,,17394000000,0.670035515411935,0.3813302933309949,,0.01041346954882273,0.057087736221335554,0.9353888792655465,0.07190863373595902,-0.8361748977665933,42554000000,15895000000,0.04309818113455844,0.3493678620106218
716006,2011,0,,,837959000,675736000,325349000,,476793000,-4598000,-1930202000,,,,-227849000,-351263000,,,,195666000,,,,,,,0,,,1.2400686066747961,,,,,,
734543,2011,0,10883352,,9249143,,8051872,,,10348,,6592274,,,,1410660,,,,40836,,,,,,0,0,0.12961631673771096,0.6057209212749896,,,,,,,
759718,2011,0,829897000,746601000,,,60803000,,,-8589000,-65123000,,,,,,,,8847000,,,,,,0.8996309180536862,0,0,,,,,,,,,
771497,2011,0,881862000,809645000,608756000,443196000,26467000,,552098000,795886000,586625000,,,361729000,7487000,68504000,,241526000,15805000,350000,,,,,0.9181085022373116,0,0,0.07768108842426592,,1.3735593281527811,-0.4202673892764239,,1521153000,,0.02986813292285523,0
795266,2011,0,2512542000,,,,908430000,,,717852000,519844000,,,,,-178768000,,247886000,,,,,,,,0,0,-0.07115025340869924,,,-0.2687572631926354,NaN,3435989000,3033936000,-0.2840902575648525,0
806175,2011,0,4796974,5526114,417423,5466163,75762,435414,148833,-41236329,-48114561,,,473834,-6612528,-9131354,,,,516953,,34904,,34904,1.151999989993692,0.007276253738294183,-0.0008464381007339426,-1.9035654560562554,,0.07636490166868423,,,,,,
814453,2011,0,3605400000,,2132000000,,7400000,701600000,997900000,1849100000,,791000000,3509500000,2030100000,300200000,0,128800000,1515300000,,32200000,135000000,2176800000,,2311800000,,0.6412048593776003,1.2502298415445352,0,0.21939313252343706,,-0.43875215990286276,-0.8777547677186042,6423900000,6470600000,-0.008141471691651489,0.3138124815143449
82020,2011,0,,60204000,,16018000,36223000,,15595000,-417000,114724000,132594000,88578000,36041000,,,,8846000,2886000,13611000,,,,,,,0,,,NaN,,,,,,
829325,2011,0,1489582,5099743,,,,11060,,-20950,-17123265,1240832,326896,814282,46484,-621781,,,,,,,,,3.423606756794859,0,0,-0.41741978622190656,0.8330068435306012,,,,,,,
842722,2011,0,69425,,207171,250871,8619,,,50926,-10051597,0,,,,0,,,,,,,,,,0,0,0,0,0.8258068887994228,,,,,,
858655,2011,0,551543000,285694000,411435000,71431000,7058000,250051000,62851000,265849000,102677000,438633000,416150000,53831000,15533000,,3120000,35470000,150000,,,,,,0.5179904377355891,0,0,,0.7952834139858542,5.759894163598438,,,,,,
865917,2011,0,36636000,,,3923000,27812000,,3186000,,-57551000,15766000,2113000,13653000,4045000,702000,,,,309000,,,,,,0,,0.019161480510972814,0.43034174036466866,NaN,,,,,,
870732,2011,0,16821175,8961740,164692,,142488,,,-20228381,-19322589,1998836,,,,-905792,,,483645,631256,,,,,0.5327653983743704,0,0,-0.05384831915725269,0.11882855983603999,,,,,,,
873303,2011,0,54368000,,37838000,20601000,33589000,,3633000,15732000,,,,,-20934000,-2318000,35972000,,,1463000,,1842000,,1842000,,0.033880223660977045,0.11708619374523264,-0.04263537374926427,,1.836706955973011,,,,,,
876134,2011,0,5503,,4155,79086,2953318,,,233210,-1077063,92,,92,-69435,0,,6331,,,,,,,,0,0,0,0.01671815373432673,0.052537743722024126,,,,,,
876378,2011,0,993000,,507000,469000,871000,91000,,0,,0,,,-5345000,-2366000,3367000,2617000,48000,,,,,,,0,,-2.382678751258812,0,1.0810234541577826,,,,,,
878004,2011,0,852929657,,217998137,,12070713,,35140119,,,,,,4768382,,,,20606349,,,296090108,,296090108,,0.3471448150149151,,,,,,,,,,
882095,2011,0,17303134000,,,2464950000,907879000,1389983000,1621966000,910000,1183730000,456647000,,,3529221000,0,16000000,1241983000,69662000,,,,,,,0,0,0,0.02639099945709257,NaN,0.7840932864356447,-0.914417467085227,9698559000,5335750000,0.20404051777176382,0.0005760649597532995
884731,2011,0,,,307567000,16397000,306256000,,,-89016000,-556963000,,,,,-80008000,57985000,,206000,2800000,,,,,,,0,,,18.7575166188937,,,,,,
884887,2011,0,19694904000,,969288000,675000,419929000,,,-319936000,5823430000,7537263000,,,802633000,607421000,,848079000,31814000,643716000,,542483000,,542483000,,0.027544333295557062,-1.6955984946989398,0.03084153139309539,0.38270117996005465,1435.9822222222222,0.0801497507828176,0.15380545807325652,18233494000,6532525000,0.03146528032422091,0.4203009582255601
886163,2011,0,120583000,104054000,32230000,43643000,7041000,1301000,,3744000,-691947000,23538000,,,-29304000,-1948000,39870000,,2508000,2790000,,,,,0.8629242928107611,0,0,-0.016154847698265924,0.1952016453397245,0.7384918543638155,,,,,,
887150,2011,0,,29151000,,15203000,33720000,,13150000,-14073000,,,,,-21106000,-9960000,,28156000,329000,2726000,,,,,,,0,,,NaN,,,,,,
887733,2011,0,1093003000,,627899000,191931000,12031000,285964000,192422000,555310000,45319000,1628652000,1008482000,515166000,85175000,1661000,,394092000,38044000,28869000,,400106000,,400106000,,0.36606120934709235,0.7205092650951721,0.0015196664602018476,1.4900709330166524,3.2714829808629142,,,,,,
894847,2011,0,1340000,2036104,0,2036104,0,,,0,,,,,,-578605,,,,,,,,,1.5194805970149254,0,,-0.431794776119403,,0,,,,,,
895456,2011,0,168579429,63575871,119505463,16575741,4362531,58852556,47593807,116659611,,229485575,,84557356,17069455,8306895,,75072208,7500513,,,,,,0.3771270989415915,0,0,0.04927585203767655,1.3612904988544006,7.209660370537884,,,,,,
899629,2011,0,192154000,884010000,,,93808000,,26415000,40000,39317000,,,,,50667000,,,13786000,4839000,,787910000,,787910000,4.600528742571063,4.100409046910291,19697.75,0.26367913236258417,,,,,,,,
903651,2011,0,,,,10719000,14120000,,,21159000,20412000,73942000,,,8250000,4471000,,19082000,28000,3713000,,1604000,,1604000,,,0.07580698520724041,,,NaN,,,,,,
908255,2011,0,1104100000,,2137800000,1392300000,357400000,454300000,238000000,2453000000,,,,1093300000,50800000,396200000,155200000,621000000,,268600000,80000000,149400000,,229400000,,0.2077710352323159,0.09351814105177333,0.3588443075808351,,1.5354449472096532,-0.7705241717587397,,4811400000,,-0.007399093818846905,0.17506339111277383
909724,2011,0,40595574,,28768716,6897937,7891962,,1328579,5736543,31181936,54482739,,40337159,7706650,4752601,,,-248576,1016561,,3307500,,3307500,,0.08147439915494235,0.576566758063175,0.11707190049831541,1.3420856914105956,4.170626087190996,,,,,,
909791,2011,0,,,332586000,,58780000,41285000,,199968000,5193000,95813000,,71641000,-1102000,39230000,,27333000,15000,,,,,,,,0,,,,,,,,,
910612,2011,0,325395000,5524398000,,,48062000,,74160000,1479000,-399581000,1063182000,,,406937000,98170000,,,50221000,,,4489355000,,4489355000,16.977513483612224,13.79663178598319,3035.3989181879647,0.30169486316630556,3.2673581339602635,,-0.9579000687013123,-0.06093762972829265,7729110000,1132174000,0.004086757725016205,0
910638,2011,0,346350000,,261380000,,179120000,,51195000,23000,,66665000,85892000,49730000,1279000,35420000,,35528000,2090000,11502000,,,,,,0,0,0.10226649343149993,0.19247870651075502,,,,,,,
911147,2011,0,136592000,,,,21461000,273000,,112540000,31126000,60692000,,,4265000,1022000,,20493000,802000,,,,,,,0,0,0.007482136581937449,0.4443305610870329,,,,,,,
915778,2011,0,222555000,,114332000,36362000,33912000,,,-38937000,-49127000,193861000,,87911000,-22927000,-16242000,56148000,,,,,,,,,0,0,-0.07297971287996226,0.871070072566332,3.14427149221715,,,,,,
915862,2011,0,1934345000,,482915000,271734000,200637000,130949000,92118000,406364000,100562000,8138500000,,,-147836000,9815000,,,87491000,120605000,,715275000,,715275000,,0.3697763325570154,1.7601829886505695,0.00507406900010081,4.20736735173922,1.7771607527950128,,,,,,
918946,2011,0,1506911000,1215746000,915906000,,,311804000,,-84639000,-255974000,3166579000,2892052000,314623000,36633000,26556000,,269662000,,,,,,,0.8067802278966707,0,0,0.01762280585913833,2.1013709502419187,,,,,,,
921825,2011,0,2750054000,1857910000,,,3182000,,3062000,0,,,,,,5733000,,,100127000,125298000,,,,,0.6755903702254574,0,,0.0020846863370682905,,,,,,,,
923284,2011,0,1159906000,853843000,,,13566000,,,3710000,,,,,44352000,-7184000,,,,50987000,,13819000,,13819000,0.7361312037354751,0.011913896470920919,3.724797843665768,-0.0061936053438813145,,,-0.004738173443576094,,1165428000,,0.026106288848388746,0
927472,2011,0,11159487,92997506,,11166411,2679302,,,-922192,,0,,,,-24864935,10198477,17400801,,,,,,,8.333492928483182,0,0,-2.228143193320625,0,NaN,,,,,,
929887,2011,0,33114000,2025717000,2370786000,1655287000,1571664000,,264377000,-1757277000,4320472000,75800000,,,1010724000,572427000,,,8931000,145564000,416361000,,,416361000,61.17403515129553,12.573564051458598,-0.23693532664457567,17.286555535423084,2.2890620281451954,1.4322507214760944,-0.9898528426228413,-0.9758093032696376,3263377000,3133436000,0.14602205016459943,0.14137655563546597
931584,2011,0,,181366000,,,14272000,,29273000,159623000,120376000,252596000,117901000,,29687000,,,17761000,452000,4859000,,91650000,,91650000,,,0.5741653771699567,,,,,,,,,
931755,2011,0,,,,350601,,,,,,,,,458933,,,,,,,,,,,,,,,NaN,,,,,,
943535,2011,0,212,,0,226602,,,,28780946,-73344216,0,,0,115415,0,,82245,,,,,,,,0,0,0,0,0,,,,,,
944130,2011,0,179281000,169803000,,,11167000,,,1509000,-3746000,,,,,-1616000,,,,,,110280000,,110280000,0.9471332712334268,0.6151237442896905,73.08151093439363,-0.009013782832536633,,,,,,,,
945764,2011,0,,,,661267000,18693000,,164446000,0,1336142000,,,,,573333000,,,47430000,238323000,,,,,,,,,,NaN,NaN,NaN,4269978000,1371056000,0.09095971923040352,0.5694816226219432
946840,2011,0,1287574000,396439000,,72122000,275839000,60316000,43879000,-3414000,173862000,,,,32130000,140659000,,89316000,11616000,31206000,,153453000,,153453000,0.30789608985580635,0.11917994616231765,-44.9481546572935,0.10924342989218484,,NaN,,,,,,
948368,2011,0,621093000,572505000,,,38205000,,,1934000,46111000,,,,,5305000,,,,2126000,,,,,0.9217701696847332,0,0,0.008541393961934847,,,,,,,,
949961,2011,0,,43555,,,1,,,73532,11574,,,,-1317,920,,,-1116,18,,,,,,,0,,,,,,,,,
96021,2011,0,5828384000,,5076258000,1646475000,0,2073766000,,-4337729000,,-462021000,,0,84207000,-1512739000,,,125477000,389976000,181975000,,,181975000,,0.031222204988552573,-0.041951675634877145,-0.2595469001356122,-0.07927085792562741,3.0831066369061175,-0.41777962692601806,-1.0123132997501127,10010615000,37522111000,0.11049780657831712,-0.0009153283789257703
1006459,2012,0,10835677,13085265,4280500,8850708,2679057,,,-3387681,-72704130,22000484,17894910,4105574,-2947395,-4385115,,,,0,,229773.75,,229773.75,1.2076093630328775,0.021205297094034826,-0.0678262652239098,-0.4046922956452098,2.0303746595621113,0.48363362569412527,,,,,,
1018399,2012,0,1489163000,1361715000,,,32610000,,,107664000,78999000,,,,,10640000,,,10060000,,,,26366000,26366000,0.9144163533474845,0.017705247847280652,0.24489151434091247,0.007144953238832821,,,0,,1489163000,,,0
1023128,2012,0,1146133000,779012000,648191000,456584000,12776000,506484000,99407000,307038000,80877000,2036622000,1673676000,362946000,46470000,13719000,,284163000,610000,574000,,295058000,,295058000,0.67968726142603,0.25743783662105535,0.960982028283144,0.01196981502146784,1.7769508425287466,1.4196533387065688,0,30.20112142660171,1146133000,65274000,0.05135529646210344,0
1029142,2012,0,134102000,34222000,124618000,27219000,36720000,,9527000,6376000,-365542000,23950000,,,-47589000,-57308000,53680000,,1654000,1415000,,,,,0.2551938076986175,0,0,-0.42734634830203877,0.17859539753322098,4.578346008303024,0.5917340265166352,0.10807809752937911,84249000,21614000,-0.6802217236999846,0
1030916,2012,0,520258,,59778,0,259948,,,0,-3293586,,0,0,-1357165,-10985,,,6344,,,,,,,0,,-0.021114523947733624,,,47.54964539007092,,10716,0,-3.3384658454647256,0
1032220,2012,0,128088000,244187000,391276000,163893000,189312000,,172705000,8268000,401248000,163482000,762202000,172456000,49922000,76133000,,65551000,,9055000,,1558000,,1558000,1.9064002873024795,0.012163512585097746,0.1884373488147073,0.5943804259571545,1.2763256511148586,2.3873868926677773,-0.3980572486618325,-0.4850814668762264,212791000,317491000,0.3308833550291131,0.007772885131420032
1046050,2012,0,736954000,646635000,,,111786000,,,16229000,23866000,,,,,1089000,,,10961000,,,,,,0.8774428254680754,0,0,0.0014777041714951,,,-0.007719268009269046,,742687000,,-0.003084744986784473,0
1049782,2012,0,3299013000,2792011000,,,66521000,,,503602000,,,,,,27641000,,,34567000,1600000,,506919000,,506919000,0.8463170651343296,0.15365777582567877,1.006586550490268,0.008378566559149661,,,0,,3299013000,,0.008378566559149661,0
1055454,2012,1,463521000,395575000,219684000,237191000,21035000,111266000,62826000,24052000,-79483000,,,283014000,-391429000,-356273000,,304451000,28157000,29650000,,198036000,,198036000,0.853413329708902,0.42724277864433324,8.233660402461334,-0.7686232123247921,,0.9261902854661433,,,,,,
1056386,2012,0,356710000,164540000,61581000,41281000,73926000,,18539000,184402000,-1041872000,244164000,,,-896000,-3622000,1900000,,2170000,30158000,,67300000,,67300000,0.4612710605253567,0.18866866642370553,0.36496350364963503,-0.010153906534720081,0.6844888004261165,1.4917516533029722,1.517254032997897,-0.047198342302124024,141706000,256259000,-0.025559962175207826,0.3908303106431626
1061069,2012,0,53367000,,21209000,13190000,5565000,,12885000,38977000,-18501000,53986000,44979000,,78000,776000,,7266000,14000,1663000,,,,,,0,0,0.01454082110667641,1.0115989281765885,1.6079605761940865,,,,,,
1062822,2012,0,430512000,132944000,285790000,21390000,100554000,,350000,733874000,-789621000,4908000,,,-95718000,-101775000,78520000,,2719000,5394000,,23451000,,23451000,0.3088044003419185,0.054472349202809675,0.03195507675704549,-0.2364045601516334,0.011400379083509868,13.36091631603553,0,0,430512000,4908000,-0.19228267737020105,0
1065078,2012,0,29129000,1731000,22133000,,21348000,,760000,20695000,-30575000,,2106000,5292000,1533000,8493000,,,,9000,,,,,0.059425314978200416,0,0,0.29156510693810295,,,,,,,,
1068851,2012,0,9822671000,8255406000,,,195317000,,,1351245000,623878000,,,,,127708000,,,66389000,8313000,,,,,0.840444111382739,0,0,0.013001351669011412,,,0.03652153964534855,,9476572000,,0.013476181049434332,0
1071255,2012,0,116000000,6911000,46485000,2343000,45233000,,,108739000,-95272000,35573000,,,-10311000,-1845000,,9458000,,297000,,,,,0.05957758620689655,0,0,-0.015905172413793103,0.30666379310344827,19.839948783610755,-0.08406108365049034,0,126646000,35573000,-0.01456816638504177,0
1072627,2012,0,374081000,257676000,,,140567000,,,123433000,-201208000,228547000,,,,-20138000,,,,2271000,,8845000,,8845000,0.6888240782076609,0.023644611728475918,0.07165830855605876,-0.05383326071091555,0.6109559159647242,,,,,,,
1073967,2012,0,694372000,575471000,146229000,97005000,124996000,,23747000,116446000,-397088000,214386000,64771000,149615000,2912000,-9267000,31584000,,26201000,73535000,,442765000,,442765000,0.8287646967331632,0.6376481194518212,3.8023203888497674,-0.013345872241392222,0.30874804859642957,1.5074377609401577,-0.07174110371545793,-0.023480807685124873,748037000,219541000,-0.012774769162487952,0.42243899700148524
1075415,2012,0,318724000,1910442000,148252000,189331000,10494000,,,1900650000,907937000,340113000,,,198283000,,,,80017000,90409000,,122713000,,122713000,5.994032454411967,0.385013365796112,0.06456370189145819,,1.0671082190233556,0.7830307767877421,-0.727118461224972,-0.7023706179883438,1167994000,1142740000,,0.10506303970739576
1076481,2012,0,248955000,,197474000,232000,116647000,5605000,,62000,-792287000,44905000,18306000,29516000,3104000,-44154000,53313000,,35000,2084000,,902000,,902000,,0.003623144745034243,14.548387096774194,-0.17735735373862746,0.18037396316603402,851.1810344827586,,,,,,
107815,2012,0,10170700000,,1170000000,1023100000,18300000,,274200000,2804200000,1902300000,,,,489200000,315400000,,,101500000,216200000,,2287000000,,2287000000,,0.2248616122784076,0.8155623707296199,0.031010648234634786,,1.1435832274459974,-0.1278245135619528,,11661300000,,0.027046727208801764,0
1079282,2012,0,181952,1484993,40256,1841238,0,,,9,26547311,0,,,-894460,-1353727,17715,,62829,0,,,,,8.161454669363348,0,0,-7.440022643334506,0,0.021863550502433687,-0.995647152984659,,41800688,0,0.9766979672679071,0
1082278,2012,0,6505026,2432873,5034621,2432873,13328,2431027,1204734,172522,-53098109,11885665,9712850,2172815,-5612564,-9127088,692977,3891814,3506074,735029,,,,,0.373998966337721,0,0,-1.4030824780715712,1.8271510367521975,2.069413816504191,-0.29504460057798526,0,9227571,11885665,-1.0238491798112417,0
1084031,2012,0,696895,1487876,426742,461751,65660,219209,,-206736,-15723901,403554,,289036,-2125827,-2221545,199974,,,,,,,,2.135007425795852,0,0,-3.187775776838692,0.5790743225306538,0.9241820808184498,-0.02416295713371542,0,714151,403554,0,0
1086745,2012,0,51062997,29910435,39369452,29686874,5584309,1972905,22474024,1038428,-47143662,84091722,83666001,,-38229585,-36831421,,19962272,865093,2223376,,,,,0.5857555716911799,0,0,-0.7212937579829088,1.646823080125908,1.3261568732362996,,,,,,
1087934,2012,0,58414000,23812000,33412000,16741000,10852000,,12916000,15846000,-76817000,81704000,46593000,35111000,-1403000,-1507000,5271000,,287000,4900000,,2528000,,2528000,0.40764200362926695,0.04327729653850104,0.15953552947115993,-0.025798609922278906,1.3987057897079467,1.995818648826235,0.43930023407662927,-0.08182277912007642,40585000,88985000,-0.0719970432425773,0
1088312,2012,0,31088258,16603768,11028537,16603768,2177729,1532384,6412599,836514,-61228904,,,609680,-5257457,-7842441,,5913562,609447,,3831042,,,3831042,0.5340848625226926,0.12323115692104716,4.579770332594553,-0.2522637646663895,,0.6642189291009125,,,,,,
1089531,2012,0,136230269,,122618722,9227988,9151536,108088420,896949,127002281,,788968746,745497529,42247799,37361755,26191876,,3931824,441838,,6343578,,,6343578,,0.046565113954227015,0.04994853596369659,0.19226179462363097,5.791434985715252,13.287698466881405,0.6156568449836118,,84318814,,0.32296030634396733,0.07523324509758877
1091801,2012,0,222314000,68173000,109824000,51901000,25384000,7225000,48237000,143820000,-188442000,230813000,,,-8663000,-9596000,,,,4632000,,,,,0.3066518527847999,0,0,-0.04316417319646986,1.0382297111293035,2.1160285928980174,,0,,230813000,,
1095007,2012,0,47890346,641185,,,,,,,,,,,,289639,,,,,,,,,0.01338860654713165,0,,0.00604796215086857,,,,,,,,
1095130,2012,0,2586,13504714,2586,13504714,2586,,,-13502128,-37385141,134480,130245,4235,-2220208,-7001365,0,2224443,2649627,44127,,,,,5222.240525908739,0,0,-2707.4110595514308,52.0030935808198,0.0001914886905416879,,,,,,
1097792,2012,0,16742908,17157055,11392698,,487171,168846,253095,-6167256,-12641129,15610936,7614584,7996352,-4137966,-4157034,,11767026,19068,868045,,,,,1.0247356671851748,0,0,-0.24828625947177158,0.9323909562185971,,0,0.5822570795677585,16742908,9866245,-0.30500854451329484,0
1098880,2012,0,4570000,666000,4296000,666000,1144000,,263000,1476000,-12213000,440000,,,,-2452000,1524000,,3000,,,,,,0.14573304157549233,0,0,-0.5365426695842451,0.0962800875273523,6.45045045045045,1.5041095890410958,-0.6709050112191474,1825000,1337000,-1.6964383561643837,0
1100179,2012,0,620011000,603588000,76982000,131436000,1000,,,16423000,,,,,,0,,830000,37259000,,,,,,0.9735117602752209,0,0,0,,0.5856995039410816,,,,,,
1101433,2012,0,2999707,,1529549,1662117,,,654449,-3926555,-13640773,8964181,,4815572,-219891,-752381,,,,702802,,,,,,0,0,-0.25081816324060985,2.9883521957311165,0.9202414751789435,,,,,,
1111335,2012,0,4969000000,,2489000000,1553000000,962000000,381000000,1071000000,1307000000,166000000,246000000,-1204000000,297000000,,-662000000,326000000,67000000,48000000,316000000,87000000,512000000,105000000,105000000,,0.021131012276111895,0.08033664881407804,-0.13322600120748643,0.049506943046890725,1.6027044430135222,,-0.9308794605226187,,3559000000,,
1112372,2012,0,1021325,1653764,400964,1671476,303497,316440,,-13172164,-13062171,437378,,737365,-465636,-109993,,710025,,134119,,177247,,177247,1.619233838396201,0.17354612880327025,-0.013456179258017134,-0.10769637480723569,0.4282456612733459,0.2398861844262197,0,,1021325,,0,0
1117228,2012,0,33958,,31343,54839,,,,-5567560,-6436496,,,0,-472688,-396085,,,382,2266,,,,,,0,0,-11.663967253666293,,0.571545797698718,,,,,,
1122976,2012,0,1671900000,,840200000,442600000,222700000,243300000,321000000,588300000,-84900000,2621900000,,428800000,174600000,162600000,33800000,296200000,31500000,55200000,,707000000,,707000000,,0.42287218135055926,1.2017678055413905,0.0972546204916562,1.568215802380525,1.8983280614550384,4.916135881104034,3.853572750833025,282600000,540200000,0.7710544939844303,1.2738853503184713
1123979,2012,0,67646000,,56246000,19991000,25075000,,2434000,17507000,-221603000,28862000,,,-11005000,,26636000,,,,,,,,,0,0,,0.4266623303669101,2.813566104747136,0,,67646000,,,0
1124804,2012,0,2503624000,1026904000,657781000,497040000,71159000,,362793000,700370000,-16377000,704502000,315658000,388844000,104583000,62870000,49206000,224995000,1993000,9161000,,367341000,,367341000,0.4101670218850754,0.1467237093109828,0.5244956237417365,0.025111598227209837,0.2813928928625065,1.3233965073233542,0.03515978544497262,,2418587000,0,0,0.19009032960154007
1126115,2012,0,6565,36142,6565,10225,0,,,0,,0,,,-6506,-2686,,,100,,,,,,5.505255140898705,0,,-0.40913937547600915,0,0.6420537897310513,,,,,,
1126741,2012,0,145845000,13662000,97478000,10859000,25952000,16725000,10241000,54004000,74261000,24805000,45891000,44754000,6656000,3846000,10637000,13696000,,2611000,,,,,0.09367479173094724,0,0,0.026370461791628098,0.17007782234564092,8.976701353715812,0.027678149904521658,-0.699479040465229,141917000,82540000,0.07316248229598991,0
1133311,2012,0,68348000,,59864000,30603000,19776000,,13340000,30771000,43484000,,,105531000,23512000,13157000,,,,2389000,,,,,,0,0,0.19250014631006027,,1.9561480900565305,,,,,,
1136294,2012,0,316150000,57496000,200542000,51593000,10500000,5354000,52573000,136478000,188487000,482470000,395189000,87281000,41096000,40635000,500000,47662000,,4060000,,,,,0.18186303969634668,0,0,0.12853076071485053,1.5260793926933418,3.887000174442269,,0,,482470000,,
1140414,2012,0,14129733,6746219,531627,6810654,12989,,388792,980472,-15624278,,,,-5170042,-9281342,,,,1045542,,,,,0.4774484415239835,0,0,-0.6568660568462263,,0.07805814243389841,,,,,,
1141107,2012,0,1360810000,444605000,859545000,157856000,500565000,115912000,152437000,991369000,-65268000,382285000,663417000,424089000,109905000,64128000,140468000,137694000,17965000,,,209766000,,209766000,0.3267208500819365,0.15414789720828037,0.21159225273334148,0.047124874155833656,0.28092459638009715,5.445120869653355,-0.044433380825750116,3.6844059405940595,1424087000,81608000,0.0637383811522751,0.14227712211402815
1141615,2012,0,792018,821330,44496,,4457,,20036,,,368640,,,,6271,,,3613,257570,,,,,1.037009259890558,0,,0.007917749344080564,0.46544396718256403,,0.2756193135971164,,620889,,,0
1145460,2012,0,6330374000,,1293727000,624452000,492773000,320269000,475824000,2229234000,-1486791000,2155347000,1013611000,1134587000,-951089000,-1017310000,133278000,,139435000,366188000,6240000,150000000,,156240000,,0.024681006209111817,0.07008685494658703,-0.1607029853212464,0.34047703974520305,2.0717797364729393,27.820671349938767,12.908605168909109,219647000,154965000,-0.6069238368837271,1.1665991340651136
1156388,2012,0,394064000,237474000,298666000,141757000,5765000,264278000,,131861000,79037000,,,297712000,34224000,20562000,,263488000,2108000,18627000,,,,,0.6026279995127695,0,0,0.052179341426773315,,2.106887137848572,,,,,,
1163165,2012,0,156314000000,87481000000,30218000000,28068000000,542000000,4631000000,,65239000000,49049000000,63335000000,,,,11358000000,172000000,809000000,140000000,8004000000,1013000000,,,1013000000,0.5596491677009097,0.006480545568535128,0.015527521881083401,0.07266143787504638,0.4051780390751948,1.076599686475702,161.15145228215766,-0.50209899059778,964000000,127204000000,8.549792531120332,1.0508298755186722
1168081,2012,0,1937143,7420743,150682,1350461,12300,,0,-5996244,,0,,,-1287676,-4776074,,,-688994,67573,,,,,3.8307667528933074,0,0,-2.4655247444303288,0,0.11157819440916843,0.03504299626300654,,1871558,,-1.5279302057430226,0.26512082446817037
1168220,2012,0,7062420,2961031,1349456,2053867,641441,799483,45421,7406263,-44931627,484536,,,-4014133,-4070092,946553,2276806,67300,,,1841162,,1841162,0.41926577575392004,0.26069845746925274,0.248595276727278,-0.5763027404204225,0.06860764440517557,0.6570318331225926,0,-0.6888728788582195,7062420,1557357,0,0
1222840,2012,0,5941894000,3804851000,,,125904000,,,2135024000,,595567000,,,144474000,-95843000,,,239469000,223485000,,2926218000,,2926218000,0.6403431296485599,0.49247226557727214,1.3705785040355518,-0.016130042037101302,0.10023184526684589,,-0.06966548068558516,-0.058286384716703374,6386836000,632429000,-0.011363686182015633,0
1263872,2012,0,4672901,4594007,4915883,4535658,43578,0,47949,1220848,-2573759,202636,,42556,-404382,-197404,,404382,6185,,,,,,0.983116697743008,0,0,-0.04224442161304081,0.04336406870164808,1.0838301741445233,-0.03049814944255056,-0.9828669623464811,4819899,11827208,-0.07001453764902543,0
1267426,2012,0,,,,,,,,,,,,,,,,,,,,,,,,,,,,,,,,,,
1282648,2012,0,267174000,,20306000,27926000,129000,4310000,10288000,222984000,-4268000,111141000,,,24526000,2417000,,,,,,202000000,,202000000,,0.7560615928196606,0.9058945933340509,0.009046538959629305,0.4159873340968807,0.7271360022917711,-0.002345016093979881,,267802000,,-0.21800808059685886,0.7542886162164584
1287213,2012,0,359017000,,103462000,32611000,69073000,24005000,34019000,108222000,39742000,176795000,116494000,60301000,21408000,9843000,,26509000,,11705000,,122937000,,122937000,,0.3424266817448756,1.1359705050729056,0.027416529022302565,0.49244186208452523,3.1726104688602006,0.03153058673784561,0.014070046230971309,348043000,174342000,0.004775272020985912,0.3447016604270162
1289419,2012,0,1172084000,315068000,612033000,270633000,130496000,,113312000,855370000,409022000,555351000,157068000,,121059000,86370000,49244000,,281000,39664000,,,,,0.26881008528398986,0,0,0.0736892577665082,0.4738150166711601,2.2614869583531942,,11.680115076375094,,43797000,,
1297735,2012,0,1222029000,376875000,90350000,32892000,101092000,,4280000,,,337088000,,,8830000,-36747000,,110499000,45592000,46382000,,342353000,,342353000,0.30840102812617376,0.28015128937201983,,-0.03007048114242788,0.275842880979093,2.746868539462483,-0.027359055971690614,,1256403000,,0,0.2830445326857704
1297965,2012,0,53750,781750,74947,764039,0,,,8,-5230353,0,,,-1607224,-1431432,,,-55277,0,,,,,14.544186046511628,0,0,-26.631293023255814,0,0.09809316016590776,-0.9601106956026773,,1347479,0,-1.0623037538989475,0
1298946,2012,0,2798635000,,,,177380000,,,1175506000,-207945000,,,,25585000,-9172000,,,35425000,88464000,,1042933000,,1042933000,,0.37265774207783436,0.8872204820732519,-0.0032773119753022454,,,0.15904272700052058,,2414609000,,-0.0037985446090857775,0.3233981153884542
1298978,2012,0,42691000,7573000,25561000,7229000,16687000,,729000,48331000,-38955000,34025000,,,-14730000,-14245000,8209000,,,2537000,,,,,0.17739101918437142,0,0,-0.3336768874001546,0.7970063947904711,3.5358970812007193,,0,,34025000,,
1301712,2012,0,9965432,4221724,9503132,4221724,1067437,,798004,4314091,-12869406,21401002,,7961440,1455455,1122167,365481,,94407,132483,,,,,0.42363682778629164,0,0,0.11260595626963286,2.1475237601340313,2.2510074083478693,,0,,21401002,,
1301991,2012,0,1226224,,1638751,1142316,,,,1260866,-8566464,,,,-2709913,-35978,302381,,5845,,,,,,,0,0,-0.029340479390388707,,1.4345864016611867,,,,,,
1314052,2012,0,13153,2888324,200605,,,,,8383663,,,,,-4321491,-91625,2597279,,138341,1657,,,,,219.59431308446742,0,0,-6.966091385995591,,,-0.9352193420968385,,203039,,-35.9888839090027,0
1320854,2012,0,345463000,148129000,200287000,69698000,98015000,72877000,10125000,206253000,155209000,142889000,140167000,2722000,-21497000,-12771000,849000,24618000,-965000,7015000,,,,,0.4287839797604953,0,0,-0.036967779472765534,0.4136159299259255,2.8736405635742774,0.11209008411585003,0,310643000,142889000,0.01588640336334635,0
1326250,2012,0,11752751,5707110,,,903678,,,4305473,-13376285,3366941,,,,14280,,,46072,64654,,,,,0.4855977974858822,0,0,0.0012150346757112442,0.28648109706399805,,0.27562660392848787,0.07942799252370006,9213316,3119190,0.0015499305570328859,0
1327471,2012,0,302175000,,128245000,62171000,13134000,15430000,,1776000,-182846000,108573000,117938000,128690000,-7816000,530000,19454000,,900000,28266000,,,,,,0,0,0.0017539505253578223,0.35930503847108464,2.062778465844204,0,-0.5597701801904083,302175000,246628000,-0.02434020021510714,0
1328208,2012,0,,,67285,26015,1913,,,-153501,-2600811,,,,134000,134021,,,,,,,,,,,0,,,2.586392465885066,,,,,,
1335239,2012,0,1378030,1571917,105123,1059033,46101,,36995,-2208067,-4114756,1193217,,,-1449140,-336862,,,176113,275076,,28173,,28173,1.1406986785483626,0.020444402516636068,-0.012759123704126732,-0.24445186244131115,0.8658860837572476,0.09926319576443794,0.3311444308563767,0.6212804291467611,1035222,735972,0.11667545705172418,0
1338578,2012,0,162405310,121923395,120903866,,3594361,16956582,,40331549,9541560,73534827,,12648837,-7241420,-13539454,699367,,,,,,,,0.7507352746040139,0,0,-0.08336829627060839,0.45278585410784905,,0.31798769174460684,-0.04420366029201151,123222175,76935665,0.002143794329226862,0
1342792,2012,0,8597,,8447,782269,0,,,6383125,,,,0,-335968,-3659020,,,164426,,,,,,,0,0,-425.61591252762594,,0.010798075853702498,,,,,,
1347218,2012,0,32604000,272135000,368992000,197625000,153350000,,,,,1306450000,,,83839000,245764000,,,38394000,109373000,,1529508000,,1529508000,8.346675254569991,46.91166728008833,,7.537848116795486,40.070236780763096,1.8671321948134092,-0.95898914351913,10.563653422317422,795009000,112979000,0.03513670914417321,0
1351051,2012,0,945998000,671258000,152238000,104194000,3528000,,99764000,273381000,-93662000,633527000,,,38341000,7255000,,,37021000,,,475483000,,475483000,0.7095765530159683,0.5026257983632101,1.7392686397372166,0.007669149406235531,0.6696916906801071,1.4611014069908057,0.3611482014388489,-0.2715576962657281,695000000,869701000,-0.29246906474820145,0
1356857,2012,0,68125000,,66687000,18234000,18259000,,4272000,-51497000,-95392000,8032000,,,-20694000,-23863000,23320000,,3889000,386000,,,,,,0,0,-0.35028256880733943,0.11790091743119266,3.6572885817703193,,0,,8032000,,
1359504,2012,0,34104,2884247,34104,885467,159025,,,-1994686,,0,,,-2453272,-12990743,,,613007,,,,,,84.57210297912269,0,0,-380.915523105794,0,0.038515269343747424,,,,,,
1362705,2012,0,334306000,127386000,45096000,14554000,11337000,,6394000,478037000,,150773000,,,,-276910000,,,12721000,85263000,,98400000,,98400000,0.38104610745843626,0.2943411126333359,0.205841807224127,-0.8283129827164335,0.45100297332384104,3.098529613851862,-0.13026533845677551,0.05778890946848515,384377000,142536000,-0.0004682902462946534,0.25599866797441057
1368458,2012,0,434095000,1947582000,1163907000,477388000,240220000,665246000,59496000,-33000,-646241000,,,1594605000,-12818000,,,1086414000,112810000,25099000,,1611715000,,1611715000,4.486534053605777,3.712816319008512,-48839.84848484849,,,2.4380734329308655,0.07297871814519119,,404570000,,,1.0628568603702697
1376074,2012,0,98359000,105124000,,,,,,,,17381000,,,,-6589000,,,9253000,,,34423000,,34423000,1.0687786577740725,0.34997305787980765,,-0.06698929431978771,0.1767098079484338,,-0.5222345815138459,-0.7062928791104802,205873000,59178000,-0.00032058599233508034,0
1376321,2012,0,53443000,9728000,33666000,7698000,10695000,,4444000,2132000,34000000,46403000,,15042000,-40000,-1705000,2132000,,,387000,,,,,0.18202570963456394,0,0,-0.031903149149561216,0.8682708680276182,4.373343725643024,-0.06701930798505638,0.14793558122850853,57282000,40423000,0.05228518557312943,0
1387998,2012,0,3522,,3522,1357269,115,,,-442258,,0,,,-2375489,-2375489,,,1626,,,,,,,0,0,-674.4716070414537,0,0.002594916704057928,1.1165865384615385,,1664,0,-535.6905048076923,0
1388486,2012,0,16513,,,702032,16513,,,60273,-3244,0,,,,0,,,32771,0,,,,,,0,0,0,0,NaN,0,,16513,0,-114.82819596681402,0
1388982,2012,0,27794,562333,18196,655834,,,9780,33750,,3563,,,-115539,-1360017,,,19619,1470,,,,,20.232172411311794,0,0,-48.932035691156365,0.1281931352090379,0.027744825672350017,-0.14880715401341377,-0.07956600361663653,32653,3871,-7.506967200563501,0
1389217,2012,0,1269969,,1159088,502083,998853,,109556,25441,-1248033,,,820779,-1367455,-1173209,,,,40812,,,,,,0,0,-0.9238091638457316,,2.308558545101109,1.906174054326186,,436990,,-2.5086981395455275,0
1390804,2012,0,1250122000,,197057000,119085000,,75563000,57013000,-194155000,-313009000,733717000,,426614000,150596000,41909000,,,75648000,42978000,12000000,1198659000,,1210659000,,0.9684326809703373,-6.235528315006052,0.03352392806462089,0.5869163169674639,1.6547592056094387,,,,,,
1391407,2012,0,1892742,5474433,23508,6250765,19052,,0,80019,-17052756,0,,0,-829619,-1322797,,808387,526907,,,,,,2.8923292239512834,0,0,-0.698878663864383,0,0.0037608196756716977,-0.20318416153696542,,2375382,0,-0.5389912022571527,0
1394954,2012,1,1132590000,801036000,814500000,628085000,230748000,193295000,65676000,178986000,198995000,898984000,520989000,377995000,273302000,,23753000,,,5167000,,359563000,,359563000,0.7072603501708473,0.31746969335770225,2.008888963382611,,0.7937417776953708,1.296799000135332,9.126243886738134,95.00427167876975,111847000,9364000,,0.6705588884815864
1397187,2012,0,734634000,128453000,527093000,103439000,159573000,,,601376000,373719000,711704000,,394947000,180391000,121847000,,214556000,,24614000,,,,,0.17485305607962603,0,0,0.1658608232126474,0.9687871783772599,5.095689246802463,,11.41026714096394,,57348000,,
1398797,2012,0,1787000,15740000,7503000,4618000,249000,272000,5916000,10419000,-22331000,67000,,10879000,822000,448000,1115000,12074000,834000,2938000,,9408000,,9408000,8.80805819809737,5.264689423614997,0.9029657356752088,0.2506994963626189,0.03749300503637381,1.6247293200519706,,,,,,
1408276,2012,0,30140257,19474180,9176046,22182004,8785,,431891,-3163636,-2037337,5977,4856610,-33053,-124559,-8271186,,,829878,,,,,,0.6461185782191572,0,0,-0.27442320747298204,0.00019830620555093476,0.4136707395779029,,,,,,
1409014,2012,0,32629,169746,14422,169746,1366,,,-49737,-135671,24773,20685,4088,-106686,-117849,,,11163,4656,,,,,5.202304698274541,0,0,-3.6117870605902724,0.7592325845107113,0.08496223769632275,0.3731010394310483,0,23763,24773,-0.6670454067247401,0
1409986,2012,0,11,,11,36884,0,,,12933,,0,,,-7579,-25761,,,0,,,,,,,0,0,-2341.909090909091,0,0.00029823229584643746,0,,11,,-207.8181818181818,0
1415301,2012,0,234274000,138402000,31230000,28290000,13257000,9891000,,30908000,44513000,162855000,49481000,,20599000,8730000,,,,6459000,,70000000,,70000000,0.5907697823915586,0.2987954275762569,2.2647858159699754,0.03726405832486746,0.6951475622561616,1.1039236479321315,,,,,,
1419073,2012,0,0,22896,,,0,,,1271,29167,0,,,,-6641,,,0,,,,,,,,0,,,,,,,0,,
1422105,2012,0,1377500000,,391400000,265000000,167200000,186500000,107600000,253600000,63400000,,,,67500000,66900000,,115000000,31100000,98700000,,428500000,,428500000,,0.31107078039927405,1.6896687697160884,0.04856624319419238,,1.4769811320754718,4.699213901530824,,241700000,,0,1.7364501448076128
1430259,2012,0,41775000,1231000,,,9000,,0,9000,-2057000,0,,,-298000,-298000,,,0,0,,,,,0.029467384799521244,0,0,-0.00713345302214243,0,,,,,,,
1434388,2012,0,15300429,329210,6549828,329210,,180398,4033576,6977124,5469214,25181823,12886550,12295273,,7208694,574053,,,,,,,,0.021516390161347765,0,0,0.4711432601007462,1.6458246366817557,19.895592478964794,,,,,,
1439237,2012,0,0,,,177236,,,,-73639,-605585,0,,,-65055,-69725,,65055,4670,,,,,,,,0,,,NaN,,,0,0,,
1439984,2012,0,593,15652,1478,15652,,,,-4530,34119,,,,,-10529,,,,,,,,,26.39460370994941,0,0,-17.75548060708263,,0.09442882698696652,,,,,,
1444598,2012,0,3832067000,,248368000,161628000,211999000,,188960000,0,-16693000,,,,117479000,19546000,,116947000,-61017000,-124721000,,363866000,,363866000,,0.0949529327122934,,0.005100641507572806,,1.536664439329819,,,,,,
1450922,2012,0,524563000,8532000,,,0,,,,-16842000,,,81000,,8142000,,,,,,,,,0.016264967220333878,0,,0.01552149122221735,,,3.6601908688882874e-7,,524562808,,0.14769545194290634,0
1451433,2012,0,,,4305,32763,4377,,,-2375,,0,,,,-14839,,,,,,,,,,,0,,,0.1313982236058969,,,,0,,
1451797,2012,0,1864,84393,1864,366197,497,,,4694,,0,,,,-94537,,,,,,,,,45.27521459227468,0,0,-50.717274678111586,0,0.005090156391232042,,,,,,
1452011,2012,0,28849160,12926200,18913734,3545981,2222025,1187895,1986663,2485736,2485736,23832727,,1591903,4531619,-3136094,290691,,1361703,636286,,2060673,,2060673,0.4480615726766395,0.0714292201228736,0.828999137478799,-0.10870659665654044,0.8261151104572889,5.333850914598809,1.1745659730139435,0.18583854817028583,13266629,20097784,-0.23638966613146414,0.034144845687627205
1453818,2012,0,56585000,974302000,,,146953000,,,33000,-117369000,95526000,,,-16397000,-57017000,,,,84747000,,,,,17.218379429177343,0,0,-1.0076345321198197,1.6881859149951401,,-0.9270514797262803,,775684000,,-0.07350544809484275,0
1456016,2012,0,175945102,107129962,,,387272,,,41071387,-3772346,7265094,,,-643706,-990363,,,3170029,2941676,,95428947,,95428947,0.6088828889365729,0.5423791052734165,2.3234897569931108,-0.005628818243545081,0.041291822946000506,,0.5974521803291626,1.658696900398415,110141076,2732577,-0.002238174974793237,0
1456993,2012,0,0,2597387,0,,0,,0,19504,-2805196,0,0,0,-322101,158430,,52288,,0,,,,,,,0,,,,,-1,0,49257,,
1469115,2012,0,12500,,0,124090,0,,,-38846,-476715,0,0,141638,,-125414,,,,58627,,,,,,0,0,-10.03312,0,0,,,,,,
1471092,2012,0,45259911,,,,4071401,,,4275,8165438,,,,,,,,522470,,,,,,,0,0,,,,,,,,,
1473637,2012,0,86143,,73347,513792,12836,14278,31496,863242,-1999590,234133,,81705,,0,0,,,2345,,,,,,0,0,0,2.717957349987811,0.14275621263079222,,,,,,
1475841,2012,0,6352026000,5263297000,,,1099288000,,,1097496000,46480000,,,,,6051000,,,5512000,,,,,,0.8286012998057628,0,0,0.0009526094509059,,,,,,,,
1481028,2012,0,83500,,26349,69214,28020,,,2269056,,,,,-804588,-807917,157346,,,1521,,,,,,0,0,-9.675652694610779,,0.3806888779726645,,,,,,
1487685,2012,0,709590000,439024000,72507000,55486000,50754000,400000,710000,185396000,-62567000,333372000,,,38070000,-23795000,,,50167000,32264000,,,,,0.6187009399794248,0,0,-0.03353344889302273,0.46980932651249313,1.3067620661067656,-0.026799061895683898,0,729130000,333372000,-0.03412011575439222,0
1488638,2012,0,342061,253102,286505,163677,57741,,226814,-149320,-94044,608209,213835,394374,110787,102206,,,,102919,-20022,,,-20022,0.7399323512472922,-0.05853341947781244,0.13408786498794537,0.2987946594320896,1.7780717474368606,1.7504291989711445,0,2.164952906280897,342061,192170,-0.06277535293412578,-0.022262111143918774
1492116,2012,0,75743,,2718,20244,0,,,9000,,0,,,-56992,-56992,,,,,,,,,,0,0,-0.7524391692961726,0,0.13426200355660936,,,,,,
1497033,2012,0,548,16490,,,548,,,-1250,,0,,,,0,,,,,,,,,30.09124087591241,0,0,0,0,,-0.8086592178770949,,2864,0,-0.7856145251396648,0
1497647,2012,0,310166,2526396,111815,950807,55285,,2728,-2216230,-2303859,1308495,1070086,351978,21742,0,,,47530,,,,,,8.145302837835224,0,0,0,4.218692571074844,0.11760010180825341,19.9940435900907,,14774,0,-0.7214024637877352,0
1498067,2012,0,200149,137535,115016,63440,68868,,,62614,,5816,,,-61803,-349145,50026,,0,,,,,,0.6871630635176793,0,0,-1.7444254030747093,0.029058351528111558,1.8129886506935686,0.7281487173730972,,115817,,-0.6095737240646882,0
1498301,2012,0,636600000,681600000,760500000,382200000,164300000,,37900000,-1300000,811900000,,,1337900000,-10100000,162200000,,936300000,6600000,32500000,,326600000,,326600000,1.0706880301602262,0.5130380144517751,-251.23076923076923,0.25479107759974867,,1.989795918367347,0,,636600000,,0.10461828463713478,0.03864278982092366
1498710,2012,0,745813000,,442708000,227064000,86147000,,15425000,-178127000,-29308000,781265000,,,68873000,72481000,,,50313000,5620000,,0,,,,0,0,0.0971838785325544,1.0475347037394092,1.9497058098157347,0,-0.270654209446352,745813000,1071186000,0.0971838785325544,0
1499034,2012,0,2396,72125,2121,72125,,,,,-629313,,,,,-582904,,,,,,,,,30.102253756260435,0,,-243.2821368948247,,0.02940727902946274,,,,,,
1500836,2012,0,293676000,222834000,,,48936000,,,-1906000,42340000,,,,,1556000,,,3740000,,,,,,0.7587749765047195,0,0,0.005298356011386699,,,,,,,,
1505892,2012,0,1395268,,1330691,3159450,578808,13513,86183,-3672621,-12200174,2791862,,,-64691,24628,,,,14312,,,,,,0,0,0.017651089253104064,2.0009503550572365,0.42117805314216084,,,,,,
1515139,2012,0,41789,,,9161,,,,-14080,,11150,,,,-13310,,,,,,,,,,0,0,-0.3185048697025533,0.2668166263849338,NaN,,,,,,
1516580,2012,0,27445,2860,2068,2860,0,,,0,,0,,,-30115,0,,,,,,,,,0.10420841683366733,0,,0,0,0.7230769230769231,,,,,,
1516805,2012,0,766,550,40548,6760,53,,,33788,-12627,0,0,0,-33572,-33572,,,,,,,,,0.7180156657963447,0,0,-43.82767624020888,0,5.998224852071006,-0.9234612310151878,,10008,0,0,0
1519117,2012,0,1876000,816000,,,1348000,,,,,1459000,,,,-10000,,,31000,,,2098000,,2098000,0.4349680170575693,1.1183368869936035,,-0.005330490405117271,0.7777185501066098,,,,,,,
1519534,2012,0,0,,28708,399594,0,22846,,0,,5000,,,,-7785,,,0,,,,,,,,,,,0.07184292056437284,,0,,5000,,
1520668,2012,0,4649,70078,882,36741,,,,0,,,,0,-33885,-28720,,,1313,,,,,,15.073779307377931,0,,-6.177672617767262,,0.02400587899077325,0,,4649,,-2.3493224349322435,0
1521722,2012,0,434000000,777000000,147000000,40000000,33000000,258000000,51000000,-1174000000,1000000,671000000,1160000000,,17000000,2000000,,8000000,48000000,1000000,7000000,411000000,,418000000,1.7903225806451613,0.9631336405529954,-0.35604770017035775,0.004608294930875576,1.5460829493087558,3.675,,,,,,
1522214,2012,0,125000,272234,,,55100,,,187428,0,0,,,,-334257,,,,,,,,,2.177872,0,0,-2.674056,0,,,,,,,
1523733,2012,0,741498000,196715000,113638000,194703000,1000,20283000,42374000,,,30351000,41836000,-11485000,-34369000,,11637000,,5418000,7147000,,337794000,,337794000,0.26529403990300715,0.4555561849121643,,,0.04093200521107272,0.5836479150295578,,,,,,
1527355,2012,0,49137,1302,,,49137,,,9835,,,,,,-24049,,,,,,,,,0.02649734416020514,0,0,-0.48942751897755254,,,,,,,,
1530804,2012,0,1098000000,83000000,769000000,133000000,143000000,311000000,278000000,752000000,242000000,,,222000000,210000000,6000000,6000000,59000000,,50000000,0,421000000,,421000000,0.075591985428051,0.38342440801457195,0.5598404255319149,0.00546448087431694,,5.7819548872180455,,,,,,
1535013,2012,0,1204791000,1078069000,178569000,151009000,3707000,62483000,87368000,428956000,-38770000,24588000,21668000,2920000,-5175000,-6635000,,8095000,805000,2532000,2434000,200000000,,202434000,0.8948182713848294,0.168024163527118,0.4719225281847089,-0.005507179253497079,0.020408518987940646,1.1825056784694952,,,,,,
1538329,2012,0,3000,4075,3000,4075,,,,-1075,,,,,,-4075,,,,,,,,,1.3583333333333334,0,0,-1.3583333333333334,,0.7361963190184049,,,,,,
1544190,2012,0,4658000,2828000,,,12000,,,,,,,,,309000,,5000,0,,,0,,,0.6071275225418634,0,,0.06633748389866896,,,,,,,,
1547015,2012,0,18342,,155,950,18342,,,-86282,,0,,,-63922,-64772,,,50,,,,,,,0,0,-3.5313488169229093,0,0.1631578947368421,,,,,,
1555767,2012,0,1310419000,984504000,,,51236000,,,325702000,43467000,571890000,,,,54192000,,,,,,,,,0.7512894730616696,0,0,0.041354711737238245,0.43641766488428513,,,,,,,
19745,2012,0,709066000,,127760000,157499000,2818000,,76605000,209781000,91248000,427546000,,,51930000,26056000,,,9146000,18536000,34707000,118481000,,153188000,,0.21604194814022953,0.7302281903508897,0.036746931879401916,0.602970668456815,0.8111797535222446,0.05674127747979487,,670993000,,0.023691752372975574,0.051724831704652655
205402,2012,0,1704739000,1133345000,1289315000,895582000,163864000,396124000,797717000,565405000,458139000,4616377000,3749736000,866641000,77536000,41998000,,753988000,8062000,39725000,,11995000,,11995000,0.6648202452105572,0.007036267721921069,0.02121488136822278,0.02463602932765661,2.7079670260374167,1.4396392513471687,,,,,,
315852,2012,0,5845470000,3453050000,315263000,511932000,767000,14070000,127180000,2378589000,373969000,961397000,,,,-239256000,,,90665000,275238000,,1974967000,,1974967000,0.5907223884478066,0.3378628236908238,0.8303103226324514,-0.04093015617221541,0.16446872535484744,0.6158298367751968,0,5.8986581515499426,5845470000,139360000,-0.009215683255580817,0.3378628236908238
317340,2012,0,2508280,1371473,2081451,1354765,887140,,,-10859721,-10632612,,3213476,2134088,242114,169619,757307,,,8569,,,,,0.5467782703685394,0,0,0.06762363053566588,,1.5363926585053496,0.8410448451360886,,1362422,,0.18472837344082818,0
318306,2012,0,3785000,21391000,3313000,12190000,7033000,151000,,230153000,-255441000,1839000,,,-7876000,-2532000,3579000,5755000,,21000,,,,,5.651519154557463,0,0,-0.6689564068692206,0.4858652575957728,0.271780147662018,0,-0.00487012987012987,3785000,1848000,-1.9912813738441215,0
39911,2012,0,7422000000,,4309000000,2128000000,2348000000,,297000000,4891000000,12364000000,14664000000,,5889000000,1968000000,1204000000,,,-8000000,648000000,59000000,1646000000,,1705000000,,0.22972244677984371,0.3485994684113678,0.16222042576125034,1.9757477768795473,2.024906015037594,1.1109215017064846,17.65648854961832,3516000000,786000000,0.2369169510807736,0.4576222980659841
4127,2012,0,2136646000,281294000,883363000,247096000,453257000,232920000,,-1297000,100803000,30922000,,667097000,255634000,137294000,212534000,158433000,4246000,,0,,,,0.13165213142467214,0,0,0.06425678376296308,0.014472214863856718,3.5749789555476412,0.3660965236449939,-0.9752291476077486,1564052000,1248322000,0.06072879929823305,0.03196824658003698
41719,2012,0,1136925000,646521000,422413000,211240000,135420000,206707000,135412000,510704000,775825000,1465984000,,186247000,64589000,54434000,,122111000,25547000,65839000,,227000000,,227000000,0.5686575631637971,0.19966136728456144,0.44448447633071214,0.047878268135541045,1.2894289421026013,1.9996828252224956,0,0.22436530247832281,1136925000,1197342000,0.047878268135541045,0
5133,2012,0,1060810000,,661906000,305081000,132438000,208945000,105497000,1126894000,1238396000,411605000,11806000,,150027000,57198000,,,,45221000,,286381000,,286381000,,0.26996446111933337,0.2541330417945255,0.05391917497007004,0.38801010548543097,2.169607415735493,5.820613386484922,-0.7424078192921433,155530000,1597894000,0.3677618465890825,1.4478300006429627
5981,2012,0,342558000,155486000,183738000,79025000,383000,71068000,68611000,187072000,143524000,226859000,140538000,86321000,19191000,10984000,12635000,,3171000,11123000,,66377000,,66377000,0.4538968583422369,0.19376864647738484,0.3548206038316798,0.03206464306774327,0.6622498963679143,2.325061689338817,0.010075455341583588,,339141000,,0.03238770894701614,0
6314,2012,0,252645000,28284000,138486000,15905000,15800000,33733000,29521000,206193000,134512000,,,67906000,4790000,16401000,14782000,,498000,,,30000000,,30000000,0.11195155257376951,0.11874369174137624,0.14549475491408534,0.0649171762750104,,8.707073247406475,,,,,,
700764,2012,0,877811,313114,211298,689383,158165,,79185,-582519,-28475589,0,,,-6148,-7099542,,,4009979,82673,,,,,0.3566986515320496,0,0,-8.087779715679115,0,0.3065030614331946,,,,,,
713671,2012,0,607099000,556043000,,,,,,45208000,5871000,,,,,4902000,,,4644000,,,,,,0.9159016898397131,0,0,0.00807446561433967,,,0,,607099000,,0.006045142555003385,0
722648,2012,0,1235000,8178000,,,,,,,,0,,,-725000,-861000,,,,,,,,,6.621862348178138,0,,-0.697165991902834,0,,0,,1235000,0,,0
734543,2012,0,12671695,,11632415,1882227,8051872,,,60363,,6592274,,,,1288206,,,,112564,,,,,,0,0,0.10166011729291148,0.5202361641437866,6.18013395833765,0.16431913623670355,0,10883352,6592274,0.12961631673771096,0
737207,2012,0,11750000,11712000,2576000,4639000,1066000,,7000,17169000,-320194000,,,,-34995000,-29424000,11438000,8369000,,1251000,,,,,0.9967659574468085,0,0,-2.5041702127659575,,0.555292088812244,0,,11750000,,-2.3619574468085105,0
741815,2012,0,36418000,,39670000,11347000,8319000,,18387000,41426000,-128404000,21349000,114932000,43481000,-17352000,-17598000,,40919000,12000,,,,,,,0,0,-0.4832225822395519,0.5862210994563128,3.4960782585705474,-0.3664120809339063,-0.8716775861032638,57479000,166370000,-0.00006959063310078464,0
742112,2012,0,1281054000,,528770000,287939000,37501000,168720000,210391000,701237000,364300000,1424564000,,472370000,,25341000,25954000,385231000,,36804000,5044000,265484000,,270528000,,0.2111761096721918,0.38578683098581507,0.01978136753017437,1.1120249419618533,1.8363959032989625,0.0005107778819119026,1029.0535068691252,1280400000,1383000,0,0.20734457981880663
763532,2012,0,175226000,,106100000,21576000,13986000,50298000,,50274000,50274000,7347000,208089000,18647000,-1807000,1592000,5511000,53724000,89000,4729000,,1064000,,1064000,,0.006072158241356877,0.021164021164021163,0.009085409699473822,0.04192870920982046,4.917500926955877,,,,,,
763907,2012,0,1390865000,1294209000,,,299313000,,,95640000,66196000,,,,,3626000,,,21206000,,39257000,207044000,,246301000,0.9305065552731574,0.17708476379806812,2.575292764533668,0.002607010745111855,,,0,,1390865000,,0.002607010745111855,0.17478331829473026
766704,2012,0,14924606000,7612309000,,,35476000,,,7124764000,,578571000,,,,128884000,,54626000,,165165000,,8457043000,,8457043000,0.510050918597114,0.5666510057283924,1.1869927200395691,0.008635671856262067,0.038766249507692196,,2.9317286363851904,0.1056454571861002,3795940000,523288000,0.03385907048056608,0
767884,2012,0,36797000,6686000,26834000,10095000,33055000,841000,1292000,19000,-242073000,6614000,,,-24898000,-29410000,19155000,10008000,560000,,,4176000,,4176000,0.1816995950756855,0.11348751256895942,219.78947368421052,-0.7992499388537109,0.17974291382449656,2.658147597820703,,,,,,
773141,2012,0,-11479000,936353000,,,26943000,806052000,28163000,863128000,-21289000,30473000,,155749000,,-64770000,,167295000,800000,4766000,,,,,-81.57095565815838,0,0,5.642477567732381,-2.6546737520689954,,-1.0368113701885304,-0.8336726506596219,311833000,183211000,0.07914172008735446,0
774569,2012,0,519830000,474111000,,,44823000,,,36908000,7485000,,,,,3271000,,,6367000,,,,,,0.9120500932997326,0,0,0.006292441759806091,,,0.03909265541014606,,500273000,,0.006538430017210603,0
784977,2012,0,5733000000,4067000000,716000000,614000000,31000000,,144000000,1663000000,833000000,,,,267000000,125000000,,,110000000,238000000,0,1735000000,,1735000000,0.7094017094017094,0.3026338740624455,1.0432952495490078,0.021803593232164662,,1.1661237785016287,0,,5733000000,,-0.0006977149834292691,0.3026338740624455
789460,2012,0,3697246000,2350528000,3122227000,2026142000,298843000,472584000,2160561000,1332961000,836222000,19131147000,18689006000,442141000,180866000,146503000,,,5459000,19106000,17800000,,,17800000,0.6357510428032108,0.00481439428158148,0.013353729028831302,0.03962489918171525,5.17443172566824,1.5409714620199373,0.44060706423269497,2.985655625,2566450000,4800000000,0.05722496054861774,0.11160318728204328
799292,2012,0,664485000,391135000,,,109930000,,,273350000,103701000,616377000,,,-9611000,-26269000,2400000,-22824000,9415000,5194000,,,,,0.5886287877077737,0,0,-0.03953287132139928,0.9276010745163548,,,0.08819011906275158,,566424000,,
800286,2012,0,43039000,,129280000,118692000,7445000,63359000,54030000,71013000,-30112000,,,36624000,1416000,3117000,,33147000,1127000,725000,,,,,,0,0,0.07242268640070633,,1.0892056751929364,,,,,,
807884,2012,0,1427186000,766659000,815092000,170201000,46004000,161884000,,902452000,776060000,1337050000,564861000,772189000,207132000,115538000,,,22345000,,,537291000,,537291000,0.5371822593551226,0.37646879944169853,0.5953679530878097,0.08095511026593591,0.9368435508756392,4.788996539385785,2.8114601304326925,0.040986229442847945,374446000,1284407000,0.2581894318539923,1.3433659326044343
821026,2012,0,1699390000,1195281000,1107222000,794251000,145929000,760459000,,523995000,402523000,9100000,3112112000,281679000,,64662000,1800000,,,38913000,,25000000,,25000000,0.7033588522940585,0.014711161063675789,0.04771037891582935,0.038050123867976154,0.005354862627177988,1.3940454591810398,7.148675604656962,-0.9019280302622078,208548000,92789000,0.4560388975199954,0.005562268638394998
823094,2012,0,2399414000,1495747000,1693296000,964312000,321579000,113606000,553502000,576985000,601282000,774309000,,,273998000,160950000,,,46819000,16492000,,170285000,,170285000,0.6233801253139308,0.07096941169802293,0.29512898948846156,0.06707887842614906,0.32270754442543054,1.7559628004214403,8.815039494729264,122.49425837320574,244463000,6270000,0.6583818410147957,1.9342886244544164
825410,2012,0,0,,67559000,57949000,17633000,8638000,,33791000,48142000,121519000,47510000,,34883000,23674000,2361000,,,11631000,0,0,,,,,0,,,1.1658354760220193,-1,0.0625355216102547,168656000,114367000,0.0027630205862821363,0.1174283749169908
825788,2012,0,6648808,119917,,,,,,,,,,,,815003,,,,209284,,,,,0.018035864473752286,0,,0.12257881412728416,,,-0.10895148342620661,,7461780,,0.1081314378070648,0
827054,2012,0,3851405000,,2236370000,341611000,0,242334000,229955000,1266699000,1499365000,1415137000,,754656000,396516000,127389000,170607000,208328000,0,106612000,,,,,,0,0,0.03307598136264558,0.3674339624111201,6.546539777700366,0.24892501919724389,0.4931873985073792,3083776000,947729000,0.13585617113564669,0
832489,2012,0,1645142,,1418003,941535,3515784,,,-170582,,,,,-2770833,-618137,4793956,,,119773,,,,,,0,0,-0.3757347390073319,,1.5060544748734779,0,,1645142,,-0.5761229121863036,0
83402,2012,0,2284724000,50442000,,,28553000,,,126362000,0,166932000,,,13728000,1923000,,,5671000,0,,,,,0.022077940267620947,0,0,0.0008416771566281091,0.07306440515353277,,8.770374868500953,0.8813903164728158,233842000,88728000,-0.05752174545205737,0
8504,2012,0,31415217,9949089,5357854,3445595,,,1221962,19377968,-20713343,,,,866642,345992,,,302357,1633467,,8500000,,8500000,0.31669649138505074,0.27056951413068386,0.43864248305085446,0.011013516156835714,,1.5549865843199795,0,,31415217,,0.0006799252731566362,0.0007039263806454051
851249,2012,0,28662000,11384000,12784000,10804000,5312000,,3092000,-28585000,-29511000,64335000,48068000,13098000,1849000,0,,10229000,17000,613000,,0,,,0.3971809364315121,0,0,0,2.244609587607285,1.1832654572380599,,,,,,
855874,2012,0,983479723,908025625,,,9823436,,,71104927,38712194,,,,,3161464,,,13121042,904103,0,60576595,,60576595,0.923278440586619,0.06159414737623421,0.8519324546947359,0.0032145695798956497,,,0.1101023209007911,,885936102,,0.003568501151339242,0.080638395747417
856984,2012,0,0,302821,0,302821,,,,,-349121,0,,,,-69620,,,9120,,,,,,,,,,,0,,,0,0,,
857855,2012,0,6983420000,6407934000,,,376367000,,,962321000,-730861000,66599000,,,,-502344000,,,100071000,,102577000,120225000,,222802000,0.917592526298003,0.03190442505248145,0.23152565516080392,-0.07193380893602275,0.009536731286389764,,0,,6983420000,,-0.07193380893602275,0.017215776797042136
85961,2012,0,6652374000,6299682000,1088173000,1173823000,98525000,65912000,,1426995000,1090363000,5136435000,,,,118170000,,655375000,129994000,,274366000,3762053000,,4036419000,0.9469825358586274,0.6067636906764412,2.8286146762952917,0.01776358334633621,0.7721205993529527,0.9270332920721438,0.11899183360187963,0.19078596113627896,5944971000,4313483000,0.02855808716308288,0.6278212290690737
864264,2012,0,9247000,,8917000,130000,10625000,,,11096000,-143476000,0,,,-2017000,-1976000,,,,,,,,,,0,0,-0.21369092678706608,0,68.5923076923077,,,,,,
868082,2012,0,66151299,,24845263,3909335,19661106,,,,,22916203,,,10379868,10384496,,,,4580351,,,,,,0,,0.15698098385037004,0.3464210581866276,6.355368112479488,,0,,22916203,,
874766,2012,0,302609000000,281123000000,,,,,,16200000000,11001000000,22049000000,,,,1636000000,,,508000000,276000000,0,6216000000,,6216000000,0.9289974852036786,0.02054135865093239,0.3837037037037037,0.0054063164016932745,0.07286300143088936,,11.255345861007614,-68.01823708206688,24692000000,-329000000,0.0006074842054106593,0.25137696419893085
883902,2012,0,214227000,,311611000,174043000,55158000,88531000,133475000,-230060000,-266896000,490746000,898001000,200433000,-49106000,0,,2700000,17918000,33840000,,236944000,,236944000,,1.1060417220985217,-1.0299226288794228,0,2.2907756725342745,1.790425354653735,-0.6178094069121036,-0.43626497083372584,560524000,870526000,-0.047949775567147884,0.24317424410016342
884629,2012,0,6698300000,3135800000,2569700000,1839500000,201400000,889400000,1165700000,3023100000,2085400000,3566900000,,,305400000,184400000,296100000,,84100000,,,1033000000,,1033000000,0.4681486347282146,0.1542182344774047,0.3417022261916576,0.027529373124524133,0.5325082483615245,1.3969556944821961,0.1779094713888791,6.737310195227765,5686600000,461000000,0.04587978757078043,0.14917525410614427
885074,2012,0,12861000,3430000,8449000,3290000,276000,4016000,645000,2813000,-168358000,2936000,2016000,,-7707000,-8352000,928000,6065000,,1197000,,,,,0.2666977684472436,0,0,-0.6494051784464661,0.22828706943472513,2.568085106382979,,,,,,
892482,2012,0,157660000,25360000,98437000,20156000,72507000,6198000,,131940000,76875000,88731000,45221000,43510000,11572000,7700000,6506000,25432000,,2108000,,,,,0.16085246733477102,0,0,0.04883927438792338,0.5627996955473804,4.883756697757492,0.06495366242468455,0,148044000,88731000,0.0520115641295831,0
892997,2012,0,17960,1728917,,,17070,,,,,78819,,,-104062,251446,,,,,,,,,96.26486636971046,0,,14.000334075723831,4.38858574610245,,-0.8962533359520316,3.3587347232207043,173114,18083,1.4671603683122105,0
899629,2012,0,1653319000,884010000,,,93808000,,23089000,384114000,39317000,,,,39248000,50667000,,,13525000,23419000,,647739000,,647739000,0.5346881031428297,0.3917810174564013,1.686319686343117,0.03064562858105423,,,7.604135224871717,,192154000,,0.26367913236258417,4.100409046910291
899689,2012,0,20517471000,11777363000,,,535479000,,171798000,6828316000,-1401704000,,,,759028000,647883000,,,,494898000,,,,,0.5740163102947727,0,0,0.03157713735771821,,,3.9574052757932825,,4138752000,,0.06625958743118698,0
90794,2012,0,80757078,94053838,,,11555334,,,,,11614959,,,,2283399,,,,,,,,,1.1646513262899383,0,,0.028274908609249087,0.14382589474076812,,-0.005606300487761847,0.35291355009146613,81212379,8585145,0.00011328322249986052,0
909108,2012,0,37720319,19669961,,,11513194,,10295723,22980707,-20405632,56704123,,,18473328,12402441,,,,,,,,,0.5214685750669288,0,0,0.3288000029904307,1.5032779282699067,,0.32046824696300125,0.3016762442718358,28565866,43562386,0.502451702321925,0
911109,2012,0,1707500000,953586000,,,1740000,20803000,47102000,542551000,309604000,330314000,,,89453000,13245000,,,,35686000,,643343000,,643343000,0.5584691068814056,0.3767748169838946,1.1857742405783052,0.0077569546120058565,0.1934489019033675,,,4.353202385582782,,61704000,,
913885,2012,0,1055268000,117980000,497655000,106232000,103579000,151577000,129103000,577162000,258570000,878703000,,350838000,116140000,190837000,,96090000,0,54658000,,,,,0.11180098325733369,0,0,0.18084221259433622,0.8326823138766645,4.684605391972287,,0.3429644765941058,,654301000,,
921557,2012,0,3622703000,2967624000,,,1068179000,,,316020000,311799000,,,,,64753000,,,36661000,,,,,,0.8191739703751592,0,0,0.017874222645356243,,,0,,3622703000,,0.011629714056051517,0
92416,2012,0,4276007000,,461632000,847568000,65315000,,209246000,1226020000,406125000,1769120000,,,232117000,103877000,,,75677000,190463000,,930858000,,930858000,,0.21769328254139902,0.7592518882236832,0.02429299110127743,0.413731782946099,0.544654824155702,,0,,1769120000,,
927761,2012,0,,,,,,,,,,,,,,,,,,,,,,,,,,,,,,,,,,
943861,2012,0,862103000,718403000,101129000,114865000,125116000,,7934000,445385000,-506927000,148333000,,,-280418000,-262120000,,,,105913000,,493929000,,493929000,0.8333145807403524,0.5729350205253897,1.1089933428382186,-0.30404719621669335,0.17205948709144964,0.8804161406868933,0,-0.26227812343026524,862103000,201069000,-0.30404719621669335,0.0004976203539484261
95574,2012,0,80947000,,66224000,10440000,9107000,41208000,15942000,61100000,48590000,25987000,,40259000,,4136000,,34646000,27000,2982000,,640000,,640000,,0.007906407896524886,0.010474631751227497,0.05109516103129208,0.3210372218859254,6.343295019157088,0,-0.754557131793196,80947000,105878000,0.047030773221984755,0
1001614,2013,0,44167000,14033000,3303000,1688000,141000,1402000,1608000,25224000,-25626000,,,,6267000,4680000,,,642000,2527000,,10346000,,10346000,0.31772590395544187,0.23424728869970793,0.4101649222962258,0.1059614644417778,,1.9567535545023698,-0.039826952759842604,,45999000,,-0.03793560729581078,0.25646209700210876
1002910,2013,0,22230000000,,3596000000,2686000000,248000000,570000000,354000000,6616000000,1006000000,6148000000,,,1033000000,519000000,,,387000000,,0,5802000000,,5802000000,,0.26099865047233467,0.8769649334945586,0.023346828609986506,0.27656320287899233,1.3387937453462397,-0.05448513461783846,-0.19507724535218643,23511000000,7638000000,0.005912126238781847,0.3036876355748373
1005210,2013,0,14777000,1598861000,337515000,233894000,156908000,88176000,94854000,,,1063458000,,,11565000,78798000,,,,10956000,,248600000,,248600000,108.19929620355958,16.823441835284562,,5.332476145361034,71.96711105095757,1.443025473077548,1.0432798672566372,26.55857886962606,7232000,38589000,15.945243362831858,0
100885,2013,0,49731000000,28506000000,3990000000,3791000000,1432000000,,1414000000,21225000000,25288000000,21963000000,,,6745000000,3292000000,,,526000000,,,8068000000,,8068000000,0.5732038366411293,0.16223281253141902,0.38011778563015314,0.0661961352074159,0.4416360016890873,1.0524927459773148,0.10278073443320915,0.29460654288240495,45096000000,16965000000,0.06164626574419017,0.19748979953876175
1011174,2013,0,3498982000,1807749000,,,,,,1441048000,,199958000,,,46282000,77887000,,,73251000,,,1759428000,,1759428000,0.5166499856243901,0.5028399688823778,1.2209364295984588,0.022259903023222182,0.057147478895290114,,0.04365569505172222,-0.3880491499747517,3352621000,326755000,0.01592455574310368,0.5165988043384564
1011570,2013,0,695053000,448892000,236199000,168303000,29956000,96449000,105877000,188100000,184750000,862668000,627803000,280275000,97071000,-3616000,15300000,206449000,5941000,17738000,,173000000,,173000000,0.6458385187892146,0.24890188230250068,0.9197235513024987,-0.005202480961883482,1.241154271688634,1.4034152688900376,0.010117847784668016,0.06572349459582663,688091000,809467000,,0.3080987834457942
1019361,2013,0,-329550000,156492000,481292000,108514000,110628000,198460000,107935000,4660000,428053000,204759000,151000,196509000,50381000,35212000,38337000,107510000,681000,13027000,16883000,5662000,,22545000,-0.47486572598998633,-0.06841147018661811,4.837982832618025,-0.10684873312092247,-0.6213290851160673,4.435298671139208,-1.5039406923507446,0.2252727196567592,653946000,167113000,0.052802524979126714,0.03447532365057665
1021096,2013,0,11855717,12240111,9392599,7691876,3211182,3308792,1761503,-442438,-37571896,13003915,11231195,,-5827444,-7385971,1280743,3047946,601725,,,32130,,32130,1.0324226700080645,0.0027100849320205603,-0.07262034454545044,-0.6229881330669415,1.0968476221218844,1.2211063984910833,21.457412107895134,19.669251664565927,527920,629143,-5.023846416123655,0.060861494165782695
1025953,2013,0,106744000,108768000,34849000,13365000,9267000,,5274000,174000,-811742000,159293000,,,,-67529000,,29003000,,3275000,,,,,1.0189612530915086,0,0,-0.6326257213520198,1.4922899647755377,2.607482229704452,1.3933095670500661,0.1620016777911515,44601000,137085000,0.17405439339925113,0
1036188,2013,0,234813000,,170434000,149790000,75984000,,72564000,64205000,-52468000,113937000,105339000,149305000,11808000,10784000,38332000,,829000,4989000,,15846000,,15846000,,0.06748348685975648,0.24680320847286036,0.04592590699833485,0.48522441261770005,1.1378196141264436,0.07640789383208417,0.49986177845060226,218145000,75965000,0.03043388571821495,0.0726397579591556
1036478,2013,0,231783,212329,58558,209992,1963,,32311,99000,,627806,,,,-88976,,229222,-1712,,,2337,,2337,0.9160680464054741,0.010082706669600445,0.023606060606060606,-0.38387629808916096,2.708593814041582,0.2788582422187512,11.135235602094241,,19100,,6.991204188481675,0
1037390,2013,0,184727000,75968000,30322000,10515000,10181000,4116000,1846000,104146000,11222000,25526000,,,2436000,,,,3848000,6673000,,,,,0.4112447016407997,0,0,,0.13818229062346057,2.883689966714218,0.008604921622049566,-0.24894812722511547,183151000,33987000,,0
1037760,2013,0,331544000,109364000,244014000,95486000,95779000,70114000,43999000,726000,-243563000,22800000,,,3815000,-20043000,59362000,,147000,10298000,,,,,0.3298627029896484,0,0,-0.06045351446565162,0.06876915281229641,2.5554950463942356,0.15653538912338227,-0.8926897226876518,286670000,212468000,-0.020640457669096873,0
1049606,2013,0,141526000,,90595000,24461000,63777000,11223000,8480000,102060000,46733000,75594000,,24107000,6412000,0,,16560000,722000,2976000,,17480000,,17480000,,0.12351087432697878,0.17127180090143054,0,0.5341350705877366,3.7036507092923427,-0.11586036283672348,-0.007144921064383094,160072000,76138000,0.019066420110950073,0.15733544904792843
1050825,2013,0,1689600000,1021600000,778600000,538200000,201800000,151500000,306800000,668000000,645000000,8600000,1913600000,866000000,165900000,38800000,36000000,,17800000,58300000,2600000,286400000,,289000000,0.6046401515151515,0.17104640151515152,0.43263473053892215,0.022964015151515152,0.005089962121212121,1.4466740988480118,7.925515055467512,-0.9970021263987172,189300000,2868700000,0.20496566296883253,1.5266772319070259
1057706,2013,0,13099741000,11614718000,,,370283000,,,1444144000,487166000,767596000,,,,-82232000,,,266103000,24500000,,,,,0.886637224354283,0,0,-0.006277376018350287,0.05859627301028318,,13.334971127046467,10.404739618156155,913831000,67305000,-0.08998600397666527,0
1058623,2013,0,3743575000,3425073000,353119000,195243000,12814000,,207563000,-341309000,-1018202000,4700000,,,50056000,63860000,,,86989000,48730000,,2660000000,,2660000000,0.9149203635562263,0.7105507436073807,-7.793524343043987,0.017058560333371175,0.0012554843965995072,1.8086128567989634,-0.0735080585983585,,4040591000,,0.0072766582908292375,0.6735866114635211
1064090,2013,0,200716000,,53311000,41177000,1179000,25759000,27537000,-5711000,,40734000,211810000,29146000,7609000,-11582000,,18262000,19619000,,,25000,,25000,,0.00012455409633512027,-0.0043775170723165824,-0.05770342175013452,0.20294346240459157,1.2946790684119776,-0.0790097964989561,0,217935000,40734000,-0.07414137242755868,0.6922109803381742
106532,2013,0,273508000,,146444000,70021000,17288000,65366000,49048000,174165000,149664000,199087000,164378000,106722000,15673000,15251000,,83525000,611000,,45000000,,,45000000,,0.16452900829226202,0.25837567823615537,0.055760709010339735,0.727901926086257,2.09142971394296,0.22410544453644238,-0.1315005387578469,223435000,229231000,0.061172152975138186,0.16559625841967462
1070296,2013,0,459132000,406196000,,,,,,52824000,34101000,,,,5494000,3922000,,,2465000,707000,,,,,0.8847041809327165,0,0,0.00854220572732896,,,0.04613043022561668,,438886000,,0.009050186153124046,0
1070336,2013,0,81530000,9483000,67867000,9403000,16110000,,,346518000,-381674000,247000,,,-47293000,-44206000,35441000,,45000,327000,,347000,,347000,0.11631301361462039,0.00425610204832577,0.0010013909811322933,-0.5422053231939163,0.003029559671286643,7.217590130809316,-0.01331235628706281,-0.8986042692939245,82630000,2436000,-0.3083746823187704,0.004477792569284764
1070423,2013,0,6423000000,,5147000000,5411000000,26000000,540000000,,,,701000000,,729000000,1425000000,1361000000,,,288000000,,1113000000,,,1113000000,,0.17328351237739373,,0.2118947532305776,0.10913903160516893,0.9512104971354648,-0.5312705247026198,-0.9729270459197467,13703000000,25893000000,0.036853243815222946,0.04955119316937897
1080014,2013,0,368582000,,261133000,29966000,44778000,10406000,199000,710000,-1505203000,5613000,,,-12999000,,117898000,48440000,9348000,7583000,,,,,,0,0,,0.015228632977193677,8.714309550824268,0.424295352845252,-0.7682780828138546,258782000,24223000,,0.00026663369167871025
1089872,2013,0,163290000,,129777000,34712000,32229000,21252000,30066000,101432000,-66413000,155463000,,78856000,7135000,-12882000,,,,,,,,,,0,0,-0.0788903178394268,0.9520668748851736,3.73867826688177,-0.21280606268047997,-0.43317120480697713,207433000,274268000,0.02060906413155091,0
1090425,2013,0,3514030000,2468672000,301235000,219108000,33212000,,159829000,861625000,-687351000,,,,183601000,40338000,,,157093000,,,1882867000,,1882867000,0.7025187605114356,0.5358141507044618,2.1852511243290293,0.011479127952806322,,1.3748242875659493,0.02528977902188657,,3427353000,,-0.01170057475842144,0.629794479879954
1090727,2013,0,34701000000,,15591000000,8390000000,3370000000,393000000,6111000000,4653000000,7997000000,53105000000,,,6080000000,3804000000,,,348000000,1782000000,1781000000,11089000000,,12870000000,,0.37088268349615283,2.765957446808511,0.10962220108930579,1.530359355638166,1.8582836710369488,0.03286007679257077,0.07185387021899284,33597000000,49545000000,0.09935410899782719,0.015537101526922047
1090967,2013,0,4602000,7491000,3801000,7435000,2000,,,-7459000,-73000,,,,-363000,-1491000,,,338000,,,,,,1.6277705345501956,0,0,-0.3239895697522816,,0.5112306657700068,0,,4602000,,0,0
1091983,2013,0,1488234,6301037,1925100,4291881,284741,1071344,395058,-3601518,-35247620,,4749298,13008090,-251278,116843,,,,154884,,2009156,,2009156,4.233902061100607,1.3500269446874618,-0.5578636563804484,0.07851117498995454,,0.44854458919061363,0,NaN,1488234,94659,0,0.013503924786021554
1093285,2013,0,,1126166,73868,751166,46245,,,29814,-23426640,,,,-254174,-303119,21721,,27195,,,,,,,,0,,,0.09833778419151026,,,,,,
1099215,2013,0,2505833,11002704,233074,2354092,2457046,,,346655,,0,,,-3502584,-4444584,3833401,,943607,1020,,,,,4.390836899346445,0,0,-1.7736952143259348,0,0.09900802517488697,9.416621979456353,,240561,0,-12.426636071516164,0
1100644,2013,0,116382,11366696,113027,11366696,11957,,,-11250314,21304,,,,-1596239,-3349497,145174,1447993,,,,,,,97.66713065594335,0,0,-28.780197968758056,,0.009943698679018072,11.459265603254469,,9341,,-177.24729686329087,0
1101169,2013,0,1106181000,905829000,411177000,302729000,103599000,111029000,183148000,209648000,-2193289000,9628000,,,70871000,-62307000,2517000,100505000,,84566000,,572895000,,572895000,0.8188795504533164,0.517903489573587,2.732651873616729,-0.056326225093361756,0.008703819718472837,1.3582345926554773,0.3180605517552002,-0.9896389561474307,839249000,929250000,-0.1456528396220907,0.27020586262241597
1101302,2013,0,724663000,,579324000,93263000,384426000,99144000,,694799000,-88599000,693459000,399245000,307383000,99444000,74526000,55320000,137123000,,10322000,,,,,,0,0,0.10284228669050303,0.956939984516941,6.211723834746898,0.20499014774229488,0.007325512480825547,601385000,688416000,0.14026954446818593,0
1106838,2013,0,7646431,79372,2030375,1772852,1223803,227023,161073,5528553,-9258697,6852323,,,-2591645,-3166565,,,474926,591142,,0,,,0.01038026760458572,0,0,-0.4141232687511337,0.8961465813266346,1.1452591643295662,0,3.640454840656107,7646431,1476649,-0.3143820953854158,0.18413348659001827
1108236,2013,0,596389000,502395000,,,23768000,,,94099000,21732000,,,,,2504000,,,2608000,739000,2000000,16000000,18000000,18000000,0.8423948127815906,0.030181643189260702,0.19128789891497253,0.004198601919217155,,,0.02557272517789647,,581518000,,0.0008185473192575295,0.03267310728128794
1112412,2013,1,1460544000,1317410000,144433000,165966000,99267000,,,154618000,-393832000,,,,-67614000,-130995000,,,,26478000,15713000,843793000,,859506000,0.9019995289426406,0.58848346917313,5.558899998706489,-0.0896891843039306,,0.8702565585722377,0.5789818495531308,,924991000,,0.061115189228868175,0.5052784297360731
1134765,2013,0,6414701,,4960024,5438092,3136766,1056756,175068,0,-10241478,2649473,,521762,-5404133,-7122135,,,1824074,,,,,,,0,,-1.110283238454918,0.4130314101935538,0.9120890194575597,0,1.5926727259205329,6414701,1021908,-0.48628034260677155,0
1134982,2013,0,9218,93861,4343,54044,9218,,,-52954,-4050503,0,0,0,-26559,-34943,,,,,,,,,10.18236059882838,0,0,-3.7907355174658277,0,0.08036044704315003,1.1224959705272852,,4343,0,-6.11535804743265,0
1140102,2013,0,21950990,17944469,17005701,14834309,1632993,,13701396,4006521,-51686467,98432059,,24893240,2479204,1559277,,22043268,804036,370768,,,,,0.8174788016394705,0,0,0.07103447270487573,4.4841740167527755,1.1463763495825792,0.5013866167713532,0.20154859687559712,14620478,81920997,0.05840458841359359,0
1159281,2013,0,594991000,,159686000,198528000,28374000,,,313554000,-44455000,1296787000,,,24881000,,,,3917000,27022000,,19083000,,19083000,,0.032072754041657776,0.060860330278038235,,2.179506916911348,0.8043500161186331,0.23557214085320144,0.3083066399648909,481551000,991195000,,0.04035917275636433
1162896,2013,0,2278095,2092426,4298793,2092426,3633846,27002,17757,2292127,-12756746,11186134,6921044,4265090,343506,-3637735,10980,,,,,,,,0.9184981311139351,0,0,-1.5968320021772577,4.910301809187062,2.054454016533918,0,1.957632801039839,2278095,3782124,-0.8819816557255075,0
1183765,2013,0,89521000,103374000,86009000,27016000,11029000,,,-351678000,-351678000,,,,-19999000,-71135000,24388000,,,1008000,,,,,1.1547458138313915,0,0,-0.7946180225868791,,3.1836319218241043,2.9900606168657515,,22436000,,-0.8326796220360135,0
1185198,2013,0,31091366,,,673348,1632418,,,,,894046,,,902751,450654,,,,770470,,,,,,0,,0.014494506288337412,0.02875544290977759,NaN,0,,31091366,,0.06878317922731346,0
12040,2013,0,27085000,,11433000,8283000,7221000,2701000,,16717000,18130000,13192000,,,4637000,660000,,15299000,806000,2453000,,11686000,,11686000,,0.4314565257522614,0.6990488724053359,0.024367731216540522,0.48705925789182203,1.3802969938428107,5.695920889987639,-0.8175607462418233,4045000,72309000,0,1.8803461063040792
1208208,2013,0,1577500000,1819700000,379500000,188000000,246200000,,116300000,539400000,-2600000,358100000,81600000,,76000000,100000,6200000,149200000,,114600000,,478600000,,478600000,1.1535340729001584,0.30339144215530905,0.8872821653689285,0.00006339144215530903,0.22700475435816164,2.018617021276596,0.08673188206117388,0.11038759689922481,1451600000,322500000,0.0017222375310002756,0.3410030311380546
1209028,2013,0,2066295000,1609002000,,,20018000,,,457293000,-1212022000,,,,,15173000,,,2508000,,,15000000,,15000000,0.7786893933344464,0.007259370031868635,0.032801726682892586,0.007343094766236186,,,1.1635237576696753,,955060000,,0.027836994534374805,0.01570581952966306
1218683,2013,0,2286,,1617,1750,3441,,,-139,-6101,,,,,2837,1759,,,,,,,,,0,0,1.2410323709536308,,0.924,-0.5383683360258481,,4952,,0.37621163166397414,0
1227265,2013,0,1392389048,66131413,,,,,,,,,,,,14565103,,,,,,,,,0.04749492470871546,0,,0.01046051247021874,,,0.0069632111601814995,,1382760594,,0.02429654500264129,0
1230355,2013,0,32260000,,30094000,11043000,24461000,5017000,3206000,21139000,-138807000,9000,4555000,14598000,-18279000,0,5191000,,0,662000,,0,,,,0,0,0,0.00027898326100433973,2.7251652630625736,-0.4029464021320699,-0.9996558843771507,54032000,26154000,-0.36139694995558186,0
1254595,2013,0,1739752000,1020888000,,,33280000,,,662493000,-294953000,,,86265000,18435000,-8064000,,,38652000,48988000,,933864000,,933864000,0.5868008773664293,0.5367799548441387,1.4096209318438082,-0.00463514339974893,,,0.24563214819121318,,1396682000,,-0.008192988812056,0.6766200180141221
1261159,2013,0,2938028000,1226597000,,,,,,1931040000,-149446000,409745000,,,5402000,-69610000,,,1367000,119215000,,1043102000,,1043102000,0.4174898945823525,0.35503473758589094,0.5401762780677769,-0.0236927626285386,0.1394625919153936,,0.015231436352195564,0.36571196208290696,2893949000,300023000,-0.028296628586060087,0.31950701273588444
1262279,2013,0,457805000,292966000,,,123497000,,,456843000,-40627000,44446000,,,,-50197000,,,1037000,4766000,,,,,0.6399362173851312,0,0,-0.10964712049890236,0.0970850034403294,,-0.940177964039744,3.786345035537368,7652782000,9286000,0.14402971363877867,1.0810630696131158
1269127,2013,0,8418228,47905515,5818686,46905908,,1145533,999144,117027377,-158703924,14512538,,8512586,2571679,2469644,488384,6212473,1153897,,,,,,5.690688705509046,0,0,0.29336862817210463,1.7239421407925752,0.1240501729547587,0.16975152832693796,-0.275965144043021,7196595,20043977,0.3431684011674966,0
1271024,2013,0,1382330000,718399000,2755470000,641991000,803089000,,203607000,2629394000,28850000,1528545000,,,25845000,21610000,257179000,,,79849000,,,,,0.5197015184507318,0,0,0.01563302539914492,1.1057743085949086,4.292069514993201,0.5821617791980515,5.287746967284933,873697000,243099000,0.01760907957793148,0
1289592,2013,0,4712515000,3728297000,,,140221000,,,950058000,268171000,1775790000,,,,44435000,,,400000,30940000,,449731000,,449731000,0.7911480387860834,0.09543333018568641,0.4733721520159822,0.009429147705630645,0.3768242647503509,,-133.01801322277007,-0.07633755740413918,-35696000,1922553000,-2.0023532048408783,-11.959351187808158
1294016,2013,0,243839000,73628000,210688000,69595000,133386000,16748000,41296000,170211000,-21805000,41658000,88188000,174879000,159000,4186000,24892000,,,6591000,,,,,0.30195333806323027,0,0,0.017167065153646462,0.17084223606560067,3.0273439183849415,,,,,,
1297965,2013,0,53750,2447545,53750,2447545,0,,,-2393795,-7732848,0,,,-2565538,-2452044,,,80545,10412,,,,,45.53572093023256,0,0,-45.619423255813956,0,0.021960781109233947,0,,53750,0,-26.631293023255814,0
1299139,2013,0,24139000,,42886000,8589000,37778000,885000,3524000,41368000,-435837000,13844000,,6499000,-17774000,-19312000,1095000,,95000,,,,,,,0,0,-0.8000331413894528,0.5735117444798873,4.993130748631971,1.2906623647750997,7.138741916519694,10538000,1701000,-0.6341810590244829,0
1304730,2013,0,,,,26462,1369,,,163785,,,,,,-120932,,,,,,,,,,,0,,,NaN,,,,,,
1309108,2013,0,3131865000,2511017000,,,18045000,,1556275000,817931000,730311000,717463000,,,221619000,133622000,,,1758000,58208000,,685000000,,685000000,0.8017641245711421,0.218719516965131,0.8374789560488599,0.04266531284075144,0.22908490627788874,,0.3747947815246306,0.8377355880801012,2278060000,390406000,0.0384665021992397,0
1310067,2013,0,21381000000,16168000000,9265000000,8414000000,1359000000,,635000000,2755000000,885000000,41567000000,30966000000,,-1501000000,-3140000000,,10664000000,289000000,853000000,1094000000,2026000000,,3120000000,0.7561853982507835,0.14592395117160095,1.132486388384755,-0.14685936111500866,1.94410925588139,1.1011409555502734,-0.12229064039408867,-0.025712544534033377,24360000000,42664000000,0.005459770114942529,0.14339080459770115
1313275,2013,0,96993000,42746000,61925000,41166000,33047000,,21560000,60380000,-116124000,109895000,36790000,73105000,-9494000,-10262000,21052000,,0,5867000,,,,,0.44071221634550944,0,0,-0.10580144958914561,1.1330199086532018,1.5042753728805325,1.0489458785753518,1.513839326562357,47338000,43716000,-0.3697029870294478,0.13027588829270353
1315756,2013,0,18949390,7434920,10947757,7434920,138740,940328,3689990,67539,529803,14326370,,5540760,487934,248440,,,,98921,3156815,,,3156815,0.3923566932761424,0.16659190612468264,46.74062393580006,0.013110712270949091,0.7560333076684791,1.4724781167786607,0.5522730227316609,1.1767090850111637,12207511,6581665,0.035298514168858826,0.5559816411388038
1317630,2013,0,6282243000,,191538000,499379000,34275000,31986000,89348000,1613732000,592970000,221000000,,,397752000,187876000,,,168319000,94981000,250000000,2495298000,3612112000,3612112000,,0.5749717099449989,2.238359281466811,0.02990587915812871,0.03517851824579215,0.3835523720460812,0.4583166681097609,,4307873000,,0.03381668865354202,0.6137599692470043
1318084,2013,0,919200000,519000000,726800000,405900000,19100000,389200000,235400000,434000000,194900000,8892400000,7680800000,476800000,69000000,33900000,,150800000,2200000,25300000,,,,,0.564621409921671,0,0,0.0368798955613577,9.674064403829417,1.790588814979059,0.056308894507009884,0.22370231738867177,870200000,7266800000,0.020340151689266835,0
1320947,2013,0,1172315000,,278196000,290645000,5642000,165708000,85041000,-11019000,-160673000,,,53390000,-118264000,-86336000,,1200000,57925000,20300000,,590937000,,590937000,,0.5040769758981162,-53.62891369452763,-0.07364573514797644,,0.9571676787833956,-0.1138341546306732,,1322907000,,-0.06526233514525208,0
1335732,2013,0,363328872,11705577,,,1966735,,,,-15323000,53057846,,,,988000,,,,,,,,,0.03221758000008323,0,,0.0027192994450493326,0.1460325619264301,,0.02063785707150726,0.08229865006013978,355982163,49023295,0.10649345090922435,0
1337619,2013,0,162399000,73470000,43761000,53023000,49942000,,19848000,125996000,-37277000,,98970000,,11376000,7605000,,,3000,5151000,,,,,0.4524042635730516,0,0,0.04682910609055475,,0.8253210870754201,0,NaN,162399000,123178000,0.002863318123880073,0
1338460,2013,0,1400162,6528120,3149279,4227151,24087,263661,1332043,7370043,-9407413,,,,,0,,1330146,-294238,49635,,,,,4.662403350469446,0,0,0,,0.7450121843293509,-0.8480459724958134,,9214379,,-0.12028298380172989,0
1355250,2013,0,28028,7654025,28028,8140675,,,,-759388,,0,,,-2983020,-530,0,,,,,,,,273.0849507635222,0,0,-0.018909661766804624,0,0.0034429577399908485,0,,28028,0,-211.87016554873696,0
1357838,2013,0,201014,14574240,583581,11951231,17301,,,-13058893,-24355343,1945631,1675314,270317,-3199166,0,80556,,-1205338,,-4668492,,7291501,7291501,72.50360671396022,36.2735978588556,-0.5583552143355489,0,9.67908205398629,0.048830200001991425,0,,201014,,-17.902653546519147,0
1365388,2013,0,0,253040,0,253040,0,,,0,,0,,,,0,,,8451,,,,,,,,,,,0,,,0,0,,
1368148,2013,0,27603000,,32855000,4368000,25533000,,520000,-135000,-233695000,2438000,,,-24457000,-13746000,18930000,,,,,,,,,0,0,-0.4979893489838061,0.08832373292758033,7.521749084249084,0.758040889115343,-0.727262557333035,15701000,8939000,-0.7246035284376792,0
1368637,2013,0,2994527,261605,234314,72541,731043,,58472,2882972,-2560694,,,,,-1440000,,,,93740,,550000,,550000,0.08736104232822078,0.18366840572818344,0.190775352656911,-0.4808772804519712,,3.2300905694710575,0,,2994527,,-0.4808772804519712,0.0010853133065756295
1369868,2013,0,311047150,3394180,222159653,47719092,129609317,75679173,11206244,195469716,119143000,153092289,46017661,107074628,32217468,18181710,3978233,,4670606,,7935000,,,7935000,0.010912107698141583,0.025510601849269475,0.040594523603850734,0.05845322807169267,0.4921835451634905,4.655571673492865,0.24972450463819582,0.09590058348156118,248892575,139695417,0.1267329208193535,0.04426809437766474
1376227,2013,0,1246282514,60009858,,,2320745778,,,,,,,,,-831190706,,,,,,,,,0.04815108719402285,0,,-0.6669360250688714,,,0.15020038242895023,,1083535124,,-1.4024184425054227,0
1395317,2013,0,2862723000,2678313000,405636000,188445000,43578000,154983000,185088000,-21926000,-861878000,,,656632000,-146318000,-119150000,26850000,487084000,183055000,27300000,,2251167000,,2251167000,0.9355823109675648,0.7863726249448515,-102.67112104350998,-0.041621211692503955,,2.152543182360901,-0.011101400413146058,,2894860000,,-0.01814664612451034,0.7720653157665656
1396814,2013,0,112054000,46199000,60922000,121943000,10126000,15557000,4352000,65855000,-296429000,15689000,32139000,,-49298000,-43328000,9937000,20159000,4780000,5747000,,0,,,0.4122922876470273,0,0,-0.3866707123351241,0.14001285094686491,0.499594072640496,-0.012653097189179664,0.07739321521768988,113490000,14562000,-0.23921931447704645,0.22535906247246454
1397016,2013,0,13137000,5282000,10618000,2664000,1653000,7094000,3118000,17662000,-10224000,17070000,13861000,3209000,-300000,-367000,,,42000,69000,,,,,0.4020704879348405,0,0,-0.027936362944355638,1.2993834208723454,3.985735735735736,0.07697983275946876,0.1975585800477059,12198000,14254000,0.04845056566650271,0
1398529,2013,0,2218799,,2211649,3409772,1408371,373540,,-422004,,236011,,,-890202,0,322938,662437,24037,,,,,,,0,0,0,0.1063688058269361,0.6486207875482584,1438.843608046723,,1541,0,0,0
1403161,2013,0,35956000000,9086000000,7822000000,7954000000,3867000000,,723000000,4368000000,7809000000,9188000000,,,2139000000,343000000,,,,328000000,,,,,0.2526977416842808,0,0,0.009539437089776394,0.25553454221826677,0.9834045763138044,0.03440736478711162,0.13924364538127712,34760000000,8065000000,0.07589182968929804,0
1405686,2013,0,33628689,21035037,7977923,20939545,2782643,,371544,12593652,-4219480,8029088,,,1546778,3855306,,,4566246,,,,,,0.6255086839692146,0,0,0.11464336299283032,0.2387570921958926,0.38099791566626684,5.144343995821026,1.3188735290592477,5473113,3462495,0.46328277892307357,0
1411303,2013,0,1040798000,889972000,,,14997000,,,132154000,32133000,,,,,7987000,,,11611000,1254000,,,,,0.8550861934784656,0,0,0.007673919434895148,,,-0.02831594356603506,,1071128000,,0.0037726583564242555,0
1413547,2013,0,6553,221052,6553,221052,1143,,200,16,-624261,8855,,,-433291,-392769,,,152633,,,,,,33.73294674195025,0,0,-59.93728063482374,1.351289485731726,0.02964460850840526,0,0,6553,8855,-59.93728063482374,0
1416697,2013,0,582,4300,2844,4300,314,,,6000,-102481,0,,,,-15288,,,,,,,,,7.3883161512027495,0,0,-26.2680412371134,0,0.6613953488372093,0,,582,0,-18.855670103092784,0
1419556,2013,0,0,36465,,,0,,,-36465,61465,0,,,,0,,,0,,,,,,,,0,,,,,,0,0,,
1421636,2013,0,460176,15000,,,201745,,,423563,69411,85123,,,26440,21613,,58683,,,,,,,0.032596224053405655,0,0,0.046966812697750424,0.18497922533986996,,0.05455945440545595,-0.1893047619047619,436368,105000,0.08912660873391266,0
1429393,2013,0,1317939,680879,1257291,680879,4329,,,637060,,0,,,,-3206269,301801,,-258,,,,,,0.5166240622669183,0,0,-2.432790136721047,0,1.8465703891587197,0.033042427244737355,,1275784,0,,0
1441769,2013,0,38180,4034814,63918,4034814,,,40066,-3947395,-17421808,249343,181763,67580,-578706,-1916905,,,45023,,146015,,,146015,105.67873232058669,3.8243844944997383,-0.0369902175992015,-50.20704557359874,6.530722891566265,0.015841622439101283,-0.44966559040590404,-0.043669864111778894,69376,260729,-19.309963099630995,0
1442711,2013,0,1500207,6608220,561803,6556673,17363,489420,,-6111067,-52500000,715382,,150496,-2733804,-3791543,772795,,923939,65145,,,,,4.404872127646385,0,0,-2.5273465595081213,0.47685552727057,0.0856841571937475,0,-0.368890661128809,1500207,1133531,-15.800970799363022,0
1449794,2013,0,643009000,592982000,,,46135000,,,44333000,17360000,,,,,5743000,,,4107000,,10000000,12586000,,22586000,0.9221986006416707,0.03512548035875081,0.5094624771614824,0.008931445749592929,,,0.11734378258149719,,575480000,,0.008938625147702788,0.022739278515326335
1456212,2013,0,960652,402265,670248,349588,,288519,53892,21000,384095,1522731,1111332,411399,-1827,-18193,,410492,,2734,,,,,0.4187416462985556,0,0,-0.01893817948643213,1.5851015768457255,1.917251164227605,0,-0.19106723084156088,960652,1882395,0.043735921020307045,0
1462694,2013,0,929926000,1113100000,,,59176000,,,130128000,30931000,,,,,6666000,,,6476000,1294000,,,,,1.1969769637584067,0,0,0.007168312317324174,,,,,,,,
1463191,2013,0,312836,1199038,200933,541109,0,,138040,-886202,-5007417,,,,-537191,0,698300,,69675,,,,,,3.8328005728240995,0,0,0,,0.3713355349846334,-0.04433494527247678,,327349,,-0.6821007548518554,0
1464766,2013,0,304736,769210,58582,,30907,,,-2456406,-4100081,71782,,,-2094253,-1122792,,,,,,,,,2.524184868213798,0,0,-3.6844744303265777,0.23555470965032027,,0.055377390509305756,,288746,0,-3.8885110096763245,0
1477968,2013,0,77028149,64024920,,,,,,9334634,9077164,,,,,1348366,,,733133,,,,,,0.8311886087253635,0,0,0.017504847481146144,,,-0.025499851961735674,,79043753,,0.0061840307607863715,0
1484674,2013,0,,509946,30993,499055,490,,,-478953,2253682,,,,,-71671,,,27656,,,10891,,10891,,,-0.022739183176637374,,,0.062103375379467196,,,,,,
1487101,2013,0,447855000,161647000,77985000,61534000,5639000,11305000,,301028000,-2357000,3275000,0,91529000,1828000,1015000,2323000,,,15492000,,,63000000,63000000,0.360936017237722,0.1406705295240647,0.20928285740861316,0.0022663585312210424,0.007312634669703364,1.2673481327396237,0.6734047998923891,-0.9696725562099493,267631000,107988000,0.040750137315931266,0.2566967204845478
1487252,2013,0,632329,934260,720118,909095,106908,0,52748,-487796,-591606,2549372,1573541,975831,,523371,,421094,-7594,11372,145648,,,145648,1.477490357076775,0.23033579038759885,-0.2985838342257829,0.8276878017614249,4.031717665961865,0.7921262354319406,6322.29,,100,0,-27.98,0
1488613,2013,0,66039000,,58386000,15759000,124293000,1763000,2195000,-89763000,-46819000,2057000,258000,,-15771000,-22393000,9023000,,408000,2894000,,,,,,0,0,-0.33908750889625827,0.031148260876148942,3.7049305158956787,,,,,,
1490636,2013,0,191126000,,122926000,79122000,40824000,78006000,,41805000,-12009000,551476000,,261924000,40895000,8013000,,201084000,,6978000,,0,,,,0,0,0.04192522210478951,2.885405439343679,1.5536260458532394,0.1753426847791997,-0.092507388611336,162613000,607692000,0.15480312152164957,0.0011622686993044836
1498372,2013,0,2089,100685,,90685,2089,,,6428,,0,,,,-88364,,669,-1269,,,,,,48.19770224988032,0,0,-42.29966491144088,0,NaN,-0.6593836621555519,,6133,0,-6.163704549160281,0
1506742,2013,0,,,540,53435,,,,0,,,,,11000,-9627,,,,,,,,,,,,,,0.01010573594086273,,,,,,
1508332,2013,0,526,72538,1593,72538,465,,,51991,,0,,0,,-25779,,,3571,,,,,,137.90494296577947,0,0,-49.00950570342205,0,0.021960903250709974,0.13118279569892474,,465,0,-64.78494623655914,0
1512922,2013,0,0,0,0,0,0,0,0,0,0,,,,,,,,,,,0,,,,,,,,,-1,,71952,0,-1.4263675783855905,0
1514418,2013,0,57632000,86070000,43914000,49227000,1602000,12339000,27393000,-5948000,-28439000,284244000,246724000,,542000,-1268000,,,1224000,1964000,,36810000,,36810000,1.493441143808995,0.6387076624097724,-6.1886348352387355,-0.02200166574125486,4.9320516379789,0.8920714242184167,-1.2144390657731705,1.9058752568571926,-268757000,97817000,0,-0.009302083294574654
1518548,2013,0,0,30387,,30387,0,,,-30387,-338243,0,,,,-19331,,,0,,,,,,,,0,,,NaN,-1,,7583,,-0.2650665963339048,0
1522690,2013,0,197948035,175303946,,,1878349,,,948569,-8243622,17525798,,,,-1012899,,,10878627,,,29744000,,29744000,0.885605891465404,0.1502616583185582,31.356706786749303,-0.0051169944677652394,0.08853736790062099,,0,0,197948035,17525798,-0.0051169944677652394,0.19484911785055103
1524471,2013,0,5212000000,4196000000,1740000000,1044000000,469000000,,,1652000000,274000000,5522000000,,,535000000,326000000,54000000,566000000,,83000000,,649000000,649000000,649000000,0.805065234075211,0.12452033768227168,0.39285714285714285,0.06254796623177283,1.0594781273983116,1.6666666666666667,0.02216120808001569,-0.0626379222542862,5099000000,5891000000,,0.12727985879584233
1526520,2013,0,1299194000,608534000,632494000,195640000,351148000,,97034000,-325000,196438000,762966000,,,272757000,194069000,,,11381000,,40000000,300000000,,340000000,0.4683934808812233,0.2617007159823706,-1046.1538461538462,0.1493764595587726,0.5872610249123688,3.2329482723369454,0.5542717547608167,0.574310563620044,835886000,484635000,0.1660226394508342,0.5263875695968111
1526796,2013,0,201438000,245477000,41710000,87495000,972000,9836000,,101607000,13648000,465056000,,,-19900000,,,,,16970000,,,,,1.2186230999116354,0,0,,2.308680586582472,0.4767129550260015,0.1327241544127984,0.32371266654711994,177835000,351327000,,0
1527355,2013,0,180754,276957,640705,276957,213156,390127,6735,72367,,,,442363,-3896585,-3912278,18710,,15693,,0,,,,1.5322316518583268,0,0,-21.64421257620855,,2.313373556183812,2.6785721554022426,,49137,,-0.48942751897755254,0
1530746,2013,0,166735,1316826,185,1316826,,,,-1313820,,,0,0,,0,,281548,60540,,796900,,,796900,7.897717935646385,4.7794404294239365,-0.6065518868642584,0,,0.00014048932812687478,-0.16771907055681734,,200335,,-1.8564304789477626,1.4827663663363866
1531477,2013,0,2366,35099,526,,0,,,0,,0,0,0,-109211,-86028,,,,,,,,,14.834742180896027,0,,-36.36010143702451,0,,0,-1,2366,100,-28.815300084530854,0
1533454,2013,0,1136800000,716700000,599500000,351500000,85800000,173500000,,483800000,,4979200000,,,238700000,28300000,,88300000,42200000,29500000,,275000000,,275000000,0.6304539057002111,0.24190710767065446,0.5684167011161637,0.024894440534834625,4.380014074595356,1.705547652916074,0.1381657989587505,0.558337506259389,998800000,3195200000,0.06107328794553464,0.29034841810172207
1537834,2013,0,21960034,7959361,1064566,5802513,286013,,387803,14000673,-31179408,952566,,,-7208832,-7993196,,,,,,,,,0.36244757180248444,0,0,-0.3639883253368369,0.04337725524468678,0.18346637051911818,0,0,21960034,952566,-0.3639883253368369,0.020983574069147616
1545078,2013,0,,,,,21500000,,,,,29952000,,,,,,,,,,,,,,,,,,,,,,,,
1548981,2013,0,349427000,3196000,,,24294000,,,340896000,-6139000,,,,-63371000,-25351000,,,5113000,22193000,,284000000,,284000000,0.009146402539013871,0.8127591743053628,0.8330986576551206,-0.07255020361906779,,,,,,,,
1555074,2013,0,1405104000,934000,,,140000000,,0,7540000,-5339000,71610000,,,,-5293000,,,4568000,25000,,,,,0.0006647194798392147,0,0,-0.003766980949452852,0.05096419909131281,,,,,,,
1562463,2013,0,636367000,711434000,,,53690000,,,90908000,21902000,,,,,4593000,,,8088000,,,31793000,,31793000,1.1179618050590303,0.04996016449627338,0.3497271967263607,0.007217533278752669,,,,,,,,
1568162,2013,0,1347375000,35561000,,,101176000,,,1311814000,-64901000,24289000,,,-22816000,-20797000,,,485000,14947000,,,,,0.026392800816402263,0,0,-0.015435198070321923,0.018026904165507004,,,,,,,
1569134,2013,0,1035814000,,52347000,71854000,1982000,5148000,17848000,,,-1920000,150120000,,40710000,77507000,,,,29549000,,135000000,,135000000,,0.13033227973362013,,0.07482714078010144,-0.0018536146451003752,0.7285189411862945,,,,,,
1572840,2013,0,5000,19611,5000,19611,9404,,,14000,,0,,,,-51651,,,,,,,,,3.9222,0,0,-10.3302,0,0.254958951608791,,,,,,
1575048,2013,0,,,,,500,,,,,,,,,,,,,,,,,,,,,,,,,,,,,
1584423,2013,0,2424434000,1934191000,322003000,15878000,3680000,29260000,2593000,490243000,-30102000,-1363000,,,-42993000,-124513000,,,102069000,1655000,,925000000,,925000000,0.7977907420866066,0.3815323494060882,1.88681939364764,-0.05135755396929757,-0.0005621930726924305,20.279821136163246,,,,,,
1800,2013,0,60277000000,,19247000000,9507000000,3475000000,2693000000,3986000000,25171000000,21979000000,859000000,,,4415000000,2576000000,,6936000000,347000000,,3164000000,947000000,,4111000000,,0.06820180168223369,0.16332287155853958,0.042736035303681336,0.014250875126499328,2.024508257073735,-0.00490066241783666,-0.9755734974551651,60573852000,35166721000,,0.3123261172163857
216877,2013,0,16813851,5576209,2426013,1659461,1801693,157795,20547,11237642,4959532,6188570,,,1391317,471466,,,212300,343930,,3225659,,3225659,0.3316437739337645,0.19184534227167827,0.2870405553051076,0.028040334126905254,0.36806380644148684,1.4619283008157469,0.03749746778401128,0,16206161,6188570,0.030812849508282683,0.24059744932806726
22356,2013,0,22159589000,19988015000,,,779825000,,,2210642000,449836000,,,,,260961000,,,30913000,,856081000,455310000,,1311391000,0.9020029658492312,0.059179391819947566,0.593217264486968,0.01177643682831843,,,0.0731364791957061,,20649367000,,0.010736890869342387,0.052618416826046045
24741,2013,0,27848000000,7842000000,9695000000,1956000000,4598000000,1051000000,1302000000,21486000000,6304000000,3939000000,4314000000,3576000000,1712000000,2817000000,561000000,1028000000,,,,249000000,,249000000,0.28160011490950876,0.008941396150531456,0.01158894163641441,0.10115627693191612,0.1414464234415398,4.956543967280163,0.07800100646459954,-0.18883855024711696,25833000000,4856000000,0.1377308094297991,0.09255603298107072
28412,2013,0,65069000000,58127000000,,,6451000000,,,7153000000,5931000000,,,,,541000000,,,156000000,133000000,110000000,3543000000,,3653000000,0.8933132520862469,0.056140404801057336,0.5106948133650216,0.008314251025834114,,,0.0665650406504065,,61008000000,,0.004540388145816942,0.08110411749278783
28823,2013,0,2592987000,,1555350000,857344000,230709000,412996000,,791474000,722743000,43204000,2262073000,640356000,-118260000,73603000,92315000,596694000,30330000,79855000,,,,,,0,0,0.02838541033950421,0.016661865254241535,1.8141492796357122,0.02904884930887098,-0.9847000116509956,2519790000,2823793000,-0.00803717770131638,0
29834,2013,0,158810000,67117000,11528000,9824000,2799000,,5111000,27311000,-16136000,35319000,,,-18426000,-13073000,,,1307000,20942000,,,,,0.4226245198665071,0,0,-0.0823184937976198,0.22239783388955356,1.1734527687296417,-0.06907628638756345,-0.3576494980357922,170594000,54984000,0.03225787542352017,0
29952,2013,0,23333023,,315430,353494,20932,213,,11307186,-3325983,1188119,66535,1121584,502400,615507,,,140,433210,,,,,,0,0,0.02637922227222765,0.05092006295112297,0.8923206617368329,0,0,23333023,1188119,0.064110081235509,0
314197,2013,0,0,,0,290492,0,,,15,,0,,,,-64046,,,10235,,,,,,,,0,,,0,,,0,0,,
317540,2013,0,1283474000,1084036000,241312000,216312000,11761000,65924000,103524000,191320000,170439000,1641331000,,629243000,73647000,27675000,,565623000,35338000,,,378566000,,378566000,0.8446107985046833,0.29495416346571884,1.9787058331591052,0.021562571583062844,1.2788190489250268,1.1155738008062428,-0.0579488779198855,0.08367363242680076,1362425000,1514599000,0.02646531001706516,0.38403508450006424
352825,2013,0,379894000,,276392000,91969000,74800000,107108000,58409000,255747000,270311000,,,98410000,16323000,22895000,1899000,64807000,622000,9182000,,,,,,0,0,0.06026681126840645,,3.0052735160760693,0.003942896707734103,,378402000,,0.05415404781158662,0
4969,2013,0,29926000000,2200000000,,,86000000,,14458000000,2687000000,3004000000,984000000,,,,397000000,,,,,18000000,21700000000,,21718000000,0.07351466951814475,0.7257234511795763,8.082620022329737,0.01326605627213794,0.032881106729933836,,-0.03901608811534633,0.004081632653061225,31141000000,980000000,0.011174978324395492,0.6999775215953244
57515,2013,0,87452000,,326058000,72671000,100890000,109704000,,-732222000,1208027000,,,267109000,165710000,106364000,,96824000,,17512000,,,,,,0,0,1.21625577459635,,4.486769137620233,-0.7589818213888062,,362844000,,0.2931397515185589,0
58822,2013,0,201990,514353,259795,,42617,148432,54707,40077,-17494188,418708,140106,,-302132,-257427,,,4753,,,,,,2.5464280409921285,0,0,-1.2744541809000445,2.0729145007178573,,0.28014348457097227,-0.24786687120752154,157787,556694,-1.175439041239139,0
59255,2013,0,141400000,,1363400000,398500000,366900000,650300000,,733600000,75400000,2025100000,,745800000,553000000,217500000,20000000,268900000,61800000,63800000,,502500000,,502500000,,3.5537482319660536,0.6849781897491821,1.5381895332390383,14.321782178217822,3.4213299874529484,-0.9479055373392772,0.3205738506684056,2714300000,1533500000,0.01853148141325572,0.17919905684706922
59527,2013,0,1976776000,,1132816000,440267000,366193000,364890000,360662000,1342373000,1682668000,2694609000,,736737000,296680000,217013000,32834000,439775000,6704000,62051000,18676000,,,18676000,,0.009447706771025143,0.013912675538021101,0.10978128022598413,1.363133202750337,2.5730204625829325,0.10818998670245568,,1783788000,,0.07411755208578598,0.05685541106902838
6201,2013,0,23510000000,,7072000000,9011000000,168000000,,,-3945000000,-9462000000,,,,-1037000000,-1979000000,,,811000000,915000000,,6000000000,,6000000000,,0.25521054870267973,-1.520912547528517,-0.08417694598043386,,0.7848185550993231,0,,23510000000,,-0.07979583156103785,0.1402381965121225
67279,2013,0,57219771,21234928,27569453,16934830,4132953,7470697,12335124,551797,31229068,57108231,25839101,11918969,4783503,,4031537,22454090,298769,2433183,,,,,0.3711117263996041,0,0,,0.9980506737784742,1.627973413373503,0.44114030267240917,0.8101652214427448,39704511,31548629,,0.09890218771363284
69488,2013,0,428757000,,234910000,150583000,3948000,107502000,112459000,235507000,-53509000,755654000,557385000,198269000,43933000,24505000,,,4722000,34214000,,34200000,,34200000,,0.07976546155514662,0.14521861345947254,0.05715358583066865,1.762429534678151,1.5600034532450542,-0.008413603302535875,0.02445168095138676,432395000,737618000,-0.09906220007169371,0.17120919529596781
700564,2013,0,16533097000,14871447000,,,,,,2081656000,463843000,,,,,161840000,,,103168000,25911000,1258629000,,,1258629000,0.8994955391600254,0.07612784223064802,0.6046287186739788,0.00978884960270904,,,0.009931823740594977,,16370508000,,0.007839219161677817,0.041176303142211594
700923,2013,0,466348000,211658000,278400000,188893000,76454000,,173468000,296091000,134679000,,,85566000,81413000,18298000,,69818000,544000,1650000,0,,,,0.4538627805844562,0,0,0.03923679312444784,,1.473850275023426,0.1303542688720405,,412568000,,0.039077194547323106,0.024238428574198678
706688,2013,0,1827176000,676803000,,,129534000,,74157000,1139963000,1087032000,2212827000,,,187151000,173043000,,,6392000,658335000,,142704000,,142704000,0.3704093092291055,0.07810085071169937,0.12518301032577372,0.09470516250213444,1.2110639588085659,,0.21742502430284644,0.17933282809387222,1500853000,1876338000,0.07887248118236763,0.09429837565704303
712771,2013,0,1629765000,1469074000,,,37497000,,,120957000,46753000,,,,,13926000,,,12177000,983000,,146000000,,146000000,0.9014023494184744,0.08958346755513832,1.2070405185313788,0.008544790199814084,,,0.13751781553919837,,1432738000,,0.004888542078174796,0.12279495623065767
718877,2013,0,14200000000,7390000000,6241000000,2405000000,3959000000,209000000,707000000,10492000000,2686000000,4583000000,,,1328000000,1085000000,604000000,,,148000000,,0,,,0.5204225352112676,0,0,0.07640845070422535,0.32274647887323943,2.595010395010395,0.06951871657754011,0.030582415111310997,13277000000,4447000000,0.03148301574150787,0
719274,2013,0,9360000,6716000,6575000,5602000,1059000,3321000,1846000,1997000,-18258000,507000,8811000,4498000,-4539000,-4206000,3897000,4809000,,251000,,,,,0.7175213675213675,0,0,-0.4493589743589744,0.05416666666666667,1.1736879685826491,3.790174002047083,-0.6825297432686287,1954000,1597000,-2.9948822927328558,0
72741,2013,0,28302824000,,2227295000,3643690000,,,792822000,9237050000,1802714000,4465657000,,,794176000,400513000,,,250425000,16800000,,7200156000,,7200156000,,0.254397087725239,0.7794865243773715,0.014150990727992373,0.15778132245743393,0.611274559581084,0.8088262681323131,-0.08830037848852439,15647066000,4898167000,0.025187277921624413,0.2949379135999043
730708,2013,0,2173929000,2008383000,,,211405000,,,165546000,-70695000,,,,,-710000,,,8478000,,,,,,0.9238493989454117,0,0,-0.00032659760277359566,,,0.01710228668343178,,2137375000,,-0.015534475700333353,0
732026,2013,0,420000,15438000,16578000,12860000,2793000,2324000,8728000,10531000,2687000,1075000,25419000,5139000,-861000,-1019000,281000,,271000,2490000,,,,,36.75714285714286,0,0,-2.426190476190476,2.5595238095238093,1.2891135303265941,131.86934514394179,62.40312592155706,3161,16955,-217.6526415691237,0
753772,2013,0,395074,,380175,3713426,81856,265234,,23155777,-31421984,379554,239410,,-1311750,-3343694,278280,,25242,47933,,,,,,0,0,-8.463462541194815,0.9607162202524084,0.10237850437843651,0.1912952230470941,,331634,0,-5.850476730371434,0
761648,2013,0,1369903000,848153000,,,14166000,,17846000,513656000,,129988000,,,18984000,-103561000,,,41312000,41862000,,719792000,,719792000,0.6191336174897055,0.5254328226159078,1.4013113834940116,-0.07559732331413246,0.0948884702055547,,-0.09407715967127882,-0.007710041374677476,1512163000,130998000,-0.027304596131501695,0.5033954672875873
764180,2013,0,35329000000,32125000000,6315000000,8259000000,3175000000,1879000000,,4119000000,25168000000,24466000000,,9563000000,7253000000,3390000000,136000000,,1053000000,225000000,0,13992000000,,13992000000,0.9093096323133969,0.3960485719946786,3.396941005098325,0.09595516431260438,0.6925188938266014,0.764620414093716,-0.038692824685042586,0.004227722365882691,36751000000,24363000000,0.10631003238007129,0.3724796604174036
767920,2013,0,899275000,,342937000,155505000,203089000,25667000,62143000,1031315000,-482314000,654304000,211190000,443114000,53225000,89384000,227106000,118601000,,72544000,30000000,22793000,,52793000,,0.05870617997831586,0.05118998560090758,0.09939562425287037,0.7275905590614662,2.205311726311051,-0.36465450671218463,7.743639084883473,1415411000,74832000,0.06315056192159027,0.1287852079713949
794367,2013,0,20991000000,,8688000000,5726000000,1836000000,,,6249000000,5108000000,27931000000,15738000000,10667000000,2661000000,1486000000,,8482000000,447000000,1020000000,124000000,706000000,,830000000,,0.03954075556190748,0.13282125140022405,0.07079224429517413,1.3306178838549854,1.517289556409361,-0.049966055668703324,0.3105762012012012,22095000000,21312000000,0.042950893867390816,0.3325186693822132
799231,2013,0,249259000,42643000,89639000,51144000,26120000,,49971000,204315000,111789000,,,166544000,30749000,20802000,,,,2611000,,,,,0.17107907838834305,0,0,0.08345536169205525,,1.7526787110902549,0.13234178451530254,,220127000,,,0
803164,2013,0,508913000,453017000,,,20479000,,,61558000,14815000,,,,,5094000,,,1419000,,,,,,0.8901659026198977,0,0,0.010009569415597558,,,0.026212206148646743,,495914000,,0.005466673657126034,0
809933,2013,0,97512155,,68491155,44034632,10467770,,,26851,25365853,11800000,,,4783834,0,,,364305,2160062,,372744,,372744,,0.0038225388414398183,13.881941082268817,0,0.12101055504311231,1.5553929234607888,0.034418098630280794,-0.9181114524506445,94267642,144098294,0.04516509493257506,0
812701,2013,0,552990000,173573000,273206000,82196000,18161000,109517000,101918000,377117000,270511000,10721000,,,71530000,,8025000,85345000,80000,28938000,19565000,44408000,,63973000,0.3138809020054612,0.11568563626828694,0.16963700920404012,,0.019387330693140924,3.3238357097668985,0.10253348034045573,-0.977772986331247,501563000,482341000,0.06948279677727424,0.008258184913958964
814453,2013,0,6069700000,,2285600000,1604500000,183800000,684400000,1112400000,2071500000,2294900000,5579900000,3410600000,2101100000,313000000,125200000,110800000,1446100000,,158900000,210700000,1918400000,,2129100000,,0.35077516186961466,1.0278059377262854,0.020627049112806235,0.9193040842216255,1.424493611717046,-0.01480303202454187,-0.01383832314163515,6160900000,5658200000,0.047525523868266,0.37014072619260174
815917,2013,0,9583586000,,,,600936000,,,,,,,,,0,,,58745000,88118000,,5503000,,5503000,,0.0005742109477600556,,0,,,0.04637072516055999,,9158882000,,0,0.0006008375258028218
818479,2013,0,4972297000,2722854000,1143802000,796405000,80132000,438559000,,2535053000,3095721000,167621000,,1556387000,419166000,244520000,85400000,1144890000,56851000,33855000,45000000,1166178000,,1211178000,0.5476048594844596,0.2435852082045783,0.47777225959378367,0.04917646713380154,0.033710979050527355,1.436206452747032,0.04561111393830758,-0.9245295166982288,4755398000,2221014000,0.05587502875679386,0.3718132530652534
819793,2013,0,1230928000,619109000,522484000,158508000,222666000,112739000,163547000,544297000,434598000,760941000,,290554000,52091000,17517000,30200000,157688000,15227000,2104000,,300111000,,300111000,0.5029611805077145,0.24380873617303367,0.5513736066889952,0.014230726736251023,0.618184816658651,3.296262649203826,-0.03705332032640404,0.024302484765516157,1278293000,742887000,0.029442389186203788,0.292881209550549
819926,2013,0,89936284,11942626,19073397,11809870,1152607,5897555,10078623,2744720,38401734,57199221,44062636,13136585,6343706,4198580,0,3050911,305659,,,,,,0.13278985375913463,0,0,0.04668393904288952,0.6359971577211262,1.6150386922125306,0.08895999938393848,0,82589153,57199221,0.06974938948701896,0
821189,2013,0,24838797000,,3589884000,2924058000,788853000,,1656618000,10231632000,10175631000,10126115000,,,2113309000,1091123000,,,210363000,2516381000,,5905602000,,5905602000,,0.2377571667420125,0.5771906182708683,0.04392817413822417,0.40767332653026633,1.2277061535715093,0.14865563093035486,0.6600471549023131,21624233000,6099896000,0.007429350210941586,0.2316459501708107
822663,2013,0,664058000,,525491000,126147000,125650000,117347000,79932000,407211000,359459000,154300000,,328779000,78754000,39211000,,250025000,1380000,11110000,,,,,,0,0,0.05904755307518319,0.23235922163425485,4.16570350464141,0.5157507903356501,-0.6648566463944396,438105000,460400000,0.060700060487782606,0
831259,2013,0,32070000000,14129000000,10297000000,3343000000,3738000000,5018000000,927000000,17543000000,2399000000,2300000000,,,9140000000,5747000000,,415000000,,,2000000,3525000000,,3527000000,0.4405675085749922,0.10997817274711569,0.20104885139371828,0.17920174618023074,0.07171811661989398,3.0801675142087945,0.09133601034506228,,29386000000,,0.18866126727012864,0.12036343837201388
834162,2013,0,679075000,646959000,134681000,89339000,115113000,4272000,4853000,5777000,-50012000,504097000,,,65955000,,,,67993000,30458000,,556716000,,556716000,0.9527062548319405,0.8198151897802157,96.36766487796434,,0.7423289032875603,1.5075275075834742,0.05961262094867766,0.15965143536762388,640871000,434697000,,0.8565421122191518
840889,2013,1,7981783000,7643429000,,,384032000,,41626000,840154000,-747914000,,,,,-10690000,,,178722000,13228000,,7425399000,,7425399000,0.9576092208971354,0.930293269060309,8.838140388547814,-0.001339299752949936,,,0.000052497292442745376,,7981364000,,-0.03657194434435016,0.9161320045044932
844538,2013,0,,,,,,,,,,,,,,,,,,,,,,,,,,,,,NaN,,2860,,-0.46853146853146854,0
858800,2013,0,509014000,480770000,,,28193000,,,45072000,23650000,,,,,3654000,,,3677000,677000,,5000000,,5000000,0.9445123316843937,0.009822912532857643,0.11093361732339369,0.007178584479012365,,,0.03482949162604039,,491882000,,0.0077925193440703255,0.04066015833065654
862692,2013,0,12330659,,9425497,9810433,2677382,,3336460,-484535,-33725902,18994614,,,1702788,27436,36168,11366417,1400572,204149,,2300000,,2300000,,0.18652693258324637,-4.746819115234193,0.0022250230097191075,1.540437863053386,0.9607625881548755,-0.36657825263433885,0.06006963841933401,19466744,17918270,-0.1076464559250381,0.14640352798598472
865436,2013,0,5294000000,1660000000,1980000000,1088000000,290000000,414000000,,3878000000,1265000000,10108000000,,4156000000,744000000,343000000,,,0,311000000,,0,,,0.31356252361163583,0,0,0.06479032867397053,1.909331318473744,1.8198529411764706,-0.000040799242040747864,-0.13598182655561736,5294216000,11698828000,0.06471439775029957,0
87802,2013,0,5772200,739000,3962800,545600,907800,1705600,815900,3055400,3061700,7134500,,2958700,507400,66100,375900,,4800,49300,,105000,,105000,0.12802744187658086,0.01819063788503517,0.03436538587418996,0.011451439659055472,1.2360105332455562,7.263196480938417,0.1514003031995532,,5013200,0,0,0
880807,2013,0,216754000,56250000,83281000,47822000,43114000,20694000,7556000,507000,-856389000,3700000,72858000,,-41429000,-136827000,12173000,37230000,1200000,10615000,,,,,0.2595107818079482,0,0,-0.6312547865321978,0.01707004253670059,1.7414788172807494,1.2599493280228544,-0.8015234416908057,95911000,18642000,-1.426603830634651,0
882291,2013,0,1695102,16425268,1479346,15648817,,,208781,-14948436,-74832557,1623769,,,-3055928,-13357232,1509000,,,21087,,,,,9.68984049337444,0,0,-7.879898672764235,0.9579181665764066,0.09453404688673911,1.0211209332605218,0.3201331052581943,838694,1230004,-9.671393857592877,0
885639,2013,0,13905000000,,4719000000,2535000000,2277000000,3748000000,,5978000000,10878000000,18804000000,,6990000000,1890000000,889000000,,4313000000,,833000000,,2792000000,,2792000000,,0.2007910823444804,0.4670458347273336,0.06393383674937073,1.352319309600863,1.8615384615384616,-0.01717557251908397,0.022456636398238267,14148000000,18391000000,0.0791631325982471,0.1513288097257563
888919,2013,0,10267807000,6725195000,,,,,,125114000,3085501000,2536904000,,,,255243000,,,,,,,,,0.6549787116177778,0,0,0.024858570091938814,0.247073596143753,,0.06986658092013173,0.10192185571183718,9597278000,2302254000,0.035957695504912957,0
891014,2013,0,1165000000,343139000,815117000,180894000,490267000,89169000,204449000,847538000,1106252000,1018181000,,233645000,126852000,80330000,20053000,89231000,3263000,47289000,5504000,75000000,,80504000,0.2945399141630901,0.06910214592274679,0.0949857115551161,0.06895278969957082,0.8739751072961374,4.506047740665804,0.04381327838007347,0.01578983073844171,1116100000,1002354000,0.05991309022489024,0.08179822596541529
893691,2013,0,1645948000,765583000,652472000,228592000,100873000,208783000,256666000,796724000,-60177000,,,185359000,5807000,-11010000,4100000,208058000,,4143000,,,,,0.46513194827540116,0,0,-0.0066891542138633785,,2.8543081122698957,,,,,,
895419,2013,0,2747498000,,1515766000,207411000,397431000,109262000,152258000,136000,687238000,89410000,862722000,541723000,168706000,86000,155889000,236581000,,108605000,,,,,,0,0,0.000031301205678766645,0.032542334880680535,7.308030914464517,0.12293018986219113,-0.8803769177355502,2446722000,747431000,0.018151633082957523,0
897077,2013,0,381665000,,336953000,78128000,63960000,108758000,151396000,310286000,255203000,227568000,518326000,135085000,50737000,32687000,7164000,92347000,1620000,676000,,,,,,0,0,0.08564316874746178,0.5962506386490771,4.31283278722097,0.028793772221368634,-0.5774415650972615,370983000,538548000,0.05692174574037085,0
897448,2013,0,310855000,286332000,219402000,25202000,260242000,21209000,3645000,-217000,-913870000,26351000,,,-116750000,-69126000,21602000,57794000,1000,180000,,87717000,,87717000,0.9211111289829663,0.28217979443792124,-404.2258064516129,-0.22237377555451898,0.08476942625983175,8.705737639869852,1.4597045395200152,,126379000,0,-1.9749246314656708,0.6737907405502497
908315,2013,0,43538800,,18934700,20513200,2233400,96700,17700,513700,35199300,55731200,,,21867700,,,20280300,213500,339600,,,,,,0,0,,1.2800352788776908,0.9230495485833512,-0.0881105523638778,0.08563747930262004,47745700,51335000,,0
910406,2013,0,1673593000,708991000,448808000,274130000,27517000,250175000,233641000,-6871000,375111000,420408000,1259823000,319837000,18671000,79225000,7516000,204163000,,24124000,,390584000,,390584000,0.4236340615669401,0.2333805172464273,-56.84529180614175,0.04733827161083967,0.25120085946822196,1.6372086236457155,0,1.1856180336050575,1673593000,192352000,0.04733827161083967,0.1371540153430374
913277,2013,0,320786000,72780000,104542000,26237000,2767000,60664000,30925000,162922000,-231334000,394000,,56352000,4866000,4892000,4690000,50493000,2889000,,,36429000,,36429000,0.22688022544624764,0.11356168910114531,0.22359779526399134,0.015250042084130853,0.001228233152319615,3.9845256698555476,0.408642804761842,,227727000,,0.027410012866282873,0.16717385290281786
916540,2013,0,1552416000,1223181000,1127502000,176804000,870857000,65133000,98131000,1062436000,607743000,32400000,1232604000,,169566000,169418000,,136135000,37163000,85371000,,250142000,,250142000,0.7879208923381362,0.16113077937872322,0.2354419466207847,0.10913183064333272,0.020870694453033207,6.377129476708672,0.095542084500681,0.16967509025270758,1417030000,27700000,0.031222345327904136,0.2117104083893778
918997,2013,0,3826,292170,0,292170,,,,-292170,,0,,,-374541,-386581,,374541,12040,,,,,,76.36434918975431,0,0,-101.0405122843701,0,0,,-1,0,5000,,
920371,2013,0,836087000,112334000,498054000,95515000,175553000,197728000,82812000,789568000,615289000,522895000,,283477000,84885000,,10700000,,793000,17707000,,,,,0.13435683128669623,0,0,,0.625407403774966,5.214406114222897,-0.0441541129678556,-0.058672840228484194,874709000,555487000,,0
927569,2013,0,4210000,216000,,,205000,,,,,2954000,,,,1157000,,,,,,,,,0.05130641330166271,0,,0.27482185273159143,0.7016627078384798,,0.04804580532735873,0.12705074399084318,4017000,2621000,0.17849141150112025,0
932628,2013,0,4517331000,3048771000,523368000,616974000,60102000,163746000,266677000,,,3166543000,,,392194000,21498000,,,,202871000,,55587000,,55587000,0.6749053810756839,0.012305274951071771,,0.004759004819438735,0.7009765279542278,0.8482820994077547,0,0.08383271449773003,4517331000,2921616000,-0.00046354805525652206,0.12175330964235298
933034,2013,0,169500000,,101291000,56973000,9200000,24312000,,-22212000,179614000,,,53866000,16343000,9375000,1300000,,34000,6809000,,,,,,0,0,0.05530973451327434,,1.777877240096186,0.14458970341958835,,148088000,,0.02310112905839771,0
934543,2013,0,40030571,25945945,4934164,2065345,3143377,,,13260612,-5869624,,,,364121,366915,,,1848050,,,25376800,,25376800,0.648153257668995,0.6339354989465427,1.9136974975212306,0.009165869754893079,,2.389026530676473,-0.023549084277488707,,40995989,,0.0019436779534700334,0.20440311855874485
942126,2013,0,20407000,2356000,13495000,856000,1905000,10151000,511000,10616000,5959000,6268000,,1407000,-924000,-933000,,2331000,34000,188000,,1500000,,1500000,0.11545058068309894,0.07350418973881512,0.14129615674453655,-0.045719606017543,0.30714950752192877,15.76518691588785,0,-0.12847608453837597,20407000,7192000,-0.030038712206595777,0.07350418973881512
942650,2013,0,2594983,,531321,3627986,514003,,17318,-1557541,-16140336,584611,37494,,-168768,-183842,,,15100,235009,,,,,,0,0,-0.07084516545965812,0.22528509820680906,0.1464506753884938,0.31016340040875345,-0.6892714013883131,1980656,1881420,0.6349401410441793,0
95953,2013,0,148506540,,90922148,25003341,1085261,55856803,31177526,71774068,76337597,12619000,,19202084,1814227,1760564,612000,3197000,,419000,2274054,0,,2274054,,0.015312820566690194,0.03168350440997715,0.011855127727034783,0.08497268874488625,3.63639995151048,0.5013344000392089,0,98916364,12619000,0.040780138259024566,0.08745197104090886
99250,2013,0,6410815000,,540623000,294159000,,36506000,137808000,,2204018000,136700000,,,354551000,374026000,,,,266981000,,1428355000,,1428355000,,0.22280396486250187,,0.05834297199342049,0.02132334188398823,1.837859796912554,0.05505536855343966,,6076283000,,0.04456276970641427,0.1694122870840611
1001907,2014,0,48002000,12522000,10916000,6609000,5096000,,5317000,35480000,-151840000,23995000,15684000,8311000,-559000,-185000,2080000,6790000,,2115000,,5655000,,5655000,0.26086413066122244,0.1178075913503604,0.15938556933483652,-0.0038540060830798716,0.49987500520811634,1.6516870933575427,0.03992720812842566,-0.08198791032213636,46159000,26138000,-0.05877510344678177,0.1308953833488594
1011290,2014,0,1770234000,1271147000,314200000,217874000,27766000,206244000,1793000,630767000,-26687000,1668651000,1117051000,551600000,58284000,-8909000,,,60898000,,,250000000,,250000000,0.7180672159725776,0.14122426752621406,0.39634286511501077,-0.0050326679975641634,0.9426160609275384,1.4421179213673958,0.001240355851476295,0.17190587957676148,1768041000,1423878000,-0.0006221575178403669,0.43189100252765633
1012569,2014,0,43230000000,,6239000000,6067000000,107000000,1765000000,3359000000,6350000000,,15702000000,,5135000000,1394000000,1569000000,,433000000,665000000,656000000,,17088000000,,17088000000,,0.39528105482303955,2.691023622047244,0.03629424011103401,0.36321998612074946,1.0283500906543597,1.785617630001933,1.3094572731284013,15519000000,6799000000,0.04310844770925962,0.9950383400992332
1018963,2014,0,6247800000,3903800000,2950800000,1211000000,380600000,1322100000,528200000,2894200000,2490100000,,,,303900000,158400000,22300000,321600000,,194000000,419900000,,,419900000,0.624827939434681,0.06720765709529755,0.14508326998825236,0.025352924229328725,,2.4366639141205617,0,NaN,6247800000,2081000000,0.03430007362591632,0.0027369634111207145
1024305,2014,0,6592500000,4854500000,2416900000,1597300000,920400000,617400000,622700000,1494000000,-426400000,,,2685900000,-209500000,-324400000,46500000,2292600000,77200000,67500000,18800000,2590100000,,2608900000,0.7363670838073568,0.39573758058399694,1.746251673360107,-0.04920743268866136,,1.5131158830526514,,,,,,
1031029,2014,0,89717000,31543000,60064000,28498000,9183000,,43708000,66279000,-15244000,58395000,,24325000,-4597000,-6406000,,28828000,,12527000,,506000,1000000,1000000,0.35158331196986076,0.01114615959071302,0.01508773518007212,-0.0714022983381076,0.6508799892996868,2.1076566776615904,-0.036668384658334406,-0.08620743615423135,93132000,63904000,-0.06878409139715673,0
103379,2014,0,9633021000,,3882982000,1568001000,341228000,1399062000,1360443000,108215000,3231753000,10879855000,,,1437724000,1085999000,,4159885000,,237956000,21800000,1402648000,,1424448000,,0.14787136870146966,13.163128956244513,0.11273711538675146,1.1294333314543796,2.4763900023022947,0.03434883196039654,0.15018375698999664,9313126000,9459232000,0.12993692987725067,0.15259409139315844
1036030,2014,0,410293000,377711000,,,12055000,,,398000,20403000,,,,,0,,,2063000,,,,,,0.9205884575169452,0,0,0,,,0.020332390821576805,,402117000,,0.005112939766286927,0
1036968,2014,0,22293000,21447000,20125000,6122000,12851000,578000,3027000,539000,-208363000,26043000,,,-6982000,-2164000,6347000,,1560000,509000,,18943000,,18943000,0.9620508679854662,0.8497286143632531,35.144712430426715,-0.09707082940833446,1.1682142376530749,3.2873244037896114,0.0883128295254833,0.046576113165085996,20484000,24884000,-0.10564342901776996,0
1043604,2014,0,10326000000,3023800000,3703900000,1441400000,2910400000,52700000,578300000,7302200000,-2631300000,4365400000,1656600000,2708800000,308100000,186500000,1101600000,,52900000,187900000,,999300000,,999300000,0.29283362386209566,0.09677513073794305,0.1368491687436663,0.018061204725934536,0.42275808638388535,2.569654502566949,0.05023341910680323,0,9832100000,4365400000,0.04323593128629692,0.10162630567223686
1047884,2014,0,8619491000,7717305000,,,8877000,,,982287000,-263023000,,,,,100218000,,7008000,86073000,235000,,,,,0.8953318705246053,0,0,0.011626904651330339,,,-0.07168621141064102,,9285105000,,0.008154996631702065,0
1056903,2014,0,1280943000,,191617000,100906000,23486000,,23829000,408666000,238443000,466908000,,,111094000,54148000,,,22765000,43234000,,326079000,,326079000,,0.25456167838849975,0.7979107633128276,0.0422719824379383,0.36450333855604816,1.8989653737141499,0,-0.010949484935720233,1280943000,472077000,0.03580096850523404,0.25954550670872945
1059272,2014,0,344816000,85224000,160299000,48409000,86965000,31683000,7051000,259500000,39022000,425117000,286990000,138127000,-59669000,-73382000,,186920000,,21560000,,,,,0.24715790450559139,0,0,-0.21281495058233957,1.232880724792353,3.3113470635625606,0,-0.12290225011657031,344816000,484686000,0.033992042132615655,0
1059790,2014,0,35334376,,35295397,17545651,104990723,,1673000,46740812,-96904433,,,,,-25283021,5739848,17160810,,,,,,,,0,0,-0.7155360830484172,,2.01163222726817,-0.6056290931422873,NaN,89596812,86950517,0.47255623336241026,0
1062292,2014,0,193242000,37352000,114159000,27284000,77376000,2374000,11838000,155890000,-13932000,129131000,22602000,106529000,14249000,8714000,26229000,,,3874000,,,,,0.19329131348257625,0,0,0.04509371668684861,0.6682346487823558,4.184100571763671,0.05392846624562322,0,183354000,129131000,0.03160007417345681,0
1070336,2014,0,156807000,13338000,124782000,13059000,73664000,,,152958000,-450682000,2607000,,,-47293000,-58947000,46736000,,37000,489000,,347000,,347000,0.08505997818974918,0.002212911413393535,0.0022685966082192496,-0.3759207178250971,0.016625533298896097,9.555249253388467,0.9233043051637434,9.554655870445345,81530000,247000,-0.5422053231939163,0.00425610204832577
107140,2014,0,2532946000,,634971000,729587000,334140000,82017000,161731000,1182248000,1489069000,1760778000,,1268300000,280419000,212746000,,,9038000,138091000,,700100000,,700100000,,0.27639752288441993,0.5921769374953478,0.08399152607280218,0.695150232180236,0.8703156717430547,0.7539792564852913,21.021286175242,1444114000,79958000,0.14731939445223854,0.3289214009420309
1071760,2014,0,15051719,2522637,751249,3612563,31800,559150,0,7436086,-109463965,1119879,,,-6638606,-11579215,241192,5474310,2225386,429599,,61212,,61212,0.16759793349849275,0.004066778020503837,0.008231749874866967,-0.769295188144291,0.07440206663438242,0.20795457407940013,0.6896406101454193,-0.8333467513614586,8908237,6719815,2.1425907281092766,0.011486111112670217
1073475,2014,0,410175000,371828000,,,34799000,,,41566000,653000,,,,,1838000,,,2961000,,,,,,0.9065106357042726,0,0,0.004481014201255562,,,0.008901602731235057,,406556000,,0.007804582886490422,0
1074447,2014,0,21941590,1652646,2570343,1312297,1369778,,32508,13688596,-64606924,0,,,,-10961113,,,633,,,,,,0.07532024798567469,0,0,-0.4995587375390753,0,1.9586595107662366,-0.3156259013144801,,32060813,,-0.062192184583715955,0
1074902,2014,0,932338000,813465000,,,19535000,,,77960000,65475000,,,,,8270000,,,4889000,1256000,8655000,5000000,,13655000,0.8725001018943773,0.014645976030152155,0.17515392508978964,0.008870173692373367,,,0,NaN,932338000,6445000,0.008703924971415946,0.015038537526090323
1076522,2014,0,5232634,,5202812,3284300,1433102,1978001,791292,1461441,-7892563,32322312,,22506724,-2297893,-2284243,,,,6400,,,,,,0,0,-0.43653788894847223,6.177063406307416,1.5841463934476143,0.17846065562399047,-0.21096055580532694,4440228,40964127,0.3706742086217194,0
1076930,2014,0,398919000,187665000,183327000,54214000,65788000,62943000,48552000,210825000,-225165000,177726000,,74224000,33053000,-24252000,28954000,84380000,,23797000,,27500000,115000000,115000000,0.4704338474727952,0.2882790741980201,0.5454761057749318,-0.06079429658652508,0.4455190151384116,3.381543512745785,0.18212232560896105,-0.04623244481890727,337460000,186341000,0.0858561014638772,0.12594085224915547
1077638,2014,0,39403,4739768,30797,4739768,69022,,8500,-4145934,-20269560,638955,,-97781,-550765,-753214,,,203488,,1363421,0,,1363421,120.28952110245413,34.6019592416821,-0.3288573817142289,-19.115651092556405,16.215897266705582,0.0064975754087541835,0,0,39403,638955,-14.43603278938152,0
107815,2014,0,12285600000,,1113800000,1158100000,12700000,,335700000,3177100000,2108800000,3613300000,,,583300000,367300000,,,113200000,257600000,,2487000000,,2487000000,,0.20243211564758742,0.7827893361870889,0.029896789737578953,0.2941085498469753,0.961747690182195,0.053536055156800696,0.1313128150536961,11661300000,3193900000,0.03097424815415091,0.18585406429814857
1079282,2014,0,207914,1557269,26157,1557269,502,,,-1213697,22461356,0,,,-869315,-2080958,23867,,35136,,,125000,,125000,7.489967005588849,0.6012101157209231,-0.10299110898354367,-10.008743999923045,0,0.016796712706667893,0.1426859831164263,,181952,0,-11.019373241294407,0
1082038,2014,0,40820000,,39494000,6968000,2680000,3502000,2349000,30721000,-382905000,1104000,,,-21162000,-22110000,18945000,12095000,6000,964000,,19824000,,19824000,,0.4856442920137188,0.6452914944174994,-0.5416462518373346,0.027045565899069084,5.667910447761194,0,0.2675086107921929,40820000,871000,-0.4597011268985791,0
108516,2014,0,1877797000,1078620000,1198922000,589663000,51385000,410002000,,830822000,591783000,104272000,,396643000,129142000,136442000,,258324000,19497000,4833000,10362000,406236000,149888000,149888000,0.5744071377257499,0.07982119472978176,0.18040928141045856,0.07266067631378685,0.055528899023696385,2.033232541299013,8.340043173769448,-0.9600833612786555,201048000,2612244000,0.5723309856352712,0.74553340495802
1087423,2014,0,3106619000,,1571182000,1334692000,1047473000,,360594000,-60621000,720172000,1328817000,273199000,1128217000,-21127000,150204000,367856000,,160000,62341000,,,,,,0,0,0.048349668884404555,0.42773735691438186,1.177186946501515,0.247087731158015,0.5537830297446019,2491099000,855214000,0.05885996501945527,0
1090009,2014,0,890831000,825166000,,,23005000,,,62539000,8722000,,,,,3862000,,,8702000,979000,,,,,0.9262879266662252,0,0,0.004335277959568088,,,0.11633237176033023,,797998000,,0.002616547911147647,0
1090012,2014,0,43326000000,,8005000000,6655000000,5555000000,,1520000000,20499000000,15410000000,9501000000,,,74000000,-206000000,,,406000000,2811000000,500000000,7956000000,12022000000,12022000000,,0.2774777269999538,0.5864676325674423,-0.004754650787056271,0.21929095693117298,1.202854996243426,0.057660384728053904,-0.16985583224115333,40964000000,11445000000,0.11483253588516747,0.2842495850014647
1090872,2014,0,10686000000,5530000000,5500000000,1602000000,3028000000,1066000000,899000000,5298000000,6073000000,6858000000,3247000000,,951000000,504000000,719000000,1817000000,113000000,301000000,,2699000000,,2699000000,0.5174995320980722,0.2525734606026577,0.509437523593809,0.047164514317798986,0.6417742841100506,3.4332084893882646,0,1.0681544028950543,10686000000,3316000000,0.06775219913906046,0.2525734606026577
1092914,2014,0,4327845000,,241778000,320226000,168000,,219297000,,,1246020000,,,,62049000,,,41760000,90029000,,1935229000,,1935229000,,0.44715765005447283,,0.014337158562748897,0.2879077231277922,0.7550230149956593,0.41172734680350387,-0.04353459723934433,3065638000,1302734000,0.09420812242019443,0.5554321808380507
1094739,2014,0,1007847000,195332000,674298000,141837000,303101000,200670000,225020000,806805000,-1460173000,934335000,754773000,257041000,44179000,42993000,158784000,,3716000,,,258750000,,258750000,0.1938111637976796,0.2567353973370958,0.32070946511238774,0.04265826062884545,0.927060357375673,4.754034560798663,0.03963165870148036,-0.019152217296413213,969427000,952579000,-0.0026933435936898806,0
1095981,2014,0,38719000,44421000,24577000,15917000,15506000,3694000,4152000,-5702000,-300905000,8709000,,4709000,-28418000,-26177000,13628000,,3386000,779000,,,25404000,25404000,1.1472662000568197,0.6561119863632842,-4.455278849526482,-0.6760763449469253,0.22492832976058266,1.5440723754476346,-0.07943414170233,0.22283066554338668,42060000,7122000,-0.6223728007608179,0.6250832144555397
1097430,2014,0,9549075,4328695,2220763,2130973,956217,,778541,5386790,-2416465,12987980,,,10102,-139693,,3499453,,1404167,,3110182,,3110182,0.45331039917478916,0.32570505520168186,0.5773720527438418,-0.014628956207800232,1.3601296460651948,1.0421356816815606,-0.13092709392002316,-0.05572242326078859,10987657,13754409,0.0035317811613522336,0.1509841452094837
1109196,2014,0,437434,,1910791,1274586,354254,,,-9235769,-24550308,366368,,,-8392896,-4044971,2967278,,,,,,,,,0,0,-9.247042982484215,0.837538920157098,1.4991463894943142,-0.922275408670931,,5628000,,-1.4163113006396588,0
1112920,2014,0,38387000,,18186000,14114000,8079000,,3765000,21000,3889000,26770000,1018000,,4615000,3840000,2183000,18071000,105000,883000,,0,,,,0,0,0.10003386563159403,0.6973715059785865,1.2885078645316708,0.14287840895557938,0.09988084966514647,33588000,24339000,-0.05359056806002144,0.0889901155174467
1117480,2014,0,113387000,14848000,113009000,10207000,13607000,,248000,-93680000,-162730000,33720000,,,-2783000,-8763000,30106000,6397000,100000,,,,,,0.13094975614488433,0,0,-0.0772839919920273,0.2973885895208445,11.07171548937004,2.5399144578689397,1.786546566399471,32031000,12101000,-1.0974992975554931,0
1122897,2014,0,235836000,127074000,229849000,105621000,146407000,,33199000,142038000,-21191000,,,78874000,-231000,-3239000,11190000,,,5017000,,,,,0.5388235892739022,0,0,-0.013734120320900964,,2.1761676181819904,1.6195268243918695,,90030000,,0.04781739420193269,0
1129155,2014,0,102553000,21070000,45260000,14562000,5114000,28859000,2021000,81483000,74943000,148950000,121746000,27204000,8761000,6979000,768000,18443000,,768000,,,,,0.20545474047565648,0,0,0.06805261669575731,1.4524197244351702,3.108089548138992,0.05382520680265118,0.3994193748414555,97315000,106437000,0.06916713764578945,0
1130310,2014,0,22871000000,,2658000000,3019000000,220000000,,851000000,4120000000,,7452000000,,,1038000000,417000000,,,,1050000000,43000000,7817000000,,7860000000,,0.3436666520921691,1.9077669902912622,0.018232696427790653,0.3258274670980718,0.8804239814508116,0.05381744459291342,0,21703000000,7452000000,0.014329816154448694,0.36216191309957146
1138951,2014,0,428905000,57698000,347170000,56573000,71863000,52293000,29920000,232744000,-3802000,581288000,336344000,244944000,64066000,86452000,36627000,89599000,50000,11629000,,,,,0.13452396218276774,0,0,0.20156444900385867,1.3552838041058044,6.136672971205345,0.29566023828512045,0.04998600110184876,331032000,553615000,0.25377909084318134,0
1139822,2014,0,227975,3564641,199370,3564641,,,18781,-3336666,-43857548,29629,,-123631,-1346726,-1097684,,,97913,,,,,,15.636104836056585,0,0,-4.8149314617830905,0.12996600504441277,0.05592989588572875,-0.908825426737796,0.061058587594900446,2500423,27924,-1.002978696004636,0
1143238,2014,0,2215398,5995484,2164144,3003696,6969,,3754,88095,-66250486,39250,,,,-61763070,53140029,,-160869,,,603,,603,2.7062785106784424,0.00027218585554378944,0.006844883364549634,-27.878995106071233,0.01771690684924334,0.7204936851132738,1.1391749192763452,-0.8775839914168444,1035632,320628,-2.1169710862545768,0
1164012,2014,0,74712,994061,52527,994061,9446,,,-919349,-9595006,107105,0,107105,,-191261,,,,,,,,,13.305238783595675,0,0,-2.5599769782631974,1.4335715815397794,0.05284082163971829,-0.42744599161615154,0,130489,107105,0,0
1164727,2014,0,29573000000,11698000000,4889000000,2740000000,1760000000,717000000,230000000,9993000000,848000000,9964000000,,,,1802000000,348000000,,,1032000000,,6145000000,,6145000000,0.395563520779089,0.20779089033916073,0.6149304513159212,0.06093396003110946,0.33692895546613466,1.7843065693430658,0.13258779824595,,26111000000,0,0.014017080923748612,0.24081804603423845
1168696,2014,0,2704700000,3420000000,465100000,506400000,253000000,19000000,,-713400000,71800000,2820000000,,,330000000,142300000,,,,183100000,29800000,2187700000,,2217500000,1.264465559951196,0.8198691167227419,-3.108354359405663,0.052612119643583394,1.0426294968018635,0.9184439178515008,0.21718194500697538,0.053851040771329274,2222100000,2675900000,0.016560910850096755,0.8705278790333468
1170816,2014,0,575430,10204640,437329,10204640,259805,72290,29705,-9629210,-55358195,991264,,111315,-1290575,-1864814,0,,610915,1356,,,,,17.733938098465494,0,0,-3.240731279217281,1.7226491493318041,0.04285589692532025,-0.7984342160571669,-0.5003833070655009,2854800,1984049,-0.6876138433515483,0
1171012,2014,0,34912258,7555918,23785994,7555918,39369574,,11409,9854,-112168285,0,0,0,-23415331,-25673841,11660728,11754603,,6097922,,,,,0.2164259326910336,0,0,-0.7353818535598585,0,3.147995253521809,-0.36858228509127483,-1,55291857,5081574,-0.27455930807315804,0
1191357,2014,0,,2241822,8968,,2378,,,-2232854,-2178876,,,,-116928,-121860,,,,,,,,,,,0,,,,,,,,,
1195933,2014,0,2317265000,1660507000,,,83767000,,,661789000,685011000,1349585000,,,,24319000,,,12908000,,,275000000,,275000000,0.7165805378323152,0.11867438553639743,0.4155403006094087,0.010494699570398724,0.5824042567423234,,0.005935076204867787,0.079985083620551,2303593000,1249633000,0.01815989196008149,0.11937872705812182
1223862,2014,0,320460000,130907000,320122000,93338000,69828000,6345000,38728000,189553000,-112542000,250340000,55798000,132126000,-22980000,-8210000,36624000,,,5700000,,,,,0.4084971603320227,0,0,-0.02561942208075891,0.781189540036198,3.4297070860742678,0.31885769786363655,0.8023038156947444,242983000,138900000,-0.018132955803492425,0
1230245,2014,0,2318157000,1436085000,,,85024000,,,734676000,163893000,508047000,,,,41268000,,,7982000,6500000,514711000,100000000,,614711000,0.619494279291696,0.2651722898837309,0.8367103321736384,0.017802072939839708,0.21915987571161055,,0.11037043529991622,0.12200449201970835,2087733000,452803000,0.019766895479450677,0.25243362058270863
1265848,2014,0,4939,,4939,3000,4161,,,3886,,32000,,,,-1947,,,,,,,,,,0,0,-0.39420935412026725,6.4790443409597085,1.6463333333333334,-0.3102918586789555,0.06666666666666667,7161,30000,-1.70772238514174,0
1267813,2014,0,11824000,2366000,11799000,2366000,8634000,,,-55365000,-61503000,,,,-5379000,-5270000,4150000,,91000,10000,,7000000,,7000000,0.20010148849797024,0.5920162381596752,-0.12643366747945453,-0.44570365358592695,,4.986897717666948,,,,,,
1273988,2014,0,333836,1158566,233227,1029319,2330,76591,154206,-824930,-7612879,41319,,,-1056119,-1549457,,,493338,7298,,,,,3.4704645394744724,0,0,-4.641371811308547,0.123770354305707,0.22658378986494954,,,0,0,,
1275477,2014,0,414527646,137677429,,,5366731,,,1743573,-325333469,,,,,7744844,,9162960,3281130,121822,,,,,0.33213087312396045,0,0,0.018683540349441495,,,1.2125493288867384,,187352951,,-0.010832821096049883,0
1280058,2014,0,706610000,545066000,229769000,356682000,52520000,,66969000,140002000,125398000,447419000,202460000,244959000,19435000,6583000,64692000,,5864000,32241000,,282419000,,282419000,0.7713816673978574,0.3996815782397645,2.0172497535749487,0.00931631310057882,0.6331908690791243,0.644184455621534,0.0012228178086481417,-0.11194143905425978,705747000,503817000,0.00932770525414915,0.2911808339249051
1285543,2014,0,115492,12303155,70424,12165751,13129,,38507,-12199060,-35450143,324807,9658,315149,-1267379,-3350230,287646,283016,1649813,9038,1897500,0,,1897500,106.52820108752121,16.429709417102483,-0.1555447714823929,-29.0083295812697,2.8123766148304643,0.005788709632475628,0,-0.25272801312299126,115492,434657,-20.87526408755585,0
1287701,2014,0,491663000,225190000,,,163725000,,,-440430000,-967324000,36821000,23226000,,,-171548000,,18508000,1732000,256000,,566146000,,566146000,0.4580169750418478,1.1514919772283048,-1.285439229843562,-0.34891378850960925,0.07489072799864949,,-0.7733055888043171,3.7376479670612457,2168836000,7772000,0.15560282105239862,0
1289308,2014,0,2321858000,1051909000,1300700000,581403000,160490000,361846000,564584000,1246402000,848414000,145047000,,569356000,249868000,166508000,,,18719000,50502000,33814000,162887000,,196701000,0.45304622418769797,0.08471706710746307,0.15781505485389144,0.07171325722761684,0.06247022858417698,2.2371745587828062,0.16801476155094883,0.02922769073569482,1987867000,140928000,0.0724409631026623,0.09512054880935193
1295401,2014,0,3626714000,3362982000,,,748068000,,,258311000,-65598000,,,,,-43153000,,,11411000,2762000,,,,,0.9272807285051978,0,0,-0.011898649852180239,,,-0.019716681996908365,,3699659000,,0.002410492426464169,0
1302573,2014,0,333685000,215563000,240810000,62017000,28138000,,,76367000,-174426000,39559000,,,-22369000,-26071000,50048000,,,1378000,,,,,0.6460074621274555,0,0,-0.07813057224628017,0.11855192771625934,3.8829675734072917,3.183193761909538,0.2594797669457799,79768000,31409000,-0.18847156754588307,0
1304421,2014,0,1747378000,1595039000,87720000,117699000,105704000,,52033000,147834000,,477877000,,,51417000,5640000,,108163000,,98300000,,1362049000,,1362049000,0.9128185200912453,0.7794816004321904,9.213367696199791,0.003227693149392976,0.273482326090863,0.7452909540437896,0.573755048076057,19114.08,1110324000,25000,0.013139407956596454,1.0958639099938396
1328571,2014,0,716251000,,183768000,79591000,59950000,23962000,37741000,43283000,0,453989000,184878000,,63142000,18387000,,,,63258000,,528345000,,528345000,,0.7376534203791687,12.206755539126215,0.02567116834740894,0.6338406508332972,2.3089042730962044,0,0,716251000,453989000,-0.03310990141724061,0.6893533132938034
1328581,2014,0,827800000,,687705000,239017000,176369000,383359000,152240000,282619000,110705000,304900000,,,63131000,,,,21757000,33407000,,301613000,,301613000,,0.36435491664653297,1.067207087987715,,0.3683256825320126,2.877222122275821,-0.2503074663145521,-0.8643736366192071,1104186000,2248088000,0.10590244759487985,0.24905224300978276
1335190,2014,1,2198632000,1169246000,120726000,183865000,14851000,7158000,25099000,441580000,-586365000,159937000,,,-126660000,-132708000,,,,,,876106000,,876106000,0.5318061412733008,0.39847778072910794,1.9840255446351738,-0.06035935072354082,0.07274386982450906,0.6566013107442961,0.8811663643519627,1.4066962606274922,1168760000,66455000,-0.06559173825250693,0.7587263424484069
1337675,2014,0,230816000,147013000,113058000,28972000,73387000,30794000,20426000,83803000,3432000,166485000,136200000,39349000,11450000,-11265000,11662000,12485000,,44783000,,,,,0.636927249410786,0,0,-0.04880510883127686,0.72128881879939,3.902319480878089,-0.03730397063730397,0,239760000,166485000,-0.04494494494494494,0
1346526,2014,0,5782496,10322283,3862396,10126926,121880,987734,1747712,-4539787,-26858384,11912045,,7815601,-1010641,-5237777,,,538502,787632,150000,780043,,930043,1.7850912477933405,0.16083763827938663,-0.20486489784652892,-0.9057986378200694,2.0600178538817837,0.38139865937600415,-0.3010529359241875,0.12472100424591906,8273153,10591111,-0.6331052985482076,0.0741153946989739
1352302,2014,0,54800254,90659728,11701819,80921316,7234225,-133732,2900807,-107313589,-266738422,,,,-5231126,35319074,,,,125897,,71550000,,71550000,1.6543669304890447,1.3056508825670772,-0.6667375554833042,0.6445056623277695,,0.1446073739087486,-0.4310986232993081,NaN,96326457,27564502,-1.5567183894244132,1.4461239864765294
1354174,2014,0,421848000,379368000,,,,,,29472000,10549000,,,,,805000,,,871000,383000,,,,,0.899300221880867,0,0,0.0019082702774459047,,,0.12487100653566886,,375019000,,0.0054503905135473135,0
1357459,2014,0,19413536,10995337,17619119,5936132,16846052,,10000,1659818,-128426037,407708,,,-10156456,-10121517,6105984,,2699,211143,,4934210,,4934210,0.5663747706754709,0.25416338373390607,2.972741589740562,-0.5213639081515083,0.021001223064154823,2.9681144219838775,1.2186697971526885,0.04373248,8750079,390625,0,0
1360530,2014,0,682064000,,275185000,102844000,10754000,163921000,7200000,355803000,226087000,950902000,,332982000,99372000,60825000,,267354000,659000,22900000,0,,,,,0,0,0.08917784841305215,1.3941536278120528,2.675751623818599,0.16336593977331842,-0.12558243039571704,586285000,1087469000,0.07652251038317542,0
1362180,2014,0,21662092,16835332,17067832,16835332,764931,,689067,29638,-20875773,12538235,,,-5609352,-5853081,,17858280,72560,289307,,,,,0.7771794155430602,0,0,-0.27019924945383855,0.5788099782791062,1.0138102414612316,-0.12406299764571196,-0.4267702685236987,24730194,21872967,-0.13589816561891913,0
1362190,2014,0,6276871,947600,2498551,832800,,,569297,1243176,-7279473,1558160,404088,1154072,-2806519,-2882626,56515,,56607,359414,,79800,,79800,0.1509669387820779,0.01271334077122184,0.06419042838664839,-0.4592456974183475,0.2482383340361782,3.000181316042267,0.4943924016548409,0,4200283,1558160,-0.6862932807146566,0.01899871984816261
1368148,2014,0,34188000,,27248000,4368000,26127000,,520000,-264438000,-286520000,2438000,,,-16001000,-30743000,19636000,,,,,,,,,0,0,-0.8992336492336492,0.07131157131157131,6.238095238095238,0.23856102597543746,0,27603000,2438000,-0.4979893489838061,0
1375576,2014,0,302816,,292646,3417902,1239603,,,-2253736,,35285,,,-2186419,-7364631,,1770813,5207155,,,,,,,0,0,-24.320481744689843,0.11652290499841488,0.08562153040081313,-0.7892715080626529,,1436996,0,-0.01592767133659384,0
1383054,2014,0,32244285,15991,,,24924317,,,1942,,,,,,-22193659,,,,,,,,,0.0004959328451538002,0,0,-0.6882974455783405,,,-0.4831667053305119,,62388173,,-0.20001736547085616,0
1385613,2014,0,3095276000,2008972000,,,42284000,,,1051595000,551268000,545396000,,,,14598000,,,,,,,,,0.6490445440083534,0,0,0.004716219167531425,0.1762027037330435,,0.13681850685684674,-0.2871469855141036,2722753000,765089000,0.005361485232042716,0
1386164,2014,0,211243562,7842083,,,,,,,,,,,,14932283,,,,,,,,,0.03712341775414675,0,,0.07068751756799102,,,0.00033391571825965217,,211173048,,0.0009133693992994788,0
1386858,2014,0,142519000,48864000,159400000,30402000,102796000,3513000,4419000,-106734000,-128625000,42204000,13727000,,-28533000,16627000,17046000,48522000,1539000,,,16000000,,16000000,0.3428595485514212,0.1122657329899873,-0.14990537223377742,0.11666514640153243,0.296128937194339,5.243076113413591,1.7833567690024217,,51204000,,-0.5744863682524802,0
1388320,2014,0,5765675,7325220,5751755,7325220,5618669,,,1145635,-66517255,0,,,-6591892,-10773792,3109331,,2508,1560,,,,,1.2704878440078569,0,0,-1.8686089659927068,0,0.7851989428303859,-0.003998568275203487,,5788822,0,-0.8793880689369962,0
1398529,2014,0,6553270,,6460509,7608157,2113832,2625803,200000,-1054887,-4265967,2496474,2464227,32247,-1010919,-1109291,26184,1016982,100039,,,,,,,0,0,-0.16927289734743112,0.3809508840624604,0.8491555839344536,1.9535212518123544,9.577786628589346,2218799,236011,0,0
1399095,2014,0,1762,853641,362,853641,153,,,-852165,,,,,,-822790,,,-27581,,,100000,,100000,484.4727582292849,56.75368898978434,-0.11734816614153362,-466.9636776390465,,0.00042406585438140856,-0.843154708919352,,11234,,-26.829980416592488,0
1404079,2014,0,52806665,7899346,17468710,7030757,58448477,,3090666,77926665,-49788715,8799754,,,,-31236451,,,91422,2776005,,6000000,,6000000,0.14958994286043248,0.11362202100814357,0.07699546746931875,-0.5915247819569746,0.16664097230908256,2.4846129655739775,-0.052340353007835745,7.619224346071531,55723239,1020945,0.9717350062870538,0
1405686,2014,0,33628689,21035037,7977923,20939545,2782643,,2769414,12593652,-4219480,12678516,,,-31304798,-34509882,,,4468568,6729974,,,,,0.6255086839692146,0,0,-1.026203608472516,0.3770148756021979,0.38099791566626684,0,0.579072990606156,33628689,8029088,0.11464336299283032,0
1411494,2014,0,20636858000,15789259000,,,1078120000,,,2637269000,-1568487000,2859965000,,,,310957000,,,37116000,53236000,,750000000,,750000000,0.765099948839111,0.03634274171000256,0.28438509685587626,0.015068039911889687,0.1385852923928633,,1.5874105568130286,15.663355318355551,7975873000,171632000,-0.1635180249234159,0.0925062372482611
1411685,2014,0,263700,13063600,40500,5205700,638100,,,-12556400,-70636900,0,,,-5028900,-2967700,2481000,,1503000,54600,,2221300,,2221300,49.539628365566934,8.423587409935532,-0.17690580102577172,-11.254076602199468,0,0.00777993353439499,-0.700850822461713,-1,881500,200400,-13.850822461712989,2.334089619965967
1413488,2014,0,21376,816,21376,816,21135,,,20560,-541537,0,,,-43441,-43441,,,,,,,,,0.03817365269461078,0,0,-2.0322324101796405,0,26.19607843137255,-0.6828486646884273,,67400,0,0,0
1414581,2014,0,34862014,1085918,,,22118810,,,,,,,,,140501,,,,,,,,,0.0311490322962982,0,,0.004030203189064177,,,-0.3180612392184933,,51121913,,-0.009335155356960136,0
1418133,2014,0,67564444,,43633047,8911880,1685154,673989,17965082,72335351,28269956,61416587,31140225,30276362,-1312695,4848212,2766162,,154547,3086188,3094614,,,3094614,,0.045802404590201316,0.04278148868041022,0.07175685483329072,0.9090075099263749,4.896054143457946,,0.16475799091711374,,52729054,,
1419556,2014,0,0,42816,,,0,,,-42816,67816,0,,,,-6351,,,,,,,,,,,0,,,,,,0,0,,
1424404,2014,0,3354,269880,3024,,,,,-66442,-4251177,,,,-262569,-248020,,,,,,,,,80.46511627906976,0,0,-73.94752534287419,,,0,,3354,0,-346.80560524746573,0
1426800,2014,0,27132042,2638054,27124940,2638054,20489219,,,24493988,-111723273,,,,-19604779,-19403759,15029078,,,,,,,,0.09723020478886182,0,0,-0.7151602890781313,,10.282177696135106,0.3199314991055498,,20555644,,-1.2060157297917788,0
1427644,2014,0,3970,,3970,2193367,399,,,-1457068,-14574302,,,,-366566,-1132203,,,115855,,,,,,,0,0,-285.1896725440806,,0.0018100026124219066,0,,3970,,-143.49949622166247,0
1433966,2014,0,16642000,26984000,8444000,20451000,108000,230000,726000,-10342000,-82145000,,,,-4629000,-6842000,319000,3694000,,336000,,9854000,,9854000,1.6214397308015864,0.592116332171614,-0.9528137690968865,-0.411128470135801,,0.4128893452642903,3.6266333055323883,,3597000,,-1.8331943286071726,0.1437308868501529
1438673,2014,0,2336,1166675,86,,4,,,-1164339,-1019966,0,,,-630557,-1510557,,,,200,,,,,499.4327910958904,0,0,-646.642551369863,0,,0,,2336,,-436.6292808219178,0
1448806,2014,0,51542311,28783118,1449974,7726661,0,,,25035779,-5386741,,,,-3617365,-4755632,,,620682,0,,,,,0.5584366987347541,0,0,-0.09226656523026296,,0.1876585500515682,0,NaN,51542311,-251290,-0.00028669649678688254,0
1459482,2014,0,1000575,1772519,2880775,1691742,429199,,17422,1225494,-9079857,3902403,821248,3081155,1201857,1149590,,,111407,32043,440000,,,440000,1.7715003872773156,0.4397471453913999,0.35903888554329927,1.1489293656147714,3.9001604077655347,1.70284535112328,-0.19887795274014444,1.3804241011655065,1248967,1639373,-0.895172570612354,0
1464790,2014,0,73677000,77828000,56692000,29069000,18867000,,8858000,-4163000,-6611000,76132000,1073000,,-7431000,-5801000,,44453000,1262000,646000,,50483000,,50483000,1.0563405133216608,0.6851934796476512,-12.12659140043238,-0.07873556197999376,1.033321117852247,1.9502562867659705,-0.08570045791295931,0.26557616862823324,80583000,60156000,0.007470558306342529,0.6264720846828735
1466593,2014,0,1602337000,,270499000,236273000,18168000,72627000,57828000,521974000,99441000,710165000,,,94301000,-5273000,,,,57857000,51195000,389778000,440972000,440972000,,0.2752055279257734,0.8448160253192688,-0.0032908183484497955,0.4432057675757347,1.1448578551082857,-0.05773815334350276,-0.1547355353506259,1700522000,840169000,-0.00778760874602034,0.2480744147973387
1479320,2014,0,0,,0,54716,0,,,-54716,,,,,-3420,-3420,,,,,,,,,,,0,,,0,,,,,,
1490949,2014,0,409,77161,409,77161,,,,-77114,-197114,0,,,-32379,-34489,,,2110,,,,,,188.65770171149146,0,0,-84.32518337408312,0,0.005300605228029704,-0.5958498023715415,,1012,0,-39.01877470355731,0
1492691,2014,0,2791981000,2501777000,742091000,383449000,82084000,,418436000,155186000,-471169000,3976085000,,,351816000,140087000,,,122049000,218839000,,1150305000,,1150305000,0.8960580319135409,0.4120031619126348,7.412427667444228,0.050174768381303456,1.4241089033199008,1.9353056077861723,0,0.05216298757092885,2791981000,3778963000,0.036800751867580764,0.44191060039448693
1495479,2014,0,254852000,,28207000,54411000,10093000,2941000,8181000,84584000,-84759000,409065000,,,23153000,16148000,,,1353000,18939000,,15693000,,15693000,,0.06157691522923108,0.18553154260853116,0.06336226515781708,1.6051080627187544,0.5184062046277407,-0.03222474538425901,-0.0049283491976229105,263338000,411091000,0.061320432296136526,0.05168642581017552
1496268,2014,0,24785000,3960000,21136000,3480000,59161000,,,64583000,-201509000,,,,-23865000,-23776000,15822000,,986000,677000,,,,,0.15977405688924753,0,0,-0.9592898930804923,,6.073563218390805,-0.4770766082241492,,47397000,,-0.44112496571512966,0
1496443,2014,0,9164706,10178300,11980383,10178300,,,391611,2731480,-2790075,10293180,4654715,5638465,2751555,2610484,,2715316,141515,171594,,,,,1.1105975467189018,0,0,0.28484099762720155,1.1231325914873864,1.1770514722497862,0.22846758329954325,0.631794208238538,7460275,6307891,0.08199215176384249,0
1497647,2014,0,753396,2921349,424886,2398225,348099,,15256,-4876431,-15628986,3650021,3368146,281875,-7434586,-7712208,,,267553,,,,,,3.877574343373206,0,0,-10.236592708217193,4.844757604234692,0.1771668629924215,1.4290089822869045,0.7986317665123301,310166,2029332,-18.09649993874248,0
1499200,2014,0,5941972000,,207252000,192145000,0,,,,,0,,,-85783000,-85157000,37341000,,139000,119000,,4111562000,,4111562000,,0.69195243599263,,-0.014331437441980541,0,1.0786229149860782,,,,,,
1501958,2014,0,19925183,3753574,454397,2204930,11797,103913,150832,16171609,6499673,13292053,5406297,7885756,-82768,-6067088,,,196534,1030686,,1548644,,1548644,0.18838341409461584,0.07772294989712265,0.09576313649433399,-0.3044934643762118,0.6670981641674257,0.20608227925603081,0.03632901877680908,0.05342062350332763,19226696,12617992,0.29612373337571885,0.08054654840332422
1511820,2014,0,41005,,18066,63792,1588,,,-45726,128632,,,,-35333,-8608,,,3200,,,,,,,0,0,-0.20992561882697233,,0.28320165537998493,18.87639360155114,,2063,,-15.03199224430441,0
1515139,2014,0,23665,9627,23665,9627,41789,,,14038,,,,,-18590,-13310,,,,,,,,,0.406803296006761,0,0,-0.5624339742235369,,2.4581905058689104,-0.43370264902247,,41789,,-0.3185048697025533,0
1518238,2014,0,363527,986509,363527,666509,23291,308213,35171,-328932,-2799212,119916,38945,80971,-738635,-1044815,,,4680,,,16800,,16800,2.713715900056942,0.046213898830073145,-0.05107438619532305,-2.874105637270409,0.32986820786351495,0.5454194917097893,-0.058190928215384935,0,385988,119916,-2.7068587624485736,0
1519401,2014,0,533888000,351947000,,,,,,91393000,76591000,204719000,,,,28794000,,,14947000,3459000,,341419000,,341419000,0.6592150413569887,0.6394955496283865,3.7357237425185734,0.053932660033565095,0.3834493376888036,,0.22869300855892866,0.9456466987901425,434517000,105219000,0.058379764197948526,0.8348350007019288
1528356,2014,0,36561000,42503000,146092000,40334000,13142000,3822000,,121132000,21552000,229459000,159872000,69587000,3047000,-3281000,9365000,54000000,,,,,,,1.1625229069226772,0,0,-0.08974043379557452,6.276059188753043,3.622055833787871,-0.7565748298866799,0.17060167943760268,150194000,196018000,0.01085263059776023,0
1528837,2014,0,1629153000,771844000,219562000,158619000,63041000,,51960000,215141000,-10338000,,,,-15528000,-16295000,,,99000,15922000,,593258000,,593258000,0.47377011244493306,0.36415118776443955,2.75753110750624,-0.010002129941141195,,1.3842099622365542,2.819156816871164,,426574000,,0.0630558824494695,1.3907504911222905
1532063,2014,0,53548200000,31703400000,8491400000,13235300000,5620100000,1871100000,320100000,21837400000,3912800000,93714300000,86402400000,7311900000,2793900000,1312900000,,4518000000,619000000,1871400000,,13947000000,,13947000000,0.5920535144038455,0.2604569341266373,0.6386749338291189,0.024518097713835386,1.7500924400820195,0.6415721593012625,-0.0785218684177921,1.0316009911486008,58111200000,46128300000,0.021954459725491815,0.25778335329506186
1532424,2014,0,15036775,11629428,265335,11629428,17813,800000,,3407347,-14379305,,,,-10546776,-14379305,,,473032,,4494946,,,4494946,0.7733990832475713,0.29893018948544486,1.3191923217682262,-0.9562758636742253,,0.022815825507497015,3754.438311688312,NaN,4004,10544,-7.176823176823177,0
1535955,2014,0,46107522,1283775,46033728,1283775,5377114,,,5316193,-47864401,,,,-10683630,-10590106,5122864,,,21767,,,,,0.02784307081174304,0,0,-0.2296828270233217,,35.8580966290822,7.283456019868428,NaN,5566218,7709671,0.6983026895461155,0
1538329,2014,0,8233221,3696552,1289816,3696552,118663,,38105,4536669,-123038763,201207,153884,47323,-54615467,-55660467,440745,,5000,1035849,7000,,,7000,0.4489800528857418,0.0008502140292359454,0.001542982307062737,-6.760472845317768,0.024438430597210983,0.3489240784385016,-0.18025396012435352,0,10043624,201207,-5.17284836628691,0
1547530,2014,0,101233,43098,101233,43098,435,,1200,8500,-342300,8475,,,,-223631,,,-139616,,,,,,0.42573073997609473,0,0,-2.209072140507542,0.08371776001896615,2.3489025012761613,231.71954022988507,,435,0,-247.93333333333334,0
1548981,2014,0,894202000,286783000,,,0,,,597410000,-31122000,,,,,-25351000,,,5113000,22193000,,268377000,,268377000,0.3207138879134692,0.30013017192983243,0.44923419427194056,-0.028350417467194213,,,1.5590523914866339,,349427000,,-0.07255020361906779,0.8127591743053628
1555972,2014,0,6881536,5493244,3953772,2654773,543945,2889107,128162,37074,-80160,50000,4847714,1979706,306269,0,,,21710,155697,,,,,0.7982584120754436,0,0,0,0.007265819723968603,1.489306995362692,0.17183709514657805,-0.9919161190645721,5872434,6185148,-0.016653060724054116,0
1561782,2014,0,2194,,,15029,34,,,12500,,,,,,-15442,,,,,,,,,,0,0,-7.038286235186873,,NaN,-0.8092173913043478,,11500,0,-0.21339130434782608,0
1562738,2014,0,102214,531172,9714,430616,9513,,,-470365,-2139914,0,,,-1748758,-2080621,857503,,6218,,,,,,5.196665818772379,0,0,-20.35553838026102,0,0.022558381481412672,9.094212917242741,,10126,,0,0
1580670,2014,0,221010000,56636000,,,5106000,,5402000,3175000,7110000,76221000,,,9851000,9705000,,,1000,185000,,35535000,,35535000,0.2562598977421836,0.1607845798832632,11.192125984251968,0.043912040179177415,0.34487579747522734,,3.8513756133611903,-5.379092106600853e-7,45556151,76221041,0.21303663252850313,0.7800320970926626
1583107,2014,0,25177000,,14106000,36853000,0,10406000,199000,-140724000,0,130145000,,,-9575000,-9575000,113995000,25725000,,3251000,,,,,,0,0,-0.38030742344203045,5.169202049489614,0.38276395408786257,,,,,,
1584057,2014,0,486646,463680,402356,622560,155160,41254,1115990,-135914,-999933,99752,,28847,999882,-1002870,,,,-2844,,,,,0.9528075849796361,0,0,-2.0607792933672524,0.20497856758300695,0.6462927268054485,,,,,,
1585364,2014,0,5350800000,5186500000,2236900000,749400000,310100000,703900000,651900000,8692900000,1715900000,4060800000,2077700000,1447700000,567000000,441900000,105800000,,,9100000,5000000,1927800000,1974100000,1974100000,0.9692943111310458,0.36893548628242506,0.22709337505320434,0.0825857815653734,0.7589145548329221,2.984921270349613,,,,,,
1593204,2014,0,42167,5198,7927,,7927,0,,-12,22710,91307,,38777,,22722,,,,959,,,,,0.12327175279246805,0,0,0.5388574003367562,2.1653662816894728,,,,,,,
1593548,2014,0,253828000,161985000,37440000,8519000,10787000,3891000,7505000,75985000,-8156000,1953000,,,-7623000,-8156000,28000000,,485000,930000,,153377000,,153377000,0.6381683659801125,0.6042556376759065,2.0185168125287887,-0.03213199489418031,0.007694186614557889,4.39488202840709,,,,,,
1597313,2014,0,5729,7280,10448,7280,7927,2521,,3168,-24900,0,,,-24429,-24429,,24429,,,,,,,1.2707278757200209,0,0,-4.264094955489615,0,1.4351648351648352,,,,,,
1600125,2014,0,2682101000,2432896000,,,156685000,,,219944000,162388000,,,,-214000,12426000,,,18945000,2125000,,161903000,,161903000,0.9070859001954065,0.06036424429952489,0.7361101007529189,0.004632935150465997,,,,,,,,
1600508,2014,0,12939007000,3194889000,5135562000,4786872000,724311000,1332697000,872864000,2801531000,7907033000,0,,3994789000,1502307000,923159000,,2492482000,293009000,333345000,1137181000,4749096000,,5886277000,0.24691918011946357,0.4549249413034555,2.1010929381113397,0.07134697430799751,0,1.0728429755380966,,,,,,
1606745,2014,0,7089000000,1508000000,643000000,311000000,1000000,12000000,,1208000000,982000000,165000000,,,-54000000,983000000,,54000000,1000000,16000000,69000000,300000000,600000000,600000000,0.2127239384962618,0.08463817181548879,0.4966887417218543,0.13866553815770913,0.023275497249259414,2.067524115755627,,,,,,
1608104,2014,0,3472,4374,42,,42,,,4000,-8332,1350,,,-7480,-7480,,,,,,,,,1.2597926267281105,0,0,-2.154377880184332,0.3888248847926267,,,,,,,
1609258,2014,0,8743,2800,178,,178,,,0,-57,,,,-29976,-29491,,,,,,,,,0.32025620496397117,0,,-3.3730984787830263,,,,,,,,
1617431,2014,0,131448,,131448,219032,0,,,-87584,-143784,0,0,0,-139752,-143784,,,,,,,,,,0,0,-1.0938469965309476,0,0.6001314876365097,,,,,,
1624985,2014,0,7000,,7000,9713,0,,,-2713,-3213,,,,,,,,,,,,,,,0,0,,,0.7206836198908679,,,,,,
20639,2014,0,98363000,38590000,,,3907000,,,59773000,-484352000,,,,-2845000,-6018000,,,,,,,,,0.39232231631812775,0,0,-0.06118154183991948,,,-0.06204825021455135,,104870000,,1.39152283779918,0
29644,2014,0,1730082000,658369000,1055662000,476435000,273494000,234820000,430766000,934711000,532307000,,,873763000,363016000,264301000,59589000,,11489000,61165000,9190000,201438000,,210628000,0.38054207835235554,0.12174451846791078,0.22534023885457644,0.15276790348665556,,2.215752411136881,0.002310999465266356,,1726093000,,0.1433161480870382,0.03429131570546894
310056,2014,0,30305755,12597627,24342672,10878814,8281714,8233621,7024023,21524656,-10132673,29687567,,12154265,-4063391,-7925412,4595545,13848891,,,,,,,0.41568431474483974,0,0,-0.26151508187141354,0.9796016301194278,2.2376218584121395,-0.03283875035986406,-0.4020915941850586,31334749,49652366,0.000595122048049595,0
320174,2014,0,8886223,1799503,7745352,1799503,11102508,1775648,899969,7086720,-56540160,5328353,2888865,2439488,-7148198,-8251691,2229043,7308643,,-125824,,,,,0.2025048212271963,0,0,-0.9285937343683588,0.5996195458970589,4.304161760219349,-0.42169760099033915,0.4505661406716373,15366049,3673292,-0.3439737176420562,0
320335,2014,0,18191744000,14415402000,,,,,,997452000,3495533000,3771938000,,755136000,0,529324000,,,80298000,,238398000,992130000,,1230528000,0.7924145150679341,0.06764211281777052,1.2336713947137306,0.029096935401025873,0.20734339709265917,,-0.031164126578867343,0.11681674755233389,18776910000,3377401000,0.026477253179570014,0.06969884821304465
32621,2014,0,79249000,3951000,77224000,3951000,21412000,5438000,4354000,73981000,-3102000,77829000,63012000,,3300000,1317000,,10434000,6000,88000,,481000,,481000,0.049855518681623745,0.006069477217378137,0.006501669347535178,0.016618506227207914,0.9820817928301935,19.54543153631992,-0.04260896878322219,-0.3938362565812019,82776000,128396000,0.07247269740021262,0
34563,2014,0,244136000,162298000,139749000,76550000,6081000,60867000,,133415000,94080000,498701000,,166392000,-21846000,-26576000,,,2137000,32113000,,78000,,78000,0.6647852016908609,0.0003194940524953305,0.0005846419068320654,-0.10885735819379362,2.042717993249664,1.8255911169170478,-0.11027857548943862,0.006577964726446285,274396000,495442000,-0.0014213035175439875,0.07162640854822956
351817,2014,1,2698505000,,92489000,176033000,251696000,,70897000,1011351000,315244000,561486000,,,,21701000,,,57303000,249344000,,1142368000,,1142368000,,0.4233336606750775,1.1295465174800836,0.008041860215193227,0.20807298856218537,0.5254071679741866,0.09098256169588953,-0.03921108964563716,2473463000,584401000,-0.0009872797773809432,0.3707085976220384
352541,2014,0,10785500000,,1011200000,1433300000,11400000,,473300000,3013000000,1780700000,3094500000,,,519700000,335700000,,,156700000,332400000,,3348400000,,3348400000,,0.31045385007649157,1.1113176236309326,0.031125121691159427,0.28691298502619256,0.7055047791809111,0.11329596713426027,-0.03939281057925126,9687900000,3221400000,0.03322701514260056,0.32376469616738407
354964,2014,0,37872000000,31211000000,,,318000000,,,6105000000,-18774000000,,,,-473000000,-845000000,,,1777000000,7000000,,20839000000,,20839000000,0.8241180819602872,0.5502482044782425,3.4134316134316136,-0.02231199831009717,,,-0.1903886442344692,,46778000000,,0.01145837786993886,0.44548719483517896
355019,2014,0,,30883251,42821790,21196838,,,6667259,45906592,-149259286,1963750,,,,10396130,1760821,15388239,884541,2421177,,-273848,,-273848,,,-0.005965330643581645,,,2.020197069015671,,-0.9718351944885416,,69723542,,
357294,2014,0,1759130000,2842000,,,-4989000,,,-202552000,-837264000,2063380000,,,24500000,-66197000,,191537000,64519000,250000,,1670285000,,1670285000,0.0016155713335569287,0.9494949207847061,-8.246203444053872,-0.03763053327497115,1.172954812890463,,0.45856739302211236,0.38915126572605974,1206067000,1485353000,0.2546724186964737,1.2803575589084188
48287,2014,0,1077066000,,433228000,411584000,72812000,89516000,228715000,436328000,373652000,2004003000,1314776000,689227000,87627000,48967000,26900000,599656000,10865000,43360000,,150091000,,150091000,,0.13935172032168874,0.34398663390843587,0.04546332351035127,1.8606129986463225,1.0525870782148965,0.024097622755823306,-0.02716600872636609,1051722000,2059964000,0.043724482325177186,0.14281340506331522
56978,2014,0,815609000,146329000,754388000,77402000,378188000,38135000,,469877000,291878000,791023000,423633000,367390000,179226000,160580000,63446000,124718000,5808000,17265000,,,,,0.17941072253984447,0,0,0.19688355572339197,0.9698556538733634,9.746363143071239,7.305506053909838,6.570974626965668,98201000,104481000,1.2994776020610788,0
708870,2014,0,9576000,34615000,,,,,425000,,,4974000,,,,-1423000,,,,,,23048000,,23048000,3.614766081871345,2.4068504594820386,,-0.14860066833751046,0.5194235588972431,,-0.13071895424836602,0,11016000,4974000,-0.1291757443718228,2.1270878721859114
711034,2014,0,528076,,48599,95688,166505,,,432388,-3004159,53203,,,,-419695,,,-10925,,,,,,,0,0,-0.7947624963073497,0.1007487558608988,0.5078902265696849,-0.24497041081710183,-0.11549459684123026,699411,60150,0.4591620663672719,0
714530,2014,0,1965232000,1798440000,,,53992000,,,163387000,-56880000,,,,,-25254000,,699000,7514000,2800000,,,229774000,229774000,0.9151285955042459,0.11691952909376603,1.4063175160814507,-0.012850391200631783,,,0.1501281378258531,,1708707000,,0.0027377426322944777,0.0935057912210812
726854,2014,0,3368238000,2980615000,,,146399000,,,311134000,333970000,,,,,38945000,,,14450000,,,,,,0.8849181678966866,0,0,0.01156242522054558,,,0.1545080559636342,,2917466000,,0.013942921699858713,0.07045326320855153
734543,2014,0,13954772,2871471,10481334,2853912,7988861,,,10342,,5337978,,,,-815605,,,-1292,161464,,,,,0.20576982554784842,0,0,-0.05844631499532919,0.3825199007192665,3.6726198985813157,0.03804745996310873,-0.07701955972717844,13443289,5783414,-0.015118249708088548,0
74145,2014,0,7694900000,4865600000,639200000,555100000,0,,179400000,2494000000,1813000000,,,,489400000,280300000,,,124600000,248700000,,135400000,,135400000,0.632314909875372,0.017596070124368087,0.05429029671210906,0.03642672419394664,,1.1515042334714465,0.06542146654851573,,7222400000,,0.03645602569782898,0.31848139122729285
751652,2014,0,3803300000,,351900000,555800000,11600000,,119300000,1033500000,876100000,1098900000,,,375700000,212000000,,,57900000,181600000,276000000,1247100000,,1523100000,,0.4004680146188836,1.4737300435413643,0.05574106696815923,0.28893329477033103,0.6331414177761785,0.06469402609036448,0,3572200000,1098900000,0.04512625272941045,0.38488886400537486
79282,2014,0,3128058000,,928036000,906877000,286305000,,,2113745000,1768201000,1363279000,,,,217112000,,,16097000,,25000000,1198471000,,1223471000,,0.39112797780603814,0.5788167446877461,0.06940792018562315,0.435822801239619,1.0233317197370757,0.199863752013321,0.34506414139719915,2607011000,1013542000,0.06290537324161655,0.14576079655973834
799231,2014,0,348784000,131074000,94226000,55255000,33693000,,59902000,206297000,111789000,,,163937000,27953000,17284000,,,,2315000,,,,,0.3758027891187669,0,0,0.04955502545988348,,1.7052936385847435,0.39928347622352656,,249259000,,0.08345536169205525,0
808450,2014,0,8315000000,12061000000,5459000000,4231000000,539000000,1210000000,737000000,-3649000000,-4682000000,10775000000,,,,-898000000,406000000,979000000,259000000,37000000,1163000000,36000000,,1199000000,1.4505111244738425,0.14419723391461214,-0.3285831734721842,-0.10799759470835839,1.29585087191822,1.2902387142519498,0,0.23779437105112006,8315000000,8705000000,-0.02020444978953698,0.1279615153337342
809933,2014,0,71708322,,68491155,34203200,9444660,,,37678218,21916575,43485644,,,4783834,773579,,,364305,2428844,,842506,,842506,,0.011749068678527996,0.022360558559324648,0.010787855278498917,0.6064239517416123,2.0024779845160685,-0.2646217079296422,2.6852240677966104,97512155,11800000,0,0.0038225388414398183
81018,2014,0,12854318000,,1226459000,1222912000,3763000,238007000,328675000,4801999000,1384047000,50000000,,,849219000,458076000,,,188094000,,0,,388400000,388400000,,0.030215527576025424,0.08088298227467353,0.03563596295034867,0.003889743508757135,1.0029004539983253,0.06373206134406098,-0.9874032982699942,12084169000,3969293000,0.037907116327154974,0
812152,2014,0,4405,,,31949,22357,,,-27544,-1545224,0,,,,-33356,,,325,,,,,,,0,0,-7.572304199772986,0,NaN,-0.8029699870286711,,22357,0,-1.5322717717046115,0
819793,2014,0,1117691000,515736000,521516000,183398000,118909000,107274000,163547000,509869000,456105000,745345000,,291635000,136450000,41569000,32400000,147198000,12254000,45066000,,100000000,,100000000,0.4614298585208255,0.0894701666202913,0.19612880955696463,0.03719185356238889,0.6668614133960101,2.843629701523463,-0.09199319537779627,-0.020495675748842552,1230928000,760941000,0.014230726736251023,0.24380873617303367
83402,2014,0,2443193000,1421125000,,,12803000,,,153724000,-26025000,153071000,,,28727000,24028000,,,2289000,2084000,,,,,0.5816671053003181,0,0,0.009834671268295219,0.06265202953675784,,0.002756438907488148,-0.09172847564231887,2436477000,168530000,-0.005361840066620781,0
836564,2014,0,8414907,277734,8040489,277734,7572887,,,8137173,-54801249,,,,,-1466867,,1660090,,,,,,,0.03300499934223872,0,0,-0.17431767219768443,,28.950322970900213,0.03401066388273268,,8138124,,-0.5923238574393804,0
855574,2014,0,458604000,420891000,,,20853000,,,37713000,38785000,,,,,2187000,,,2997000,1446000,,,,,0.917765654028312,0,0,0.004768820158568177,,,0.028806787463293276,,445763000,,0.0041277539858624425,0
86144,2014,0,14657000000,11344400000,8463700000,5856400000,729400000,,,5819500000,4586900000,35161500000,,9229100000,635400000,596500000,,,300600000,,,3515300000,,3515300000,0.7739919492392714,0.23983762024971003,0.6040553312140218,0.04069727775124514,2.3989561301767073,1.4452052455433373,-0.027637724233096274,-0.027051033368290855,15073600000,36139100000,0.2326915932491243,0.2332090542405265
866706,2014,0,1092328000,490614000,393921000,230356000,34158000,90228000,91980000,601714000,407512000,478699000,294655000,,,46879000,14293000,128152000,,14495000,-50000000,172000000,,122000000,0.44914531166462823,0.11168806439091555,0.20275413236188622,0.042916596480178114,0.4382374158677613,1.7100531351473371,0.40763917525773197,3.432398148148148,776000000,108000000,0,0.22164948453608246
874761,2014,0,41830000000,,7739000000,7653000000,1624000000,684000000,2363000000,4330000000,-150000000,17164000000,,3583000000,,-912000000,,,1544000000,1394000000,,,,,,0,0,-0.02180253406645948,0.41032751613674395,1.0112374232327193,-0.07753715873505933,0.06621940613740837,45346000000,16098000000,0.001279054381863891,0
875357,2014,0,27015432000,23960459000,,,986365000,,,3020049000,2349428000,,,,,351191000,,,87322000,,,3053854000,,3053854000,0.8869174847916553,0.11304109443817148,1.0111935269924428,0.012999644055294026,,,-0.04025769494793548,,28148631000,,0.012476308350484256,0.012349907887172204
88121,2014,0,3418048000,,1853949000,615327000,71510000,698998000,,2475249000,2655857000,6189133000,5628075000,561058000,309661000,277000,,251397000,11049000,90216000,,,,,,0,0,0.00008104040668826184,1.8107214995225345,3.012949212370008,530.7436216552583,2.612874961253931,6428000,1713077000,32.16630367143746,0
885462,2014,0,309244805,10908739,194127792,8082244,,5367868,41997862,312073413,,113660331,81737610,,23818221,17871795,134292,,203296,27642222,,,,,0.03527541554012524,0,0,0.057791738813526713,0.3675416018710484,24.019046195586274,0.11161951308960526,-0.039964361378018946,278193034,118391783,0.07536981677262271,0
8858,2014,0,10474680000,6185555000,8356878000,4978826000,1009343000,2613363000,4868973000,4890193000,3257407000,27499654000,22479123000,2979801000,625981000,567019000,,2341168000,90859000,73551000,838190000,1206993000,,2045183000,0.5905244838028465,0.19525016516017674,0.41822132582497257,0.054132345809132114,2.6253454998147916,1.6784836425293834,0,14.277585555555556,10474680000,1800000000,0.042967708798741344,0.15006997827141258
887936,2014,0,2364947000,-887195000,803861000,-887195000,264423000,,476445000,1042259000,789428000,1576871000,1144757000,,81439000,-10594000,,-5002000,56731000,33919000,,717014000,,717014000,-0.3751437135800506,0.30318396141647147,0.6879422485198017,-0.004479592988764653,0.6667680079088453,-0.906070255129932,0.03933064727359663,0.006448306322314472,2275452000,1566768000,0.04566257605082419,0.31246539149144875
888981,2014,0,139500,,138900,606100,22900,26000,68500,-334400,-13450700,637000,202000,435000,-143800,-146100,109400,,10100,3100,,,,,,0,0,-1.0473118279569893,4.566308243727598,0.2291701039432437,,-0.03294367693942614,,658700,,
893949,2014,0,3008716000,1343229000,368125000,416273000,18596000,,285397000,2264619000,1484023000,,,,389520000,280517000,,,3245000,30816000,,27000000,,27000000,0.4464459257703286,0.008973927748581122,0.011922535313887237,0.09323478852773076,,0.8843355201994845,0.09394448753007359,,2750337000,,0.08759181147619365,0
894871,2014,0,2658312,,2658312,94237,113991,,,86504,-62094561,,,,-260903,0,,,,,,,,,,0,0,0,,28.208792724725956,-0.05348027710047171,,2808512,,0.20237264430417246,0
903129,2014,0,481923000,249829000,269932000,153146000,23839000,77643000,118283000,243255000,84931000,,,241682000,98434000,70119000,66411000,84647000,,30627000,,82320000,,82320000,0.5184002423623691,0.17081566972317155,0.3384103101683419,0.14549834724634433,,1.7625794993013204,0.09728208526014522,,439197000,,0.07700416897201028,0.1386188885625357
908315,2014,0,53036100,,30675000,10507500,9020100,96700,17700,35108700,35199300,51943100,,,27299100,,,20280300,392300,433300,,,,,,0,0,,0.9793913956720045,2.9193433261955746,0.21813416998171745,-0.0679709031924667,43538800,55731200,,0
909281,2014,0,10959230000,,1583103000,1706018000,35091000,188286000,,4994160000,,10182151000,8540319000,1641832000,962927000,887990000,,,206018000,203101000,0,6100000000,,6100000000,,0.5566084478562818,1.221426626299518,0.0810266779691639,0.9290936498275882,0.9279521083599352,-0.14797761076136348,0,12862608000,10182151000,0.06455292736900635,0.4742428596129183
910267,2014,0,18423000,12663000,16820000,10846000,5406000,,4818000,5760000,-300417000,7117000,,,-8370000,-15180000,10610000,,,17000,,,,,0.6873473375671715,0,0,-0.8239700374531835,0.3863105900233404,1.5508021390374331,-0.25794497925645465,0.7495083579154376,24827000,4068000,-0.6123575139968582,0.3770089015990655
913341,2014,0,977018000,1199356000,,,,,,96090000,99252000,97586000,,,,16382000,,,10111000,,11780000,,,11780000,1.227567967018008,0.012057096184512466,0.12259340201894058,0.016767347172723532,0.09988147608334749,,0,79.71629445822994,977018000,1209000,0.013281229209697263,0.1454691725229218
915778,2014,0,191179000,,71285000,31693000,20544000,15635000,21195000,146623000,-85352000,128690000,85992000,57044000,-443000,3602000,33468000,,24000,1290000,,,,,,0,0,0.01884098148855261,0.6731387861637523,2.2492348468115986,-0.005648453956778405,-0.14810377127423657,192265000,151063000,-5.24796504824071,0
91668,2014,0,12707000,1014000,12142000,1014000,1297000,4316000,785000,11693000,9188000,9000,6389000,2261000,718000,896000,,1543000,,237000,,,,,0.0797985362398678,0,0,0.07051231604627371,0.0007082710317148029,11.974358974358974,0.02641357027463651,8,12380000,1000,0.06655896607431341,0
91767,2014,0,3974523000,,1379838000,881733000,175523000,,614053000,1691461000,1596965000,4922140000,3974007000,839564000,342991000,195299000,20200000,463715000,64114000,200403000,35201000,981458000,,1016659000,,0.2557939657161375,0.6010537635807152,0.049137720425822165,1.238422824575427,1.5649159099183085,-0.04826122198768458,863.898963275347,4176065000,5691000,0.04693652996301542,0.2350198093181021
919130,2014,0,13927410,8466568,2715415,6803027,359795,,2175505,9596056,-138763092,17217998,5029377,12188621,-5618060,-7169502,,,1411289,1274168,,5339648,,5339648,0.6079068541817897,0.38339131252688047,0.5564419382296226,-0.514776401355313,1.236267044626388,0.39914805571108275,-0.15942108408251615,0,16568831,17217998,-0.4327101893911526,0
919721,2014,0,90115321,98354045,13159528,17370539,,,4460535,-8238724,-63346785,,,,3178515,-12540261,,6230598,19782603,84589,,,,,1.091424231846214,0,0,-0.13915792410038688,,0.7575774131130876,0.4432662105492959,,62438461,,-0.2840452938133757,0
922612,2014,0,11624598,,8689157,1609480,1909071,4789822,1980685,-263337,-22482,12134506,8094386,6094800,57284,-539624,573461,6083611,,347715,,,,,,0,0,-0.046420874080978974,1.043864570628593,5.398735616472401,1.1174223712453388,0.5730249016025414,5489976,7714122,0.01410224744151887,0
925661,2014,0,18409,5098749,18409,4615749,,18409,,-5080340,-11228875,,,,-771263,-997806,,,226543,,,,,,276.97044923678635,0,0,-54.20207507197566,,0.003988301790240327,0,,18409,,-54.20207507197566,0
935703,2014,0,2771900000,1601200000,1378500000,686300000,399900000,,,1667300000,1174800000,,,2652700000,920100000,619300000,,1732600000,,175300000,,757000000,,757000000,0.5776543165337855,0.27309787510371947,0.4540274695615666,0.2234207583246149,,2.008596823546554,0.007231104651162791,,2752000000,,0.21682412790697675,0.27507267441860467
937098,2014,0,2347764000,2373523000,1824338000,1768761000,63749000,,10450000,74160000,-468127000,2193531000,,,86791000,15497000,,,,73838000,,,,,1.0109717160668619,0,0,0.006600748627204438,0.9343064294366895,1.031421430029269,,,,,,
939930,2014,0,1895373000,,1293065000,500362000,,,215535000,245302000,16000000,2240996000,1953794000,287202000,162201000,24612000,,145777000,114528000,33811000,212669000,904919000,,1117588000,,0.589640139434296,4.555967745880588,0.012985306849891815,1.1823509145693223,2.5842589964865437,0.06764314727703183,-0.0012567875440766979,1775287000,2243816000,0.016442975135851273,0.5176408096268378
944314,2014,0,1561875000,678226000,,,7321000,,5758000,43485000,,1268000,,,116333000,74126000,,,33166000,40542000,,325000000,,325000000,0.43423833533413364,0.20808323329331732,7.473841554559043,0.04745962384953981,0.0008118447378951581,,0.05225660407866281,-0.9936871452753161,1484310000,200860000,0.020610249880415817,0
948072,2014,0,24577033,20819971,4658957,6988564,469827,,3250319,3757062,5103430,64105874,,3671960,1413477,89173,,,100647,4229253,,9833453,,9833453,0.8471311813757177,0.40010740922226046,2.6173251865420375,0.0036283061507058237,2.6083650536661604,0.6666544085451603,0.056207281937130635,0.015609276381008187,23269138,63120607,0.034692475501241174,0.3477477335000549
97134,2014,0,456306000,192460000,315296000,131526000,52339000,66906000,135492000,220852000,249927000,738980000,413684000,325296000,62703000,41584000,29263000,234114000,2517000,,3803000,,,3803000,0.4217783680249657,0.008334319513659693,0.01721967652545596,0.09113182820300413,1.6194834168299344,2.3972142390097777,0.08448046392242609,-0.017328203975739715,420760000,752011000,0.09883068732769275,0.009038406692651393
1001385,2015,0,351882000,106247000,195239000,29556000,46000,72779000,,259432000,130571000,359445000,299209000,60236000,37535000,-923000,,22701000,3621000,13299000,,,,,0.3019392864653492,0,0,-0.002623038404919831,1.021493000494484,6.605731492759507,0,1.7022282698582147,351882000,133018000,-0.002623038404919831,0.01818791526704975
1006269,2015,0,304626000,128986000,86886000,15724000,87370000,,,175640000,-803378000,,,,-16038000,16579000,,16038000,17000,18000,,,,,0.4234241331993986,0,0,0.054424113503115296,,5.525693207835157,-0.07052541648868005,,327740000,,1.2848324891682432,0
1010086,2015,0,160729407,407231884,124148743,7460253,32017490,19044477,491632,28243002,-421991008,,,,-23516181,-17177333,13785083,13119029,1207332,463137,,,5000000,5000000,2.533648892265247,0.031108184204275698,0.17703500498990865,-0.10687112782043674,,16.641358275650973,-0.17074658992332198,,193824234,,-0.0725375703019675,0.020637254266151258
1028734,2015,0,2800691000,2753397000,,,65893000,,,257051000,59019000,,,,,27611000,,,10426000,,,,,,0.9831134530728309,0,0,0.009858638457437825,,,0.055414428703807334,,2653641000,,0.009258976628715037,0
1029125,2015,0,2478000,,2373000,467000,2694000,,,1413000,-8569000,,,,-3445000,-3531000,2366000,,184000,,0,300000,,300000,,0.12106537530266344,0.21231422505307856,-1.4249394673123488,,5.081370449678801,3.655610687238028,NaN,532261,1356995,-0.20111186053458735,0
1029142,2015,0,138290000,37808000,127437000,20279000,7599000,,727000,114826000,-592933000,11251000,,,-66488000,-66720000,50870000,,35000,1327000,,9559000,,9559000,0.273396485646106,0.06912285776267264,0.08324769651472663,-0.4824643864343047,0.08135801576397425,6.2841856107303125,0,0.019851341551849165,138290000,11032000,-0.6560271892400029,0.06912285776267264
1031203,2015,0,4141492000,32329000,2035219000,1922199000,4650000,1556705000,,860284000,852057000,8918581000,7626035000,1292546000,273322000,113992000,,976856000,,35826000,0,115200000,1081467000,1081467000,0.007806123976576557,0.2611298053938049,1.2571046305638602,0.02752438010262968,2.1534705367051297,1.0587972421169713,0.08430837931256575,0.19294565348243067,3819478000,7476100000,0.026236307683929583,0.1830297229097798
1031896,2015,0,5236,7780111,,,3070,,1403,-7774875,-29056615,29568,,20126,-476580,80819,,,77704,10437,,,,,1485.8882734912147,0,0,15.435255920550038,5.647058823529412,,0,0,5236,29568,15.435255920550038,0
1034760,2015,0,54078240,17299384,27753494,15275348,1857614,37025,8543050,23937267,-55816286,46825032,,12111561,-1175294,-1694785,73561,,175358,288333,,1327800,,1327800,0.3198954699709162,0.024553313865244134,0.05546999162435712,-0.031339499954140516,0.8658756645926347,1.8168812913460302,0,-0.12174867643442773,54078240,53316210,0,0.06493953945246739
1035216,2015,0,2185672000,,196612000,271410000,2678000,,,680568000,438300000,446480000,200081000,,105822000,62236000,,,12550000,48261000,,507091000,,507091000,,0.23200690680028843,0.7450996814425598,0.02847453780805171,0.2042758474281594,0.7244095648649644,0.14485476600287253,0.05832547158630302,1909126000,421874000,0.03050662973528201,0.24880495053757584
1040792,2015,0,4909476,,2803707,899926,660278,,1082088,4395931,-33770229,10641681,8468103,2173578,-182719,-177712,,2345168,,11129,,,,,,0,0,-0.0361977530799621,2.167579798740232,3.1154861621955585,0.0608818879057577,10.707019801980199,4627731,909000,-0.03840154062541665,0
104169,2015,0,204541000000,,63278000000,65253000000,7781000000,45141000000,,81394000000,85777000000,476294000000,358069000000,,26872000000,16022000000,,91353000000,,8870000000,1592000000,40889000000,,42481000000,,0.20768941190274812,0.52191807749957,0.078331483663422,2.3285991561594006,0.9697331923436471,0.007070234607715221,0.016308511024194977,203105000000,468651000000,0.08369562541542552,0.26362718790773243
1053706,2015,0,313472000,,144529000,88273000,55451000,,58080000,214085000,147618000,,,89170000,18517000,11235000,,64242000,,6411000,,,,,,0,0,0.03584052164148632,,1.6372956623203019,-0.021329736750087418,,320304000,,-0.16497764623607572,0
1061219,2015,0,47201000000,,5490700000,7873700000,16100000,1014200000,3823000000,,,75000000,,,3467300000,2596900000,,,802500000,,,19157400000,,19157400000,,0.4058685197347514,,0.055017902163089764,0.0015889493866655367,0.6973468636092307,0.17594740238223958,-4.348214285714286,40138700000,-22400000,0.0646981591332056,0.03811782643683029
1065837,2015,0,1674918000,540811000,1285014000,505737000,325826000,,272103000,1075249000,735640000,,,818792000,93609000,54788000,,,11890000,42397000,1810000,15081000,,16891000,0.3228880458625437,0.01008467280189239,0.01570891951538667,0.03271085509857796,,2.5408740115910047,0.1890910639868803,,1408570000,,0.038896185493088736,0.08398446651568613
1070336,2015,0,156807000,13338000,154875000,13059000,18526000,,,72047000,-450682000,66122000,,,-59477000,-58947000,46736000,,52000,399000,,279000,,279000,0.08505997818974918,0.001779257303564254,0.003872472136244396,-0.3759207178250971,0.42167760367840723,11.859637031932001,0,24.3632527809743,156807000,2607000,-0.3759207178250971,0.002212911413393535
1070680,2015,0,315588000,281079000,,,19160000,,,22864000,-22157000,,,,,479000,,,1889000,,0,,,,0.8906517358074452,0,0,0.0015178016908120714,,,0.23398032438181335,,255748000,,-0.01472543284795971,0
1074458,2015,0,1490189,1521440,,,,,,-31251,-9998171,,,,9069,549744,,,,,,,,,1.0209711654025093,0,0,0.36890891021206035,,,-0.030206852118794356,NaN,1536605,148624,0.011316506193849428,0
1077183,2015,0,81106000,20701000,58742000,14623000,1868000,2616000,20475000,9216000,-19406000,,,31737000,3174000,2033000,2440000,,989000,4189000,,52254000,,52254000,0.25523389145069414,0.644267994969546,5.669921875,0.025065963060686015,,4.0170963550571015,1.0319170257540835,,39916000,,0.050931957109930856,0
1083220,2015,0,124484000,64260000,13207000,17609000,7461000,,3641000,35377000,3492000,20707000,,20634000,1435000,-1032000,,,,935000,,39024000,,39024000,0.5162109186722792,0.31348607049901994,1.1030895779743901,-0.008290222036566949,0.16634266251084476,0.750014197285479,0.7522345621665751,0.5728826433725788,71043000,13165000,0,0.05067353574595668
1083490,2015,0,53305,104631063,81510666,91038088,1626583,,1270299,-10451550,-24545524,23121492,2811134,1952640,-2242332,-4765292,,,3412261,378131,18548782,23099667,,41648449,1962.8752087046244,781.3234968577057,-3.9849064492826423,-89.3967170059094,433.7584091548635,0.8953468574603631,-0.9978994504090604,1.6849118965623153,25376692,8611639,-0.14397802518941397,1.3271331030853035
1083922,2015,0,1234733,,530513,2690612,3550,,0,-1455879,-13594582,0,0,0,-1177998,-1198426,,,,,,,,,,0,0,-0.9705952622955732,0,0.1971718701916144,-0.35396640526733264,-1,1911252,454820,0.13167389752894962,0
1084580,2015,0,,,,,515365000,,,,,315043000,,,,157560000,,,251020000,-80424000,,,,,,,,,,,NaN,-0.9199193812621169,40176996000,3934073000,0.007029121838775602,0.15543237727380116
1086600,2015,0,2121898000,1270012000,340888000,420895000,28283000,83155000,184187000,,,2205561000,,,443518000,393490000,,,27044000,264911000,,591250000,,591250000,0.5985264136164886,0.27864204594188785,,0.18544246707428916,1.0394283796864883,0.8099122108839497,0.08483045769571343,0.08418616517418022,1955972000,2034301000,0.17156227185256231,0.4437691337094805
1094139,2015,0,13381729,5920568,10681604,2657105,57975,6894115,3116448,6622973,930926,,,6810959,1202025,769275,491997,5608934,,,,119780,,119780,0.4424366985760958,0.008951010740091957,0.018085533490775216,0.05748696599669594,,4.020015769041871,0,,13381729,,0.05748696599669594,0.008951010740091957
1095007,2015,0,31231231,521403,,,,,,,,,,,,-553368,,,,,,,,,0.016694923104375873,0,,-0.017718417823492132,,,-0.0298561721391639,,32192372,,-0.01718941369092032,0
1097149,2015,0,987997000,235226000,657160000,201811000,306386000,15928000,129751000,581317000,-30507000,660206000,162100000,498106000,94212000,64295000,44083000,292798000,,16800000,,,,,0.2380837188776889,0,0,0.06507610853069391,0.6682267253847937,3.256314076041445,0.1872866212339887,0.17885297683562454,832147000,560041000,0.07052960594702619,0
1110805,2015,0,4918796000,,389147000,365192000,83602000,55713000,208314000,1716210000,,3463732000,,,-19121000,-273770000,,,,178921000,77000000,2749452000,,2826452000,,0.5746227328801601,1.6469150045740324,-0.055657929298145316,0.7041828935373616,1.0655956318867883,-0.02253295088854029,4.1844514294267325,5032186000,668100000,-0.04503331156678231,0.5277136020011979
1112372,2015,0,636779,362327,366541,289529,1020,326348,,686056,-12269363,425487,,337048,-68227,-79964,,405275,,81097,,42798,,42798,0.5689996058287098,0.06721013098735983,0.06238266263978451,-0.125575749200272,0.668186293831926,1.265990626154893,0.03686124196235067,-0.4975247466290025,614141,846782,1.6002269837056962,0.14916118611198406
1122897,2015,0,300908000,127074000,229849000,105621000,16850000,,44986000,18730000,-21191000,,,79218000,-1939000,-3239000,11190000,,,3300000,,,,,0.4223018331184282,0,0,-0.010764087362250256,,2.1761676181819904,0.2759205549619227,,235836000,,-0.013734120320900964,0
1124524,2015,0,2606649,3022948,2161902,2996496,369581,69680,589699,-2304495,-97768079,617200,2766391,1168929,-5593032,-7026913,352580,,1428015,197938,,,,,1.15970658113156,0,0,-2.695764945721499,0.23677909837496341,0.7214766847678088,0.5244007134711541,0.4221198156682028,1709950,434000,-11.442104155092254,0
1130464,2015,0,4245902000,,454036000,651281000,21218000,91191000,189992000,1205800000,577249000,1275852000,,,259445000,505000,,,111788000,137324000,75000000,1267589000,,1342589000,,0.3162081932178369,1.1134425277823852,0.00011893821383536408,0.3004902138579741,0.6971430150733708,0.10629828115945654,0.08686377870385831,3837936000,1173884000,0.0004312213648169224,0.3854801122269887
1142750,2015,0,680731000,424150000,282670000,178295000,5681000,,186274000,182111000,-178058000,1011816000,714536000,297280000,65502000,32933000,,218233000,9665000,13545000,,136875000,,136875000,0.6230801887970432,0.2010706137960516,0.7516020449066778,0.048378875062249256,1.4863668615062338,1.5854062088112397,0.1265009399491633,0.06065825183893093,604288000,953951000,0.028357339546706207,0.23891753600932006
1158387,2015,0,,,,,,,,,,,,,,,,,,,,,,,,,,,,,,,,,,
1163302,2015,0,12013000000,8213000000,5829000000,3569000000,570000000,2496000000,,3799000000,1862000000,17424000000,16016000000,,-1900000000,-1645000000,,610000000,266000000,684000000,378000000,3166000000,,3544000000,0.6836760176475485,0.29501373512028634,0.9328770729139247,-0.13693498709731125,1.4504287022392408,1.633230596805828,-0.08597732633340942,-0.09850993377483444,13143000000,19328000000,-0.009434680057825459,0.3216160693905501
1175505,2015,0,155631000,,151258000,19815000,11391000,,,-115878000,-188998000,,,,-29421000,-28872000,32785000,,,1694000,,,,,,0,0,-0.18551573915222547,,7.633509967196568,0.9027888153953368,,81791000,,-0.45755645486667235,0
1176316,2015,0,847182000,953976000,,,37941000,,,91267000,72168000,64026000,,,18299000,13207000,,,3712000,,185635000,0,,185635000,1.1260579190776008,0.2191205667731373,2.033977231639037,0.015589330273778243,0.07557526009759415,,-0.019367668541081635,-0.3003387607911704,863914000,91510000,0.01611850253613207,0.21487671226534122
1185198,2015,0,28891190,,,692171,1632418,,,,,1238291,,,974970,2220010,,,,854456,,,,,,0,,0.0768403793682434,0.04286050522667983,NaN,0.00011271141785355782,0.37497140775976745,28887934,900594,0.002434892021007802,0
1195734,2015,0,191947000,35622000,80218000,20884000,22595000,,4016000,156059000,-226874000,299712000,,,1475000,1258000,,,387000,,,1008000,,1008000,0.18558247849666834,0.005251449618905219,0.006459095598459557,0.00655389248073687,1.5614310200211516,3.8411223903466767,0.03152944969905417,0,186080000,299712000,0.023420034393809113,0.005868443680137575
1228454,2015,0,1301900000,1199648000,,,34147000,,,91581000,25983000,,,,,9416000,,,10580000,,18000000,133000000,,151000000,0.9214594054842922,0.1159843305937476,1.6488136185453315,0.007232506336892234,,,0.0777683679661313,,1207959000,,-0.001707011579035381,0.10513601868937604
1270200,2015,0,264000,,263000,828000,6000,,0,-568000,-50241000,153000,46000,107000,-619000,-752000,0,669000,138000,,,,,,,0,0,-2.8484848484848486,0.5795454545454546,0.3176328502415459,0,,264000,,-2.8484848484848486,0
1275158,2015,0,238539000,98424000,22776000,25831000,581000,9415000,4557000,10407000,21736000,350924000,,,14252000,6665000,,,2196000,20623000,,27136000,,27136000,0.4126117741752921,0.11375917564842647,2.6074757374843855,0.027940923706396018,1.471138891334331,0.8817312531454454,0.27016219209593084,0.16815019473386372,187802000,300410000,0.027491720002981865,0.03360986570963036
1283582,2015,0,607614800,530484907,,,84693825,,,73095630,20412898,,,,,,,,2516422,,,,,,0.8730612009450724,0,0,,,,-0.023197123912249342,,622044442,,,0
1297735,2015,0,1174983000,349760000,94169000,42815000,63169000,,4427000,,,337435000,,,29994000,-15135000,,114807000,34605000,31678000,,303651000,,303651000,0.2976723918558822,0.2584301219677221,,-0.01288103742777555,0.287182878390581,2.1994394487913116,-0.00024164721718554166,-0.006752440916141984,1175267000,339729000,-0.013442051891187278,0.2729456370339676
1304280,2015,0,9102000000,9172000000,3675000000,3593000000,301000000,1431000000,40000000,-82000000,-925000000,,,0,,104000000,45000000,461000000,304000000,334000000,846000000,4457000000,5303000000,5303000000,1.007690617446715,0.582619204570424,-64.67073170731707,0.011426060206548011,,1.0228221541887002,-0.0013166556945358788,,9114000000,,0.02216370419135396,0.5676980469607198
1306830,2015,0,8796000000,40000000,2698000000,1338000000,959000000,782000000,801000000,2699000000,3491000000,6510000000,5145000000,1365000000,1508000000,1101000000,85000000,311000000,172000000,305000000,137000000,2586000000,2999000000,2999000000,0.004547521600727604,0.34095043201455205,1.1111522786217118,0.1251705320600273,0.7401091405184175,2.01644245142003,-0.024617431803060547,0.014334683702087878,9018000000,6418000000,0.04125083166999335,0.30439121756487025
1307752,2015,0,7824234,2976728,6270930,2976728,7330630,,1814143,8287476,-17130564,10452484,7090614,3361870,-3423563,-3422423,1245264,,0,314249,,206575,,206575,0.3804497667119874,0.026401945545084668,0.024926165698700063,-0.43741317041387057,1.335911477085169,2.10665200179526,-0.28932099576739,-0.06457523775397123,11009519,11174051,-0.24928800250038172,0
1311370,2015,0,3011137000,2562179000,,,850190000,,557596000,706744000,464655000,2064733000,,,216807000,160212000,,,79381000,34750000,,998350000,,998350000,0.8509008391182467,0.33155249993607067,1.4126048470167416,0.05320647981144664,0.6856987908554144,,0.008116795613368139,0.035466167973829656,2986893000,1994013000,0.14305065497826672,0.35098344667853854
1313938,2015,0,63000,137824,63000,137824,,,0,-451151,-868186,0,0,0,-133052,-280785,,,,,234100,,,234100,2.1876825396825397,3.715873015873016,-0.5188950041117054,-4.456904761904762,0,0.4571047132574878,-0.6874193740448925,-1,201548,207316,-0.8315388889991466,0
1327567,2015,0,1478466000,,958326000,348171000,322642000,,135518000,468583000,-335726000,396107000,109756000,286351000,-18621000,-29246000,62482000,,74000,9892000,,466875000,,466875000,,0.3157833862936314,0.9963549680632887,-0.019781313875327534,0.2679175577930098,2.752457843990453,1.524677001260233,2.121041642043888,585606000,126915000,-0.3866968576141638,0
1334589,2015,0,116327,453351,111654,448515,74415,,,-337024,-2525343,0,,,-297483,-2329863,,,101569,,,4836,,4836,3.897212169143879,0.04157246383040911,-0.01434912647170528,-20.02856602508446,0,0.24894150697301093,-0.7983693023949138,,576931,0,-0.15017047099219838,0
1335103,2015,0,4028127,,931344,7765562,1086330,161301,273914,-3011025,-69867118,1768312,871904,896408,-10693148,-11474770,2853078,8736478,745277,825780,,,,,,0,0,-2.8486614250245834,0.43899112416266917,0.11993259470467173,-0.25651877553905766,0.44529919280224145,5417927,1223492,-2.1073871980925545,0
1336917,2015,0,2095083000,744783000,1549399000,421627000,341841000,536714000,279835000,816922000,856687000,2082500000,,1136670000,265098000,162330000,,871572000,,50549000,,669000000,,669000000,0.3554909280443782,0.3193190914154714,0.8189276332379346,0.07748141720399622,0.9939940326946474,3.674809725183634,0.3279004602149529,0.26181531749878817,1577741000,1650400000,0.08162176174669987,0.030392187310845063
1337068,2015,0,530430000,484498000,,,17792000,,,45320000,22382000,,,,,574000,,,3460000,,,,,,0.9134061044812699,0,0,0.0010821409045491395,,,-0.0135719174006189,,537728000,,0,0
1340122,2015,0,3085100000,2274900000,904200000,543500000,32200000,513500000,326000000,,,-9000000,,410000000,91600000,3500000,,,96800000,133700000,,1678200000,,1678200000,0.7373829049301481,0.5439694013160027,,0.0011344851058312534,-0.002917247414994652,1.6636614535418583,0.14768795803727539,0,2688100000,-9000000,0.07652245080168149,0.6396339421896506
1351541,2015,0,2888700000,,1246700000,856200000,601700000,469600000,197000000,1078000000,731200000,8706800000,,,237700000,117700000,,111200000,37700000,89800000,,,,,,0,0,0.04074497178661682,3.014089382767335,1.4560850268628824,0.10100240118916035,-0.0022803579818258908,2623700000,8726700000,0.10397530205435072,0
1357615,2015,0,4078000000,3143000000,2454000000,1978000000,1053000000,,7000000,942000000,439000000,7214000000,,417000000,308000000,75000000,,,,68000000,,,,,0.7707209416380578,0,0,0.018391368317802845,1.7690044139283962,1.2406471183013144,-0.2500919455682236,-0.07155727155727155,5438000000,7770000000,0.026480323648400146,0
1358651,2015,0,8761726000,,1409774000,856683000,116124000,1069632000,,615543000,-134083000,4839331000,,1590935000,317999000,-147181000,,1162075000,289923000,347390000,,4580521000,,4580521000,,0.5227875192627571,7.441431386596874,-0.016798174241011418,0.5523262197425485,1.645619208038446,0.6530806806709355,0.041108382963132996,5300241000,4648249000,0.026430118932327794,0.5088593141330743
1362703,2015,0,100760,,100760,239583,,,,315056,-138823,254,,,-452444,-453879,151255,,1989,0,,,,,,0,0,-4.504555379118698,0.002520841603811036,0.4205640633934795,13.590211410367797,2.4324324324324325,6906,74,-61.312047494931946,97.74109470026065
1364250,2015,0,5938973000,3625249000,,,373203000,,2143000,1943458000,-706700000,591519000,,,178691000,45311000,,,130548000,191351000,,3419667000,,3419667000,0.6104168178572289,0.5758010686359409,1.7595785450470245,0.007629433573784559,0.09959954355744671,,0.015592901864277251,0.021623526120079655,5847789000,578999000,0.003923192167159246,0.5474103118289665
1364885,2015,0,5162700000,,3052100000,1258800000,440700000,1753000000,605600000,1621500000,867500000,5154900000,6059500000,,-364300000,-621400000,34700000,200800000,,,,1140600000,,1140600000,,0.2209309082456854,0.703422756706753,-0.12036337575299746,0.9984891626474519,2.4246107403876707,0.010867011278195489,9.958545918367347,5107200000,470400000,0.00681390977443609,0.22411497493734336
1365216,2015,0,141574000,59262000,121848000,33810000,52022000,0,5338000,43255000,-13732000,89594000,,,9196000,7015000,21524000,,1894000,1488000,,,,,0.4185938095978075,0,0,0.04955005862658398,0.6328421885374433,3.6039041703637977,0.033590561643535584,-0.2239584235599827,136973000,115450000,0.09584370642389375,0
1368265,2015,0,1160409000,695374000,413639000,120211000,108522000,34696000,81970000,437426000,-457441000,352475000,,,-51691000,-66919000,,138024000,,42318000,,,,,0.5992490578752836,0,0,-0.05766845999987935,0.30375066032752246,3.4409413448020563,-0.07238891575703557,0.05528909487197911,1250965000,334008000,-0.08062735568141395,0
1377789,2015,0,253200000,141300000,218200000,121600000,96000000,38100000,77200000,111900000,-625000000,471300000,332900000,138400000,0,-16700000,39400000,95500000,800000,5600000,6000000,,,6000000,0.5580568720379147,0.023696682464454975,0.05361930294906166,-0.06595576619273302,1.8613744075829384,1.794407894736842,-0.17200784826684107,0,305800000,471300000,-0.07880967952910399,0.005559189012426423
1382574,2015,0,1222118,553677,1218316,553677,84317,46429,349025,668441,-4531788,1496227,,1056180,-1431472,-2012043,,,4154,,,,,,0.45304708710615504,0,0,-1.6463573893846584,1.22429012583073,2.2004092638849,0,0,1222118,1496227,-1.6463573893846584,0.01581925804218578
1396633,2015,0,11164730,,10676640,11539025,,,8686913,776437,-8474272,49831951,,5814648,-2080022,-3840170,,,215627,,3000000,,,3000000,,0.2687033183964144,3.8638035024090813,-0.34395547406878624,4.463336865289174,0.9252636162934044,0,0,11164730,49831951,-0.34395547406878624,0
1399855,2015,0,88082000,101000,40280000,14566000,15658000,,16532000,50712000,11573000,129176000,,,10010000,5446000,,82906000,1044000,5650000,,,,,0.001146658795213551,0,0,0.06182875048250494,1.4665425399059966,2.7653439516682687,0.05997737611013502,0,83098000,129176000,-0.0004091554550049339,0
1403568,2015,0,1983170000,735661000,1260355000,359594000,320475000,,8357000,786942000,679593000,2670573000,1729325000,941248000,327588000,202849000,,596390000,,106283000,,,,,0.3709520615983501,0,0,0.10228523021223597,1.3466182929350485,3.5049389033187426,0.23737230358008568,0,1602727000,2670573000,0.1265649109299338,0
1404912,2015,0,65872745000,14168684000,,,1230464000,,,,,3400899000,,,,691226000,,,99616000,14714000,,18813806000,,18813806000,0.2150917500098106,0.28560834985698563,,0.010493353510621122,0.0516283175993349,,0.2808930627976428,0.05512992661959963,51427201000,3223204000,0.010905435043995491,0.21410264968532897
1407805,2015,0,7659012,1900621,834335,197695,570376,37394,168421,,,,,,,-15723966,,,,2289410,,,,,0.2481548533936231,0,,-2.0530018754377197,,4.220314120235717,-0.6939267636108865,NaN,25023462,5285254,0.021357396510522805,0
1411685,2015,0,269700,20812500,105700,17388100,0,,,-12799900,-84522700,,,,-6777100,-13885800,2432700,,4548700,59100,,0,,,77.1690767519466,0,0,-51.4860956618465,,0.0060788700318033595,0.022753128555176336,,263700,0,-11.254076602199468,8.423587409935532
1411906,2015,0,70268410,4809892,51259157,3679983,17682517,,,66118265,-101904570,50000,369309,,-24023873,-24008558,16596000,7477396,0,,,,,,0.06845027516632296,0,0,-0.3416692934990275,0.0007115572986495639,13.92918309676974,0.9508840839349458,,36018752,,-0.6665571866565505,0
1419793,2015,0,462629,,331989,7662946,821448,,1066223,-1513199,-47468711,166195,,59276,-6982354,-11138608,1284611,,2332439,16547,,,,,,0,0,-24.076761292525976,0.3592403416128258,0.04332393833911918,-0.5398324362982407,0.18288256227758007,1005349,140500,-8.716367152103398,0.20888268650985878
1424328,2015,0,1369179,1213248,1369179,1213248,0,,38866,385491,-370116,642173,,324045,-229560,-229560,,,0,0,,,,,0.8861135030554806,0,0,-0.1676625189255751,0.46902048599927404,1.1285235994619403,88.4712801411488,27.43234747188524,15303,22586,-11.472652421093903,44.967522707965756
1424404,2015,0,203438,269880,2188,,,,,-269672,-4251177,,,,-262569,-248020,,,,,,,,,1.3265958178904629,0,0,-1.2191429329820387,,,59.65533691115086,,3354,,-73.94752534287419,0
1449278,2015,0,142707000,72066000,137371000,71465000,19670000,,88457000,23009000,-23285000,,19698000,37516000,-6176000,-7411000,11837000,,,322000,2050000,1787000,4685000,4685000,0.5049927473774938,0.03282950380850273,0.20361597635707768,-0.0519315800906753,,1.9222136710277757,1.020916235927211,,70615000,,-0.05048502442823763,0.019316009346456137
1449574,2015,0,365831,,302381,2501984,15504,,0,-1623314,-12415279,391872,,192804,-1616188,-5351059,492986,,363302,32165,,,,,,0,0,-14.627133840489188,1.071183141942591,0.12085648829089235,14.680711530218602,307.5606299212598,23330,1270,-290.75649378482643,4.926275182168881
1455741,2015,0,21455000,2112000,12989000,681000,14818000,,223000,22452000,,,,,-691000,-676000,,,,,,,,,0.09843859240270333,0,0,-0.03150780703798648,,19.073421439060205,0,,21455000,,0.031134933581915637,0
1462120,2015,0,673315000,581501000,,,,,,91814000,-6943000,,,,,28062000,,,4521000,1459000,6100000,41849000,,47949000,0.8636388614541485,0.07121332511528779,0.5222406168993835,0.04167737240370406,,,,,,,,
1462223,2015,0,13393,2454365,13393,2409365,4249,,,-3968606,-5010816,,,,-393258,1103141,,393258,349005,,,,,,183.25729858881505,0,0,82.36698275218397,,0.005558726054375323,2.152035773123088,,4249,,-928.0411861614498,0
1466815,2015,0,169217000,,63541000,81908000,67993000,5337000,14304000,-63190000,-342650000,141747000,37874000,,8046000,-9955000,11091000,,17663000,4209000,,137374000,,137374000,,0.8118215072953663,-2.17398322519386,-0.05882978660536471,0.8376640644852468,0.7757606094642769,-0.013691523961624099,471.49,171566000,300000,-0.08307590081950969,0.8143979576372941
1467913,2015,0,7261592,,4141211,487447,197385,,,4928798,-19583832,415333,,,,-4549531,,,24285,275096,,,,,,0,0,-0.6265197769304582,0.057195860081370585,8.495715431626413,0.3149259909670265,-0.6083327125118938,5522434,1060423,-0.2173853051027862,0
14707,2015,0,1146340000,,790148000,369539000,68223000,543103000,,540910000,398804000,132596000,,1014288000,98617000,38073000,,909749000,21254000,55329000,,,,,,0,0,0.033212659420416284,0.11566899872638135,2.1381992157796605,-0.0026648616716678135,-0.946486312836085,1149403000,2477796000,0.023917633762918663,0
1471265,2015,0,7879859000,6712386000,,,451704000,,,1127032000,481577000,,,,,,,,61162000,11900000,,,,,0.8518408768481771,0,0,,,,-0.007719776057990498,,7941163000,,,0
1479526,2015,0,127902900,31629394,66340390,976286,25147474,675542,5341891,95352715,84444386,58753254,,37208882,35564730,26520443,,,,,,,,,0.24729223496887093,0,0,0.20734825402707835,0.4593582631824611,67.95179896055049,0.4146142128697046,0.25631657561138976,90415393,46766281,0.23933668020444263,0
1483830,2015,0,1160959000,,253405000,277973000,10610000,,2598000,,,,,,,-8957000,,,66315000,41286000,193500000,575000000,,768500000,,0.6619527476853188,,-0.007715173404056474,,0.9116173153507715,-0.2457342850887252,,1539191000,,-0.028327218649277446,0.4512110582767181
1489874,2015,0,34269000,,2921000,216000,2698000,,,,,82925000,83016000,,4786000,,,,,2000,,,,,,0,,,2.419825498263737,13.523148148148149,-0.10804268610098906,-0.10677739718649691,38420000,92838000,,0
1490630,2015,0,473338000,152413000,41129000,30324000,423000,13030000,22467000,,,239057000,,,-64147000,49049000,,19226000,5708000,37233000,,57222000,,57222000,0.3219961211650026,0.12089035741901136,,0.10362362624593842,0.5050450206828947,1.3563184276480675,-0.15456636826725917,-0.3203645843698382,559876000,351743000,0.07061385020968929,0.3055069336781716
1491675,2015,0,8543000000,7112000000,2460000000,2608000000,721000000,388000000,1514000000,1431000000,1991000000,8212000000,5350000000,2862000000,914000000,667000000,,1948000000,103000000,308000000,,3952000000,,3952000000,0.8324944398923095,0.46260095985016975,2.7617051013277427,0.0780756174645909,0.9612548285145733,0.9432515337423313,-0.10309711286089239,0.018605805011163483,9525000000,8062000000,0.0710761154855643,0.40283464566929134
1491829,2015,0,491924,972810,82234,972810,15465,29117,48385,-160928,-1294290,48385,22429,25956,-834590,-76137,,,,5738,,,,,1.9775615745521666,0,0,-0.15477390816467584,0.09835868955367089,0.08453243696096874,0.19535973250908809,,411528,0,-0.18501049746311307,0
1498148,2015,0,88059,1115555,7929,886465,30183,,5250,-746828,-6379808,6750,,,-652107,-1049428,,,375412,,0,,,,12.66826786586266,0,0,-11.917328154986997,0.07665315299969339,0.008944515575911062,0.6028504341178398,,54939,0,-13.955022843517355,27.606927683430715
1500837,2015,0,151006000,128618000,,,14455000,,,22388000,,,,,,39000,,,377000,,,,,,0.8517409904242216,0,0,0.00025826788339536176,,,0.03074360759580074,NaN,146502000,71000,0.0002662079698570668,0
1502519,2015,0,320646657,161533923,,,24297314,,,,,37377454,,,,8723579,,,5302956,,,149701639,,149701639,0.5037754783141245,0.46687416111124463,,0.0272062059889182,0.11656898078934283,,0.15436774702129785,,277768205,,0.02544875141487126,0.5256629245957074
1502629,2015,0,7358,,,5981,0,,,1377,-17197,,,3721,,-13208,,,,,,,,,,0,0,-1.795053003533569,,NaN,,,0,,,
1503161,2015,0,244958,512076,208215,512076,44684,40861,,-160794,-548717,62132,19333,42799,-268527,-306798,,,38291,500,,,,,2.0904644877897436,0,0,-1.2524514406551328,0.2536434817397268,0.4066095657675814,2.9658393640617158,,61767,0,-4.967021224925931,0
1503985,2015,0,36871,2922055,,,0,,,-7981799,-14528373,0,,,-902728,-3966495,8271,,343635,,,,,,79.2507661848065,0,0,-107.57763554012638,0,,0.777686707487585,-1,20741,1194,0.37813991610819153,0
1504876,2015,0,1974,152814,1974,152814,30465,,,-102597,-151590,0,,0,-48246,-48243,,,3,,,,,,77.41337386018238,0,0,-24.439209726443767,0,0.01291766461188111,,,0,0,,
1509786,2015,0,307928,1470689,424,195038,857,,,-854470,-741265,,,,-189762,-308291,,,,,,,,,4.77608077212855,0,0,-1.0011788470031955,,0.0021739353356781755,-0.0014041983259880464,,308361,,-0.43066081638080045,0
1515069,2015,0,115905993,105155496,,,5029314,,,8415698,6317654,,,,,390445,,,654968,,,,,,0.9072481351330988,0,0,0.003368635131748537,,,0.07606586448912896,,107712731,,0.0036248732751934403,0
1515673,2015,0,197967000,13022000,193416000,12517000,86190000,,1300000,-27047000,-139041000,,,,-32280000,-35070000,27829000,,,444000,,,,,0.06577863987432249,0,0,-0.17715073724408614,,15.452264919709195,0,,197967000,,-0.30208064980527055,0
1518336,2015,0,53632,,,84371,2298,,,-30739,-1352556,107,,,-107534,-160284,,35841,-6916,31800,,,,,,0,0,-2.9885889021479715,0.001995077565632458,NaN,-0.5547142240377271,-0.7325,120444,400,-0.4136777257480655,0
1528557,2015,0,32836000,13054000,31092000,4861000,25536000,1519000,473000,24412000,-84877000,896000,2430000,-1534000,-14548000,-14691000,4793000,8221000,,607000,437300000,7594000,,444894000,0.3975514679010842,13.548970641978316,18.22439783712928,-0.4474052868802534,0.027287123888415154,6.396214770623328,0,,32836000,0,-0.7473809233767816,0.27746985016445364
1532158,2015,0,366750,271332,149768,247745,70437,,,274277,49069,619275,,,11467,10739,,,728,19797,,,,,0.7398282208588957,0,0,0.029281526925698704,1.6885480572597138,0.6045248138206624,-0.6332764040989048,,1000072,0,-0.7591263429033109,0
1538217,2015,0,28214969,22462562,5947897,10344137,1715264,,3874620,3094738,-7417862,5120343,2791948,2328395,-3738216,-4411563,,,,,,,,,0.7961221577099731,0,0,-0.15635540836497108,0.18147611645435444,0.5750017618676164,6.220634582258383,0,3907547,5120343,0,0
1543605,2015,0,1332397,791540,1332397,791540,286383,,,240509,225392,,,,426774,294367,,,,,,,,,0.5940721871934566,0,0,0.22093039837225692,,1.6832971170124063,3.6525003229940323,,286383,,-0.1729013244501245,0
1555972,2015,0,6881536,5518589,3953772,2627416,543945,2889107,979421,1212101,-117305,6827420,4847714,1979706,306269,17835,,,152173,155697,,,,,0.8019414560935233,0,0,0.0025917178955396003,0.9921360579963543,1.5048138551337131,0,135.5484,6881536,50000,0,0
1567520,2015,0,0,,0,45177,0,,,-10565,-108450,0,,,-38961,-38961,,,0,,,,,,,,0,,,0,,,0,0,,
1567900,2015,0,200530,,200530,132561,,,,67969,-197031,0,,0,-423480,-423480,,,,,,,,,,0,0,-2.1118037201416247,0,1.5127375321550078,20.108421052631577,,9500,0,-2.4433684210526314,0
1568319,2015,0,12330000,5587000,,,24515000,,3494000,4078000,-593316000,0,,,-6001000,-29280000,2600000,,0,201000,,0,,,0.45312246553122465,0,0,-2.374695863746959,0,,-0.7092255447599283,-1,42404000,8791000,-0.24323177058768042,0
1569187,2015,0,588022000,426116000,,,9400000,,20548000,-2691000,,140036000,,,19659000,7336000,,,12303000,14898000,,356345000,,356345000,0.7246599617021132,0.6060062378618487,-132.42103307320698,0.012475723697412682,0.23814755230246487,,0.35089895745746436,0.29086853118489703,435282000,108482000,-0.004824458626821233,0.6380806006221255
1574676,2015,0,598659,221377,346554,206859,,138380,0,87305,,,213660,66403,-452957,-474023,58848,,21329,7717,,14518,,14518,0.3697881431666441,0.02425086735520555,0.16629059045873662,-0.7918080242675714,,1.6753150696851478,5.473038871168297,NaN,92485,280063,-5.12540411958696,0.15697680704979186
1576197,2015,0,8997100,5192100,3724400,4743000,,,3017800,4685000,-12499800,17297900,,,-687400,-284600,277000,3292500,77800,406600,,68000,,68000,0.5770859499171955,0.007557990908181525,0.014514407684098186,-0.03163241488924209,1.9226083960387237,0.7852414083913135,0,0,8997100,17297900,-0.03163241488924209,0.007557990908181525
1578932,2015,0,664317000,476253000,117530000,97499000,41708000,6152000,35807000,,,427964000,,,188007000,154351000,,26774000,16684000,,,377577000,,377577000,0.7169062360288838,0.5683687155379133,,0.2323454013671184,0.6442165411994575,1.2054482610078052,0.09917105132532512,1020.3937947494034,604380000,419000,0.2553873390913002,0.2068235216254674
1581405,2015,0,526636000,58135000,,,0,,,0,-22720000,8445000,,,,-5833000,,,1206000,3516000,,29928000,,29928000,0.1103893391260757,0.05682862546426754,,-0.011075961385093308,0.016035743853439567,,223.29131175468484,,2348000,0,-0.061754684838160136,12.061328790459966
1583077,2015,0,333374000,131579000,,,131861000,,1343000,201795000,-19686000,,37362000,2435000,,-94826000,,,2265000,,5000000,1651524000,,1656524000,0.3946888479605488,4.968965786174087,8.208944721127878,-0.28444329791765405,,,1.465018263557179,,135242000,,-0.039055914582747965,0.27535085254580677
1583513,2015,0,204323000,111978000,49616000,26064000,8385000,,,92345000,-8204000,,,5598000,-809000,-254000,,6407000,898000,1160000,,72447000,,72447000,0.5480440283276968,0.35457094893869023,0.784525420975689,-0.0012431297504441497,,1.903621853898097,1.7698328207030793,,73767268,0,-0.028774821916951025,0
1583744,2015,0,331588000,118522000,12756000,4712000,1429000,,,,,47841000,,,8358000,12831000,,7116000,8639000,,,,,,0.3574375429750172,0,,0.03869561021508619,0.1442784419219031,2.7071307300509337,0,-0.12867446180745273,331588000,54906000,0.28970288430220636,0
1585149,2015,0,,,23969,6906,,,,7788,-21137,0,,,-20925,-20925,,,,,,,,,,,0,,,3.470750072400811,NaN,,8094,,-2.58524833209785,0
1586372,2015,0,511285,670779,461285,670779,,,,-159494,-185826,0,,,,-379335,,,252,,,,,,1.3119473483477904,0,0,-0.7419247582072621,0,0.6876855119197232,1044.5725971370143,-1,489,116620,-45.75255623721881,0
1589361,2015,0,20881,277010,20881,,881,,,0,-257805,,,,,-2095329,455950,,5419,,,,,,13.266127101192472,0,,-100.34619989464106,,,-0.21714842724852848,,26673,0,-3.7026956097926744,0
1590743,2015,0,935113,901954,43976,438259,10586,0,,1456321,-1552734,,,,,-1494546,,682064,,,,,,,0.964540114403286,0,0,-1.598251762086507,,0.1003424915403905,-0.35947698539852496,,1459921,,-1.023717036743769,0
1590895,2015,0,1171559000,1019937000,117493000,91844000,25303000,7234000,7112000,61003000,-14425000,247186000,,,22582000,18897000,,,15665000,17031000,,366043000,,366043000,0.8705809950672565,0.3124409440753731,6.000409815910693,0.016129789451491558,0.21098894720624398,1.2792670179870216,3.336184497857,-0.16567320349681033,270182000,296270000,-0.003667897935465723,0.6310561029232147
1592782,2015,0,12904,14561,12904,14561,22660,,,19153,-73157,102951,1111,73590,-50260,-50260,,,,,,,,,1.1284097954122754,0,0,-3.894916305021699,7.978223806571606,0.8862028706819587,-0.43053839364518975,0,22660,102951,-2.2180052956751988,0
1599222,2015,0,4559826000,2856862000,500793000,234108000,49391000,,82263000,582410000,-786871000,614067000,,,222056000,101502000,,,,184717000,,2344692000,,2344692000,0.6265287315787927,0.5142064631413568,4.025844336464003,0.02226005992333918,0.1346689544732628,2.139153723922292,0.6117237583863202,0.5472827237267807,2829161000,396868000,0.0095424049744783,0.5878834749948837
1600470,2015,0,1879684000,726973000,154279000,227538000,27057000,,46378000,126704000,-239345000,12935000,,,-22691000,-43541000,,,,6163000,,408754000,,408754000,0.38675277333849734,0.21745889202653212,3.226054426063897,-0.02316399990636724,0.006881475822531872,0.6780361961518515,-0.0027915919076726865,0,1884946000,12935000,-0.023099335471679295,0.21964342745097207
1601347,2015,0,188035000,156433000,,,8991000,,,12504000,12599000,,,,,-119000,,,1066000,335000,,1682000,,1682000,0.8319355439146967,0.008945143191427129,0.13451695457453614,-0.0006328609035551892,,,0.09605609830026347,,171556000,,0.002145072163025484,0.010020051761523934
1604738,2015,0,49230000,33912000,45042000,14132000,0,,,14981000,-213042000,960000,,,-47712000,-47719000,,,,,,10000000,,10000000,0.6888482632541133,0.20312817387771684,0.6675121820973233,-0.9693073329270769,0.019500304692260818,3.187234644777809,,,,,,
1606909,2015,0,331659000,,84873420,144685296,18927927,15601659,27362216,97816194,-36142727,398276205,,,-2494045,-12128449,,,5644057,11668128,,151140681,,151140681,,0.45571107975360237,1.5451498859176631,-0.036569033254035016,1.2008605374797607,0.5866070868735687,0.0038917464361092335,0.014791496477859259,330373271,392470972,0.04677245514816482,0.3214223556239209
1607678,2015,0,3043134,25171665,773684,22517082,179619,,,-22128531,-22141457,0,,,-23467983,-21884183,22223073,,12104,,,,,,8.271625567589203,0,0,-7.191330713665583,0,0.034359869542598814,,,,,,
1609711,2015,0,3260700000,,459400000,972200000,59500000,,3500000,410400000,0,,,,-131900000,-199900000,,,71000000,140600000,,1410400000,,1410400000,,0.43254515901493545,3.4366471734892787,-0.061305854571104365,,0.4725365151203456,,,,,,
1627014,2015,0,3598300000,2310600000,230700000,202800000,9500000,,132500000,917000000,-146700000,852100000,,,29100000,0,,,,188800000,,2070700000,,2070700000,0.6421365644887864,0.5754661923686185,2.2581243184296618,0,0.236806269627324,1.1375739644970415,,,,,,
1629261,2015,0,1429808,2610306,1143481,955778,604841,561107,174637,-452685,-4365335,,,240294,-3041083,-3151381,13333,,110298,74986,,,,,1.8256339312690935,0,0,-2.204058866645032,,1.1963876548738306,,,,,,
1632121,2015,0,66658,,66158,73105,,,,0,-8447,39000,,,-363446,-365900,,,,,,,,,,0,,-5.4892135977677095,0.5850760598877854,0.9049723001162712,,,,,,
1633917,2015,0,21917000000,13669000000,17565000000,13283000000,1414000000,,65000000,6181000000,0,6727000000,,,1091000000,955000000,727000000,,,453000000,,,,,0.6236711228726559,0,0,0.04357348177214035,0.3069306930693069,1.3223669351803056,,,,,,
1637207,2015,0,601982000,,75318000,60885000,9455000,3012000,19275000,,-14032000,211009000,81353000,,36038000,25438000,,23118000,,28808000,,375881000,,375881000,,0.624405713127635,,0.042257077454143144,0.35052376981371536,1.2370534614437054,,,,,,
1639836,2015,0,205,3000,205,3000,438,,,-2795,-9552,773,,,,-6488,,,0,,,,,,14.634146341463415,0,0,-31.648780487804878,3.770731707317073,0.06833333333333333,,,,,,
1640266,2015,0,11497000,10348000,8358000,2474000,135000,,,-3833000,-20831000,17334000,,,-14367000,-16317000,8898000,,,,,,,,0.9000608854483778,0,0,-1.4192398016873966,1.507697660259198,3.378334680679062,,,,,,
1641991,2015,0,4028100000,,1244100000,769900000,363000000,330000000,591900000,1925400000,0,2804800000,1906800000,,231200000,131000000,17700000,618900000,,69900000,6000000,0,,6000000,,0.0014895360095330305,0.0031162355874104083,0.03252153620813783,0.6963084332563739,1.615924145992986,,,,,,
1643301,2015,0,4491,3500,4491,3500,0,0,,991,-3991,0,,0,-3991,-3991,,,,,,,,,0.779336450679136,0,0,-0.888666221331552,0,1.2831428571428571,,,,,,
278041,2015,1,615287000,,85494000,76098000,20010000,600000,31322000,336540000,159134000,294834000,,22713000,-36497000,-54699000,,,9737000,26233000,156800000,216651000,,373451000,,0.6069541531025359,1.1096778986153206,-0.08889997675881336,0.4791812601273877,1.123472364582512,-0.06305086707314844,0.21083713900844367,656692000,243496000,0.03344337984930531,0.27260268131787807
313616,2015,0,34672200000,,9431300000,5396400000,1678700000,1782800000,3445800000,23378100000,20323000000,18283100000,8941100000,9342000000,3120500000,2695000000,1104400000,5117100000,141200000,850600000,71900000,3401500000,,3473400000,,0.10017824078079846,0.14857494834909596,0.0777279780342753,0.5273129481255876,1.7477021718182493,0.052554567256610306,65.484,32941000000,275000000,0.07262074618256883,0.10811147202574299
317788,2015,0,122571000,31042000,20274000,23952000,1149000,,12174000,737000,-184955000,24404000,16558000,7846000,-15524000,-18704000,7869000,,,1856000,,3000000,,3000000,0.2532572957714304,0.02447561005458061,4.07055630936228,-0.15259727015362526,0.19910092925732842,0.8464428857715431,1.71806186938685,0,45095000,24404000,-0.4147688213770928,0.06652622241933695
352991,2015,0,708429,500460,102469,230301,5775,,,239036,-20769002,44830,873,43957,,-64924,,,25045,,,,,,0.7064363542429799,0,0,-0.0916450342941918,0.06328086512551011,0.4449351066647561,0.21206921035657397,-0.2790981893030586,584479,62186,0.05792509226165525,0.2173371498377187
355429,2015,0,70480306000,65515422000,,,,,,4614433000,3082000000,3958999000,,,515225000,393464000,,,,,,,1300000000,1300000000,0.9295564352402216,0.018444868840382163,0.28172475361544963,0.005582609133393944,0.05617170561092626,,0.025058305391962167,0.09273873683896743,68757363000,3623006000,0.0043988307114105,0.02305207661905242
357173,2015,0,2061787000,1867624000,,,,,,72552000,100697000,,,,,82085000,,,13786000,2794000,,,169914000,169914000,0.9058278085951652,0.08241103469951067,2.3419616275223287,0.039812550957009626,,,0.02881837334097126,,2004034000,,-0.00003592753416359204,0.06558671160269736
4187,2015,0,37790000,,18862000,21285000,1589000,6729000,8947000,18046000,-7652000,110091000,111535000,,-7882000,-7273000,,6438000,,2683000,,15911000,,15911000,,0.4210373114580577,0.8816912335143522,-0.19245832230748874,2.9132310134956336,0.8861639652337326,-0.14176053779069767,-0.19496464428568294,44032000,136753000,-0.3137718023255814,0.4063408430232558
45012,2015,0,32165000000,15867000000,14647000000,5866000000,2484000000,3571000000,,16267000000,21809000000,15212000000,,,3138000000,2125000000,588000000,,,1900000000,,7765000000,,7765000000,0.4933001709933157,0.24141147209699984,0.47734677568082623,0.06606559925384735,0.4729364215762475,2.496931469485169,0.10067412654416043,2.372949002217295,29223000000,4510000000,0.09016870273414776,0.26746056188618555
57725,2015,0,342773000,48008000,265547000,46999000,22562000,44844000,61325000,294470000,83654000,151054000,93634000,57420000,18757000,13382000,16253000,22410000,251000,6198000,,1009000,,1009000,0.14005770582863877,0.002943639084758718,0.0034264950589194144,0.03904041450172563,0.4406823174520747,5.650056384178387,1.043331823167533,10.129826112584734,167752000,13572000,0.07977252134102723,0.006014831417807239
59527,2015,0,2151867000,,1096202000,492395000,286464000,341057000,337664000,1282549000,2086174000,2852671000,,942654000,406985000,291687000,42126000,527206000,2864000,68883000,68166000,,,68166000,,0.03167760832802399,0.0531488465547905,0.1355506636794932,1.3256725438886325,2.2262654982280488,0.029668930451421934,-0.00024392235558902867,2089863000,2853367000,0.12307792424670899,0.007319140058463162
60667,2015,0,31721000000,21753000000,9851000000,9348000000,541000000,8911000000,,13857000000,9591000000,53417000000,34941000000,18476000000,,2286000000,,12865000000,,1562000000,0,,,,0.6857602219349958,0,0,0.07206582390214684,1.6839633050660445,1.0538083012409072,-0.03088720518147379,0.05732269749213199,32732000000,50521000000,0.05984968837834535,0.011792741048515215
67215,2015,0,1212354000,727420000,605736000,196532000,52581000,49095000,272741000,392931000,341943000,,,,,35188000,,,,85481000,10938000,,,10938000,0.6000062687960778,0.00902211730237208,0.027836948471869107,0.029024525839812465,,3.082124030692203,0.05037740164684355,NaN,1154208000,335400000,0.03411690093986526,0.009476628129418614
704172,2015,0,444100,,300815,9585282,0,,0,-9322477,-36954987,26656,,,-304042,-884047,,,323782,,1346721,,,1346721,,3.032472416122495,-0.14445956798820742,-1.9906485025895069,0.06002251745102454,0.031383009910402215,-0.03423979819286933,0,459845,26656,-0.5566962780937055,3.1020365557959746
704532,2015,0,223236000,43699000,157846000,38202000,62915000,35105000,26121000,215771000,-69114000,144307000,81631000,62676000,-21709000,-14146000,32714000,,651000,8787000,,0,,,0.1957524771990181,0,0,-0.06336791556917343,0.6464324750488273,4.131877912151197,-0.15065782965674152,-0.21092404350369912,262834000,182881000,0.016987908718050178,0
713425,2015,0,113070000,38660000,93347000,34527000,39111000,,15422000,83030000,7368000,14000000,45560000,54907000,13784000,10411000,8882000,,,1076000,,,,,0.34191208985584154,0,0,0.09207570531529141,0.12381710444857168,2.703594288527819,-0.02988340068466706,0,116553000,14000000,0.09732053229003114,0
716605,2015,0,1245011000,1109044000,,,15142000,,,93726000,53107000,,,,,138000,,,5264000,,40818000,71176000,,111994000,0.8907905231359402,0.08995422530403346,1.194908563258861,0.0001108423941635857,,,0.027241036472922742,,1211995000,,-0.00027475360871950794,0.07214386197962863
71691,2015,0,2566474000,,1148095000,600508000,820490000,,212690000,726328000,1291907000,1577230000,,,156087000,65105000,,706354000,,85477000,,420000000,424472000,424472000,,0.1653911163721121,0.5844081461818903,0.02536748862447077,0.6145513260605796,1.9118729475710565,-0.002362634457923494,-0.011352431862529704,2572552000,1595341000,0.052806318395118935,0.25009562488921505
72162,2015,0,496191000,,103466000,24627000,-77987000,16863000,,237022000,112588000,92045000,,27574000,-68258000,-55333000,0,18246000,127000,3335000,,,,,,0,0,-0.11151552527151842,0.1855031630964689,4.201323750355301,-0.27650493930667447,0.1063632866964758,685825000,83196000,0.10868078591477418,0
72333,2015,0,8574000000,,5224000000,2800000000,1285000000,1733000000,,1913000000,166000000,12540000000,,4704000000,,734000000,,3453000000,161000000,454000000,,,,,,0,0,0.08560765103802193,1.4625612316305108,1.8657142857142857,0.05995796761033502,0.03345970001648261,8089000000,12134000000,0.09086413648164174,0
726514,2015,0,221240000,43919000,165322000,40729000,88913000,56637000,42295000,264142000,-11741000,181167000,121296000,59871000,-28836000,-38334000,37839000,51598000,,7100000,,,,,0.19851292713794974,0,0,-0.1732688483095281,0.8188709094196348,4.0590733875125835,-0.18122638402125762,-0.16368378534333525,270209000,216625000,-0.2024951056404487,0
727538,2015,0,13500837,,5587384,619398,3118789,,309414,,,3556086,,,,965930,,,,727861,,,,,,0,,0.07154593452242998,0.26339744713605534,9.02066845550034,0.05486299194978476,0,12798664,3556086,0.07547115855217389,0
746598,2015,0,1438683000,520589000,463842000,291945000,305900000,113275000,177648000,733076000,452057000,615861000,,609348000,-82556000,-154535000,33552000,427858000,16641000,48725000,42514000,49114000,263232000,263232000,0.3618510818575044,0.1829673388786828,0.35907873126387985,-0.10741421146979564,0.428072758210113,1.5887992601346144,-0.10514026393915853,0.17892276504470772,1607719000,522393000,-0.09612065292504474,0.1515588234013531
754813,2015,0,1660258,5289739,1006431,5243596,67744,,100886,-4365107,-30212865,6129660,2492382,3637278,-1733449,-1783279,,5370727,331741,172167,,,,,3.1860945708438084,0,0,-1.0740975197830698,3.691992449366303,0.19193526732417981,0.16935059007812303,0,1419812,6129660,-1.2559965685597811,0
76267,2015,0,314777000,133910000,272185000,16678000,39968000,10214000,22583000,180867000,25922000,145855000,,42752000,21006000,18029000,,21211000,1365000,3369000,,75000000,,75000000,0.4254122759922104,0.23826391381835393,0.414669342666158,0.05727546802974805,0.46335977533301353,16.32000239836911,-0.10238620744720288,-0.10013819824044026,350682000,162086000,0.057154344962102414,0.23953325234828135
764811,2015,0,2215514000,1948598000,,,239610000,,,98445000,-213212000,,,,,-1483000,,,10559000,3700000,9076000,130274000,,139350000,0.8795241194594121,0.06289736828564388,1.4155111991467317,-0.0006693706291181189,,,0.11610996699297543,,1985032000,,-0.020153327503032697,0.07161849280011606
765880,2015,0,21331436000,10334337000,,,247673000,,36339000,10735297000,,2099878000,,,,970837000,,,435252000,423312000,,10974558000,,10974558000,0.4844651339928545,0.5144781626515909,1.0222873200434044,0.045512032101355016,0.09844053630519764,,0.06254105052483404,0.11697420703521864,20075870000,1879970000,0.04146968475089747,0.48131169408847535
767405,2015,0,684228000,608545000,,,13137000,,,56269000,34379000,,,,5039000,5263000,,,3480000,901000,,,,,0.8893892094448049,0,0,0.007691880484283016,,,0.08306081164503905,,631754000,,0.008238966433136949,0.023262219154924227
77159,2015,1,2201810000,,334974000,312227000,17650000,5802000,189627000,675817000,-535176000,431468000,,,-92046000,-143070000,,,78841000,245594000,,1085429000,,1085429000,,0.4929712373002212,1.6060989883355998,-0.06497835871396715,0.1959605960550638,1.0728540452939688,-0.12176561882375841,0.3604583334647122,2507087000,317149000,-0.04171733968545966,0.5109515545332093
783412,2015,0,203063000,,200737000,73272000,985000,51000,8566000,87225000,58301000,37676000,,,3789000,3779000,,,,2441000,,47000,,47000,,0.0002314552626524773,0.0005388363427916308,0.018609988033270464,0.18553847820627095,2.739614040834152,-0.16735485511138812,-0.1323492158533496,243877000,43423000,0.002587369862676677,0
785786,2015,0,1609026000,827893000,1230839000,547315000,297619000,525970000,324072000,649022000,766385000,-103592000,2014846000,213185000,96623000,82259000,,116562000,12638000,,,250000000,,250000000,0.5145305296496141,0.15537349924737076,0.3851949548705591,0.05112347469835789,-0.06438180613613453,2.248867653910454,0.11144835475145129,-0.044107333997711586,1447684000,-108372000,0.056821101842667324,0.1726896201104661
798359,2015,0,1869221000,1142472000,,,39989000,,10206000,592184000,-389758000,80883000,,,81083000,25530000,,,61154000,59306000,,997689000,,997689000,0.6112022066946605,0.5337458759558126,1.6847618307823244,0.013658096073177008,0.04327096688941543,,-0.010760740365186705,2.078559738134206,1889554000,26273000,0.004345999108784401,0.5552664808732642
80035,2015,0,353967000,,200663000,55327000,28120000,80037000,67942000,241069000,289849000,-29464000,,130901000,31148000,20587000,2300000,,450000,12088000,1925000,31749000,33674000,33674000,,0.0951331621309331,0.1396861479493423,0.05816078900010453,-0.08323939802297954,3.6268548809803534,0,-1.9290534148956298,353967000,31714000,0.05816078900010453,0.0951331621309331
804212,2015,0,5793314000,,1415684000,1129047000,86386000,474070000,708227000,1536983000,2231026000,5072537000,,,630534000,350784000,,,75361000,,325871000,1748662000,2324643000,2324643000,,0.4012630767122238,1.5124715107454019,0.06054979930312771,0.8755846826186187,1.2538751708299123,0.031164469205131513,0.02320525862143739,5618225000,4957497000,0.06067289935878325,0.4440836741141553
808047,2015,0,164775216,137342054,126174109,137342054,,62605754,949211,53485354,-89116190,274636920,228215577,46421343,-21182526,-26961829,,,4436526,,60201757,,,60201757,0.8335116004338905,0.36535686896019604,1.125574619923054,-0.16362793904636727,1.666736822848407,0.91868517562727,-0.022064272397869563,0,168492889,274636920,0,0.24267944625247656
811240,2015,0,59403000,17347000,54798000,16151000,2543000,12508000,9004000,11794000,-142676000,56430000,34900000,21530000,-10996000,-11482000,4029000,,,601000,,,,,0.29202228843661093,0,0,-0.19328990118344191,0.9499520226251199,3.3928549315831837,0,0.18411112976330368,59403000,47656000,-0.31860343753682474,0
824416,2015,0,115852,470183,115852,470183,18579,,22500,-356246,-14097496,940647,,,-140936,-161525,,712540,20387,0,,1250000,,1250000,4.058479784552705,10.789628146255568,-3.5088113270043735,-1.3942357490591444,8.119385077512689,0.2463976792015024,4.738656627699624,11.61681979746496,20188,74555,-43.15241727759065,0
827099,2015,0,178,1383757,178,1383757,11458,,,-1375974,-4427307,8347,3099,5248,-48239,-24349,341,,51110,,,299612,,299612,7773.9157303370785,1683.2134831460673,-0.2177453934449343,-136.7921348314607,46.89325842696629,0.00012863530229657375,-0.9889571313356909,-0.9317603969947432,16119,122319,-10.740864817916744,1.5999751845647994
837919,2015,0,6897820,87613,,,,,,6331720,,,,,,1000951,,,,,,,,,0.01270154918510486,0,0,0.14511120904865596,,,0.0031460749976694935,,6876187,,0.14556773979532553,0
845877,2015,0,13361780000,13505992000,,,785564000,,,545801000,201013000,,,,,75328000,,,137276000,,7353953000,5471186000,,12825139000,1.0107928734045912,0.9598376114559587,23.497829795108473,0.005637572239626756,,,0.05859350520562935,,12622201000,,0.003705613624755302,0.9776385275436511
849146,2015,0,53999000,50009000,39973000,22702000,24648000,8826000,1317000,28283000,-111240000,208178000,31845000,171535000,12068000,7608000,2900000,57730000,3000,1659000,,25073000,21625000,21625000,0.9261097427730143,0.4004703790810941,0.7645935721104551,0.14089149799070352,3.855219541102613,1.7607699762135494,-0.0267644726407613,0.649810196302196,55484000,126183000,0.2247314541128974,0.5555655684521664
855787,2015,0,30245,,2866,12111,2229,,,26187,-56543,0,,,,-15100,,,571,,,,,,,0,0,-0.49925607538436106,0,0.2366443728841549,0.13345075700794484,,26684,0,-0.8827012441912757,0
861838,2015,0,51426000,8024000,42430000,7046000,10096000,,,706000,-451526000,47000,,,-18169000,-18226000,10475000,,,137000,,,,,0.1560300237234084,0,0,-0.35441216505269707,0.0009139345856181698,6.021856372409878,0.3949060135080153,-0.0784313725490196,36867000,51000,-0.4943716602924024,0
874396,2015,0,421402000,,258117000,91715000,7131000,137924000,107211000,188233000,47733000,587670000,373129000,187262000,28186000,1544000,,134903000,5746000,10415000,,,,,,0,0,0.003663959829331612,1.3945591145746816,2.814337894564684,0,0.0028327161652531526,421402000,586010000,0.02202410050260796,0
876378,2015,0,135111000,13322000,35640000,4147000,8896000,4632000,133000,-68613000,-135916000,1431000,,,-25604000,-28358000,12700000,,954000,983000,,20000000,,20000000,0.09860041003323193,0.14802643752174138,-0.29148995088394325,-0.2098866857620771,0.010591291604680596,8.594164456233422,0.15762462086810494,0,116714000,1431000,-0.3226005449217746,0.08567952430728104
878526,2015,0,434821000,82106000,217805000,69140000,23057000,40051000,82277000,270379000,68890000,344112000,138788000,202412000,34660000,23147000,30786000,,1675000,12848000,,,,,0.18882712656472433,0,0,0.05323339949082496,0.791387720464283,3.1502024877061037,0.012490191101786674,0,429457000,344112000,0.008901938960128721,0.08852341445127218
882796,2015,0,136874000,,89343000,57293000,20891000,683000,5641000,-454000,-467898000,17331000,,,-30717000,-30108000,41943000,6007000,4778000,304000,,,,,,0,0,-0.21996873036515335,0.12662010316057104,1.55940516293439,0,0.2735890652557319,136874000,13608000,-0.3301503572628841,0
883945,2015,0,303944000,204876000,87591000,66112000,1742000,1863000,71186000,92398000,48516000,555005000,,,-10101000,-9993000,,,,44947000,,71000000,,71000000,0.6740583791751112,0.23359566235885557,0.7684149007554276,-0.032877766957071036,1.826010712499671,1.324888068731849,-0.05562874400338048,8.685951134380455,321848000,57300000,0.01874487335636698,0.22338495190276156
885639,2015,0,14333000000,,5580000000,2859000000,537000000,3814000000,,6048000000,12008000000,19031000000,,6944000000,1742000000,889000000,,4313000000,,889000000,,2780000000,,2780000000,,0.1939579990232331,0.45965608465608465,0.062024698248796487,1.3277750645363846,1.9517313746065057,-0.001671658424461935,-0.0128637377457337,14357000000,19279000000,0.0686773002716445,0.1944695967124051
886835,2015,0,7366943000,,1696673000,712047000,91199000,165562000,926768000,4231079000,1495540000,4350057000,2633590000,,214170000,-111418000,,,,,,1600373000,,1600373000,,0.21723705477292277,0.3782422876055966,-0.015124048061726554,0.5904833253087475,2.3828104043693745,-0.0558694565062209,0.18181833000662626,7802886000,3680817000,0.04689739155486829,0.21101615479195773
887730,2015,0,746693000,,360565000,132087000,95978000,171843000,90857000,276916000,-245881000,,,,-18211000,,24466000,95856000,40962000,49527000,,429000,391371000,391371000,,0.5241391040226706,1.413320284851724,,,2.729753874340397,-0.11494345517840569,,843667000,,,0.47244825268737545
889331,2015,0,1070826000,,554024000,204466000,235404000,97391000,135356000,727522000,523302000,757853000,461621000,296232000,129881000,88784000,24415000,132657000,2917000,34480000,,106658000,,106658000,,0.09960348366588036,0.14660450130717698,0.08291169620461214,0.7077274926085096,2.7096143124040184,0,0.8481289551656445,1070826000,410065000,0.08291169620461214,0.1822499640464464
890066,2015,0,377193574,345610413,,,18628582,,,33587665,20300531,,,,,2614177,,,2661805,,,20000000,,20000000,0.9162680300592819,0.053023172658821595,0.5954566951885462,0.006930597921586013,,,-0.026442134966280267,,387438269,,0.006878721626747718,0.05227864829222639
890491,2015,0,3537449000,,1980438000,1721645000,54131000,1234635000,54375000,852271000,344021000,6839005000,,1682506000,-220004000,-157806000,,1675376000,,227134000,,,,,,0,0,-0.04461011310693101,1.9333155050433235,1.1503172837605895,-0.052266609082939855,7.7630904895103106,3732536000,780433000,-0.01737156721328341,0.02062940585167832
894671,2015,0,747368000,692452000,,,45651000,,,75820000,60873000,,,,,8112000,,,3573000,,,,,,0.9265208036736922,0,0,0.010854090622022885,,,-0.028411786959048287,,769223000,,0.009140392317962412,0
906345,2015,0,6043981000,3087438000,,,26669000,,,2815602000,,,,,,336364000,,,99784000,221543000,,2724700000,,2724700000,0.5108285416516035,0.45081213855569696,0.9677148972049316,0.0556527229321204,,,0.07312316932406344,,5632141000,,0.05031656700356046,0.4871149355103148
907254,2015,0,1198675000,927730000,,,12133000,,,292536000,-173774000,197897000,,149955000,35269000,30872000,,,,49130000,,250543000,,250543000,0.7739629173879492,0.20901662252069994,0.8564518554981267,0.0257551045946566,0.16509646067532902,,-0.007151441760145911,0.041059066136397114,1207309000,190092000,0.027643295958201256,0.2115696975670686
911148,2015,0,42267403,84583,,,22134451,,,22416796,-38073394,0,,,-797751,-809965,,,,,,,,,0.0020011402167291895,0,0,-0.019162875940118677,0,,0.8804395400430103,,22477406,0,-0.021697610480497617,0
912728,2015,0,506269000,,147459000,43431000,112182000,1056000,95326000,351671000,333153000,652481000,,,84355000,54467000,,,532000,23579000,,0,,,,0,0,0.1075850980407649,1.2888029881347662,3.395247634178352,0.26825021856924197,0.11640938598262286,399187000,584446000,0.1319381643189783,0
915913,2015,0,3584797000,,3348850000,1139886000,477696000,358361000,385212000,1359465000,1410651000,2394270000,,850471000,576675000,413171000,82246000,158189000,,107370000,,,,,,0,0,0.11525645664175684,0.6678955600554229,2.9378815074489903,0.04291344550112283,-0.04957378548512715,3437291000,2519154000,0.09063416510269279,0.3138704287766151
933036,2015,0,3018175000,1881802000,,,61087000,,65492000,1389395000,1927445000,3094018000,940525000,2153493000,247009000,128757000,,,39628000,,,425633000,,425633000,0.623490022944329,0.14102330050444392,0.30634412819968404,0.0426605481789492,1.0251287615860578,,0.055643676211095505,0.005965202389982544,2859085000,3075671000,0.062963500560494,0
933141,2015,0,13365550000,13905756000,,,970977000,,,1529210000,496573000,,,,,65128000,,,46953000,,680344000,403254000,,1083598000,1.0404177905136713,0.08107395505609571,0.7085998652899209,0.004872826034095118,,,0.017964797004161107,,13129678000,,0.004958461281381006,0.0857934977537149
1006655,2016,0,69882727,21306150,23693048,9329257,24928585,,3122155,54836161,11696126,17673508,,,5528147,3597313,,,69092,210392,,,,,0.30488435289595955,0,0,0.05147642564091696,0.2529023802977809,2.5396500493018896,0.07485839739268109,-0.17219792861050534,65015752,21349920,0.10195110870977851,0
1021635,2016,0,9509900000,6254600000,570200000,752800000,6800000,113800000,173100000,3326000000,2259800000,2453100000,1106600000,,536800000,395800000,,,148400000,281400000,0,2738800000,,2738800000,0.6576935614464926,0.2879946161368679,0.8234515935057126,0.041619785697010483,0.25795223924541794,0.7574388947927736,0.04107414583949117,-0.14457579244690869,9134700000,2867700000,0.0424316069493251,0.31235836973299613
1023313,2016,0,318991000,191689000,197727000,182453000,74132000,,67355000,204662000,117135000,,120009000,192053000,18213000,10865000,,169852000,,,,,,,0.6009229100507538,0,0,0.03406052208369515,,1.0837147100897218,-0.04122546264430866,,332707000,,0.03914555449689967,0
1029730,2016,0,510114000,198074000,,,50329000,,,376002000,-135156000,921253000,,,9994000,33433000,,,6990000,4341000,,5711000,,5711000,0.38829359711750705,0.01119553668395692,0.015188748996015978,0.06554025178685549,1.8059747429006066,,0.41376309517210796,0.16156148659212524,360820000,793116000,-0.0012582451083642814,0.015827836594423814
1029744,2016,0,34803000,27000000,17947000,18565000,4344000,2385000,12659000,11315000,-186897000,36459000,10635000,25824000,-4092000,-4525000,6265000,,,,,2438000,,2438000,0.7757951900698216,0.07005143234778612,0.21546619531595226,-0.13001752722466453,1.047582104990949,0.9667115539994614,0.005198856251624643,0.01755512140664248,34623000,35830000,-0.08133321780319441,0.03289720705889149
1030916,2016,0,6864141,,2506842,2840956,,20546,458140,4487564,-29392022,4792471,418913,4373558,-4576545,-5596004,,,1934976,42797,,,,,,0,0,-0.815251901148301,0.6981894748374196,0.8823938139133447,-0.004100890168106754,0.4695147061213439,6892406,3261261,-1.1867778827886808,0
1031235,2016,0,26965000,203674,,,29763,,157607,718463,5873675,4976364,,,2638000,1950000,,,456719,952507,,,,,0.007553272760986464,0,0,0.07231596513999629,0.18454900797329873,,,,,,,
1032975,2016,0,1324147000,564199000,926247000,414930000,519195000,228786000,142778000,804128000,963576000,2004908000,1299451000,705457000,154184000,,107543000,,,,,,,,0.4260848682208244,0,0,,1.5141128590707829,2.232297013954161,-0.07186825356772367,-0.001553763194537128,1426680000,2008028000,0.052081756245268736,0
1034054,2016,0,7312980000,,293960000,273371000,39443000,,78344000,356966000,-3168069000,1526996000,428485000,1098511000,336523000,-24295000,,103317000,,,,8452070000,,8452070000,,1.1557627670252073,23.677521108452908,-0.003322175091412803,0.20880625955492835,1.0753152309498812,-0.06735576846434663,0.17023203915191293,7841125000,1304866000,-0.007130226848825902,1.002509078735513
1035201,2016,0,2241253000,,127578000,147898000,27506000,,30305000,598756000,308541000,,,,81847000,,,,,63322000,33615000,514045000,0,,,0,0,,,0.862608013631016,0.02464259279832089,,2187351000,,,0
1038277,2016,0,11379265,9623124,3301482,7510819,314520,1476240,774275,1705972,-121942132,,,2844591,-1502984,-1879112,511283,,474059,226856,,3973031,,3973031,0.8456718426014334,0.34914653978090854,2.3288957849249576,-0.16513474288541483,,0.43956351497752777,0.03918928137611429,,10950137,,-0.002251387357071423,0.33020326595000593
1038773,2016,0,1023962879,923786020,,,46736414,,,55887787,12094488,,,,,1509712,,,2757142,1085685,,,,,0.9021674896087712,0,0,0.0014743815727718387,,,0.9182474429134343,,533801248,,0.003433216027250652,0
1039757,2016,0,11835,430295,,,1756,,,-367481,-12710151,,,,,-57664,,47842,14026,,,,,,36.35783692437685,0,0,-4.872327841149134,,,0.922514619883041,,6156,,-29.21783625730994,0
1045450,2016,0,4217270000,2143402000,,,7958000,,59101000,1688014000,,385051000,,,,179633000,,,81270000,66739000,,1981920000,,1981920000,0.5082439587695358,0.4699533110282244,1.1741134848407655,0.0425946168967128,0.09130337872604789,,0.14404649680232756,0.122388242427069,3686275000,343064000,0.04889108924320622,0.44211297312327485
1046203,2016,0,687979819,618005439,,,9088441,,,11983790,5075000,,,,,5594011,,,4177012,,,,,,0.8982900688835467,0,0,0.008131068449262173,,,0.09470803029000857,,628459644,,0.008337380212117487,0
1060219,2016,0,913494000,841359000,,,35485000,,,272000,51521000,,,,,0,,,3849000,3375000,,,,,0.9210339640982863,0,0,0,,,0.06788071921975808,,855427000,,0,0
1066605,2016,0,572718000,317916000,308963000,229430000,181646000,,76058000,247873000,52572000,513239000,,,26653000,6797000,,,,15312000,,,,,0.5551004159114957,0,0,0.011867969925862292,0.8961460963336232,1.3466547530837292,0.0072051507067097415,0.06704047668053381,568621000,480993000,0.011162092149252314,0.05187989891333595
1069258,2016,0,1131200000,649100000,320400000,172400000,54200000,56300000,206800000,295800000,-617600000,763000000,583600000,179400000,5300000,-78000000,18600000,153600000,,32400000,,445100000,,445100000,0.5738154172560113,0.39347595473833097,1.5047329276538202,-0.06895332390381895,0.6745049504950495,1.8584686774941996,0,-0.09607866366544249,1131200000,844100000,-0.03288543140028288,0.5431400282885431
1073475,2016,0,432181000,392657000,,,11322000,,,38448000,6304000,,,,,3607000,,,2607000,,,,,,0.9085475761312969,0,0,0.008346040200749224,,,0.046914591074915094,,412814000,,0.007850993425610565,0
1075857,2016,0,15372,,10780,1659742,,1088,7075,-1644370,-29367990,202387,,154059,-387385,-418799,,,31414,,,,,,,0,0,-27.244275305750715,13.165951079885506,0.006494985365195313,-0.6777628710380681,0,47704,202387,-8.77911705517357,0
1083446,2016,0,19566533,11015247,13558497,7431780,5014242,,3392941,-1269427,-28684565,44048740,,,-7266129,-9344044,,,542296,351396,200000,,,200000,0.5629636584059118,0.010221534903500789,-0.1575513991745882,-0.47755235942923563,2.2512286668261567,1.8243942904660795,0.30486500790293447,0.3352253558090876,14995063,32989742,-0.12021296609424048,0
1084991,2016,0,285553000,61572000,73204000,4568000,24443000,27722000,7378000,192737000,125545000,96974000,,,21986000,14128000,,10334000,10000,21507000,,,,,0.21562371958970838,0,0,0.049475929162011954,0.33960070459774544,16.02539404553415,0.010049095899714196,0.08656776622445321,282712000,89248000,0.050899855683522455,0
1085277,2016,0,339597,6447804,93832,6447804,,,,-6108207,-29882199,108890,37055,71835,-841704,-2050847,,855891,1268509,57648,,,,,18.986634157545563,0,0,-6.0390610046614075,0.32064476423525534,0.014552551535375454,-0.4743519891526095,0.9825938131566011,646054,54923,-2.981690385014256,0
1086303,2016,0,426533,268027,404188,268027,609313,18942,71922,3699931,,3176761,2791154,385607,-1593990,-3541425,214851,,1182,,,,,,0.6283851425329341,0,0,-8.302815960312566,7.447866870793115,1.50801225249695,-0.904792038596308,19.223841354723707,4480014,157080,-0.821926895764165,0
1090908,2016,0,44213000,33306000,18034000,26147000,13178000,,7042000,10794000,-302297000,26760000,12969000,13791000,,-14021000,3612000,,,2680000,,25001000,,25001000,0.753307850632167,0.5654671702892814,2.316194181952937,-0.31712392282812746,0.6052518490036867,0.6897158373809615,0.18578018559244758,0.2817933611151027,37286000,20877000,-0.36866384165638577,0
1092289,2016,0,196393000,111857000,68086000,76100000,10034000,3647000,17885000,699000,-398228000,68595000,,,24000,-6243000,,,11841000,29025000,38200000,3800000,,42000000,0.5695569597694419,0.21385690936031326,60.08583690987125,-0.03178830202705799,0.34927415946596874,0.8946911957950066,-0.6404612658264925,-0.47568162535256486,546236000,130827000,-0.025104533571569797,0.1466197760674873
1095315,2016,0,167152000,171053000,125544000,106973000,18128000,6632000,80223000,18000,-105317000,334643000,261179000,73464000,-5730000,-7530000,,76304000,2323000,15355000,,53861000,,53861000,1.0233380396286016,0.3222276730161769,2992.277777777778,-0.04504881784244281,2.0020280941897197,1.1736045544202742,0.18761456808719254,0.38509455594508346,140746000,241603000,-0.04185554118767141,0.21553010387506571
1096934,2016,0,9841232,681203,5974482,656203,2607370,,212751,9160029,-9542763,4975246,3521755,1453491,,-107638,,1708414,,38715,,25000,,25000,0.06921928067542762,0.002540332348632773,0.0027292490012859128,-0.010937451733685375,0.5055511342482323,9.104624635973929,0.9180222209359049,1.0806516906184185,5130927,2391196,0.21834066241831154,0.017540690015663836
1097792,2016,0,11058073,20199485,9507683,20199485,2111812,,,-12403146,-49295580,21289255,13101834,8187421,-11728612,-11695590,,19591698,98122,198917,,,,,1.8266731463972068,0,0,-1.057651726480735,1.9252228665880575,0.4706893764865787,0.15694411415106568,3.753292367405518,9558001,4478844,-0.14034409496295303,0.04080351111074376
1099132,2016,0,12869000,3217000,5364000,1289000,2528000,,0,-832000,-55230000,64000,,,-6251000,8012000,2937000,,675000,793000,,1877000,,1877000,0.24998057347113217,0.1458543787396068,-2.2560096153846154,0.6225813971559562,0.004973191390162406,4.161365399534523,2.5422515827140106,,3633000,0,-1.047343793008533,0.4448114505917974
1101680,2016,0,83226000,41761000,74410000,41251000,16854000,13976000,17712000,3022000,-4597000,240342000,98552000,40842000,3203000,1837000,22805000,,,1936000,21848000,,,21848000,0.5017782904380843,0.26251411818422127,7.229649238914626,0.022072429288924136,2.887823516689496,1.8038350585440353,0.2665266617969321,0.9660198939859956,65712000,122248000,0.06565010956902849,0
1104485,2016,0,721430948,919033062,122029719,78115147,5687166,,35840042,-197602114,-637886252,595026742,,,305171257,163745945,,,42105676,300000,,835290329,,835290329,1.2739030180889883,1.1578243646403703,-4.227132554867302,0.22697382951749945,0.8247868263062095,1.562177422517044,-0.6440447743215651,0.7721055549316402,2026746332,335773871,0.026183363533034385,0.41830592542056716
110621,2016,0,4378365000,,2099846000,903236000,343554000,674205000,956211000,1291392000,936996000,4376353000,,1875768000,,291660000,54600000,1390128000,80951000,90069000,,300000000,,300000000,,0.06851872788129816,0.23230746357418972,0.06661390724619806,0.999540467731676,2.324803262934604,0.062491521767248336,0.07298925748806899,4120847000,4078655000,0.02392784784293132,0.07280056745615647
1109242,2016,0,4234521000,3740603000,,,,,,400077000,6422000,,,,,49761000,,,14033000,2200000,,,,,0.8833591804126134,0,0,0.011751270096428852,,,0.0004909693999423029,,4232443000,,0.009417019910250415,0
1109546,2016,0,1062389000,928473000,,,106940000,,,115158000,-12476000,,,,,357000,,,5829000,462000,,,,,0.8739482430635106,0,0,0.0003360351057851691,,,-0.033849273833450044,,1099610000,,-0.020203526704922654,0
1110783,2016,0,21918000000,,10625000000,5177000000,3668000000,3496000000,1636000000,6990000000,10374000000,15855000000,,8574000000,4075000000,2740000000,,2774000000,248000000,691000000,615000000,8429000000,,9044000000,,0.4126288894972169,1.2938483547925608,0.12501140615019618,0.7233780454421024,2.0523469190650956,0.06135296111568447,0.06688648139425342,20651000000,14861000000,0.12018788436395332,0.3727664519877972
1133062,2016,0,35958057,,13909288,19031583,664620,0,13084846,10759032,-2161994,75336803,,15797660,2401425,3195758,,10747590,,,,5473688,,5473688,,0.1522242428171244,0.5087528320391649,0.08887460187295437,2.095129973235206,0.7308529195916073,1.1513046578920683,0.571477966407868,16714535,47940095,-0.020053982955553357,0.0846447717510538
1136893,2016,0,26200000000,16793000000,3509000000,2364000000,548000000,,1731000000,9321000000,3073000000,,,2086000000,1271000000,679000000,,815000000,173000000,626000000,,11444000000,,11444000000,0.6409541984732824,0.436793893129771,1.2277652612380645,0.025916030534351146,,1.4843485617597292,0.8043455803863503,,14520500000,,0.033958885713301884,0.34810096071071933
1141615,2016,0,2055475,1987681,49547,,19091,,13154,,,1017317,,,,-23860,,,80927,881945,,1349000,,1349000,0.9670178425911286,0.6562959899779857,,-0.011608022476556514,0.494930368892835,,1.2658151522099546,1.6441949804541296,907168,384736,0.013169556245370207,2.3777293731701294
11544,2016,0,21730967000,17097759000,,,839738000,,,4600246000,6178070000,7128928000,,,,648884000,,,128174000,88836000,,149484000,,149484000,0.7867923686967082,0.006878847130916908,0.03249478397459614,0.029859876921261717,0.32805387813620995,,0.0006573745512150078,0.11241166856569693,21716691000,6408534000,0.02302031188821538,0.015865446536030742
1158895,2016,0,90704000,12820000,58184000,10368000,14711000,15205000,11971000,56562000,8161000,71097000,,48431000,6340000,3915000,4671000,,5000,3334000,,,,,0.14133886046921856,0,0,0.043162374316457926,0.7838353325101429,5.611882716049383,0.1130417709713837,0.10144231514043595,81492000,64549000,0.039292200461394984,0
1173514,2016,0,1120800000,633200000,818900000,505200000,175700000,304600000,324100000,460800000,336700000,2767200000,,447700000,148800000,109800000,71400000,316700000,3900000,29700000,,32100000,,32100000,0.5649536045681656,0.028640256959314776,0.06966145833333333,0.09796573875802998,2.468950749464668,1.620942201108472,-0.034874709377421854,0.03784270337171361,1161300000,2666300000,0.09472143287694824,0.01033324722293981
1175454,2016,0,7889806000,,1944624000,2247474000,338105000,,638954000,1223502000,1766336000,1199390000,,,565449000,368707000,,,,112361000,,,,,,0,0,0.046732074274069606,0.15201767952215808,0.8652487192287875,-0.0744770989621806,0.339844566010293,8524701000,895171000,0.03337372184666653,0
1261379,2016,0,246914890,12083451,,,9302857,,,,,,,,,690197,,,,,,,,,0.04893771695988039,0,,0.0027952830224212077,,,-0.14088659283577906,,287406631,,-0.10831145019754258,0
1267395,2016,0,11048800000,7628900000,,,1293600000,,,3419900000,2283600000,2646400000,,,,355000000,,445700000,29500000,7000000,,549200000,,549200000,0.6904731735573094,0.04970675548475852,0.16058949092078717,0.03213018608355658,0.23951922380711027,,0.03102750016330263,0.09206454008995997,10716300000,2423300000,0.03072888963541521,0.05123970026968263
1269190,2016,0,97470590,3141949,,,,,,,,,,,,-3537926,,,,,,,,,0.03223484129930885,0,,-0.03629736928852077,,,-0.1823855044865223,,119213383,,-0.011092303286116795,0
1273636,2016,0,90174000,4642000,64132000,4642000,8893000,,,-36183000,-88652000,1129000,,,-12556000,-15908000,8503000,,,334000,,,,,0.05147825315501142,0,0,-0.17641448754629938,0.01252023864972165,13.815596725549332,0.1649334039557146,0.19851380042462846,77407000,942000,-0.06446445411913651,0
1280263,2016,0,512271000,57637000,468535000,54396000,170291000,20145000,11900000,15000,242413000,276972000,105283000,205014000,60363000,0,101205000,43446000,,1585000,,,,,0.11251271299761259,0,0,0,0.54067476003912,8.613409074196632,0.8019691576029604,0.7573473427744785,284284000,157608000,0.09024074517032263,0
1288403,2016,0,1208022000,,169310000,227493000,15800000,,43073000,-338217000,-925824000,948708000,,,62068000,-11661000,,,,490469000,,1196855000,,1196855000,,0.990755963053653,-3.5387192246398023,-0.009652969896243611,0.7853400020860547,0.7442426799945493,-0.5508390382181425,-0.035952069327133344,2689508000,984088000,0.019082300554599578,0.5027387908866603
1309056,2016,0,76,,76,73774,,,,111,-14420789,0,0,0,-66635,-73809,,,7174,,,,,,,0,0,-971.171052631579,0,0.0010301732317618674,,,,,,
1339947,2016,0,22143000000,,4578000000,3853000000,2403000000,786000000,,3538000000,14780000000,13783000000,6542000000,,4082000000,2391000000,,2899000000,,217000000,18000000,12285000000,,12303000000,,0.5556157702208373,3.4773883550028266,0.10797994851646119,0.6224540486835569,1.1881650661821956,-0.03922419403826962,-0.0007974481658692185,23047000000,13794000000,0.10391808044430946,0.5517854818414544
1341726,2016,0,7109595,10099980,1481897,10099980,4410302,,63147,-1062320,-28351260,0,,,-3312506,-3691583,,,349041,,,,,,1.4206125665386002,0,0,-0.519239562872428,0,0.14672276578765503,-0.1390584565381397,,8257930,,-0.6672219309197341,0
1355042,2016,0,288223153,266445346,226394802,257196532,7793952,12163511,,21412852,-7347222,446344447,442944716,3399731,-6509276,-12015948,,,2858299,165950,67290734,,,67290734,0.9244411603532767,0.2334674827459125,3.1425395365362823,-0.04168973892253548,1.5486071897908908,0.880240492511773,0.03486889436724531,0.10956541283452803,278511756,402269611,-0.09645300933006218,0.31292582134306746
1364742,2016,0,220177000000,190833000000,,,84000000,,2350000000,29098000000,,,,,4570000000,3172000000,,,205000000,124000000,,700000000,,700000000,0.8667254072859563,0.003179260322376997,0.024056636194927487,0.014406591060828334,,,-0.08180006005204511,,239792000000,,0.012227263628478015,0.020526122639621006
1368265,2016,0,1000528000,671583000,329166000,246393000,240033000,29289000,79432000,302552000,-591683000,428940000,,,-54364000,-90859000,,126435000,,49058000,,,,,0.6712285913037916,0,0,-0.09081105176466825,0.4287136391985032,1.3359389268363955,-0.13777986899446662,0.2169373714447833,1160409000,352475000,-0.05766845999987935,0
1372020,2016,0,889732000,645951000,329733000,205690000,75338000,35963000,130777000,242101000,-27664000,806831000,,92496000,23853000,10295000,,,,50129000,,345790000,,345790000,0.726006258064226,0.38864512010358176,1.4282881937703686,0.01157090000134872,0.9068247517229907,1.6030579999027663,0.0434964140996546,0.10310520112986007,852645000,731418000,-0.04029930393070973,0.380436172146673
1372183,2016,0,2898084,3018467,1814959,3018467,1007065,,,-431439,-100659632,400277,,,-6931778,-7097275,244484,,248200,,1193000,,,1193000,1.0415388235813732,0.41165128408976415,-2.7651649479996014,-2.448954205606187,0.13811780472891744,0.6012850231591069,1.0795680823536755,-0.6339340586178136,1393599,1093456,-0.9932670732398631,0
1373561,2016,0,4051383000,3391905000,,,43401000,,,659478000,31353000,,,,16988000,10594000,,,57775000,,,3350140000,,3350140000,0.8372215117652416,0.8269126863592013,5.079987505269319,0.0026149095259569385,,,0.44125579107003926,NaN,2811009000,25000000,0.00874952730496416,1.187089760296036
1378140,2016,0,18870886,3609946,18221064,2959946,13858659,,103470,15688192,-164755055,4105424,4671403,-565979,-14286560,-13114552,,9571193,,965156,,150000,,150000,0.19129711238783384,0.007948752379723983,0.009561331222871316,-0.6949621761267595,0.21755332526517304,6.155877168029416,-0.5045039318143297,1.7389725210355382,38084835,1498892,-0.28801994284601734,0.0039385755511347235
1378718,2016,0,2020973000,1203400000,1137341000,210997000,78716000,701535000,253348000,865436000,443704000,1355877000,952877000,393692000,183934000,,,219066000,,21402000,,952906000,,952906000,0.5954557532436109,0.47150852584373965,1.1010704431061338,,0.6709030749050087,5.3903183457584705,-0.16221250156491343,0.5038431336012991,2412274000,901608000,,0.44738657383033603
1379527,2016,0,221416935,1756340,,,83440007,,,,,,,,,8864877,,,,,,,,,0.007932274918357081,0,,0.04003703239772513,,,,,,,,
1383312,2016,0,2192100000,1440300000,861400000,508900000,266000000,6500000,444500000,816000000,1132000000,2558000000,1761400000,,395500000,263000000,,378400000,,,,689400000,,689400000,0.6570411933762146,0.3144929519638703,0.8448529411764706,0.11997627845445007,1.166917567629214,1.6926704657103557,0.0861658903973838,0.05232845153858812,2018200000,2430800000,0.10509364780497472,0.259686849668021
1401667,2016,0,239842000,33835000,223549000,32442000,43044000,,,83987000,-520500000,,,,-142275000,-141965000,122917000,,,627000,,,,,0.14107203909240248,0,0,-0.591910507750936,,6.89072806855311,0.4736111281780312,,162758000,,-0.3358298824020939,0
1402829,2016,0,461462000,233748000,193117000,117840000,40859000,4867000,,227714000,65384000,,,44594000,10262000,6877000,,34691000,694000,23451000,12004000,94605000,,106609000,0.5065379164481583,0.23102443971551287,0.4681705999631116,0.014902635536620567,,1.6388068567549219,0.3098552370139086,,352300000,,0.0009395401646324155,0.1050439965938121
1403853,2016,1,522619000,560890000,94481000,545087000,13367000,2985000,0,-38271000,-1388422000,536282000,,,-417654000,-515604000,,59187000,,85880000,,11758000,,11758000,1.0732292549639413,0.022498225284576335,-0.30723001750672835,-0.9865772197336874,1.0261433281223988,0.17333196352141952,-0.40037197156402454,0.01990430112434768,871572000,525816000,-0.26651957612222515,0.6797545125359695
1406666,2016,0,323886000,88101000,182800000,67239000,82747000,47667000,51336000,273923000,-556923000,401227000,215085000,177789000,-20384000,-20814000,80311000,,806000,,,,,,0.27201237472444006,0,0,-0.06426335192012005,1.238790809111848,2.718660301313226,-0.12515497500141806,0.04863597635239325,370221000,382618000,-0.04663430761626164,0
1410098,2016,0,21906386,4091860,21831691,4091860,8064490,166733,12014,17814526,-119164952,189274,-366673,-142568,-24760918,-24643627,15735300,,1311,,,,,,0.18678845520205845,0,0,-1.1249517378174565,0.00864012895600397,5.3353953947593515,3.2972555407647515,0,5097762,189274,-4.01223654615496,0
1412232,2016,0,4793800000,3418600000,1233000000,819100000,135600000,424000000,607200000,425800000,-300600000,4375300000,3131900000,1243400000,317900000,152600000,,925500000,166300000,129300000,,1989000000,,1989000000,0.7131294588843924,0.4149109266135425,4.671207139502114,0.03183278401268305,0.912699737160499,1.5053107068733977,-0.03682867533302526,0.044772911791394046,4977100000,4187800000,0.0028329750256173274,0.402824938217034
1412659,2016,0,1480613,,1480613,1926614,1061377,,,-1516694,-10709992,0,,,-241823,242599,38401,,2646,,,,,,,0,0,0.16385037818795323,0,0.7685052636386946,-0.48704777557515205,,2886454,0,0.7414363783382656,0
1413909,2016,0,787316,,657835,3657579,91840,306648,73212,-7496223,-24707197,,1140065,771870,-1838492,-2092184,41070,,,49463,,,,,,0,0,-2.6573624821545607,,0.17985530866182248,-0.4370858038827635,,1398643,,-2.114588211573647,0
1415336,2016,0,178827000,54525000,121802000,53400000,25798000,28095000,33359000,62576000,-89726000,174478000,50064000,124414000,2124000,1531000,18196000,,,1824000,,,,,0.3049036219362848,0,0,0.008561347000173351,0.9756804062026427,2.280936329588015,0.7210625090226649,0.5630587855875872,103905000,111626000,-0.18579471632741446,0
1419612,2016,0,305658000,,290412000,105592000,13142000,73950000,35428000,-115014000,-119990000,133217000,111246000,21971000,-18371000,-21378000,18256000,,,,,9122000,,9122000,,0.0298438123654542,-0.07931208374632653,-0.0699409143552598,0.43583678490338873,2.7503219940904615,3.075548681298168,0.6855443790725628,74998000,79035000,-0.37574335315608415,0.22360596282567535
1420302,2016,0,455699000,247888000,236435000,176298000,89257000,,16011000,167339000,21074000,221956000,28732000,193224000,8687000,7955000,33516000,,2000,11137000,,60000000,,60000000,0.543973105053994,0.13166585838459158,0.3585535947985825,0.01745669839082377,0.48706712106017347,1.3411099388535321,0.4336965036857124,0.3350094431546151,317849000,166258000,-0.024168709041085548,0.1887688808207671
1421603,2016,0,742755,40385,736192,40385,685128,,16435,702370,-234503,178019,,,-150353,-151969,,328372,,2630,,,,,0.05437189921306487,0,0,-0.20460178659181022,0.23967391670200808,18.229342577689735,-0.5294933321846566,-0.059096194503171245,1578628,189200,0.07788662053377997,0
1430592,2016,0,482580000,67433000,423986000,55218000,126003000,,71287000,6000,1640000,,,,60755000,28560000,29830000,,,4930000,,,,,0.13973434456463177,0,0,0.05918189730200174,,7.67840197037198,0.10926455883874082,,435045000,,0.06885494604006483,0
1432196,2016,0,42238638,3058280,6456757,2156933,3237384,,,39180358,-156527826,,,,-19121290,-19123933,,,488,,,,,,0.07240479676451689,0,0,-0.45275922485947584,,2.9934898302358026,0.020094258879435244,,41406603,,-0.39759866318905707,0
1446687,2016,0,248245000,131874000,,,4429000,,,109694000,,38570000,,,,0,,,3737000,22507000,,,,,0.5312252009103909,0,0,0,0.15537070233035913,,1.0612152319541974,2.170198653179281,120436234,12166430,-0.03665728206014811,0
1448597,2016,0,158336,397205,12911,397205,790,,,2956,-8005086,0,,,-498716,1695198,,,165049,,,,,,2.5086209074373484,0,0,10.706333367016976,0,0.032504626074696945,-0.41881822653227524,,272438,0,-10.36114638927022,0
1449732,2016,0,441577000,264177000,255050000,134620000,42096000,1383000,149753000,8807000,-550262000,,,40754000,-28447000,-79827000,,,30797000,31873000,,92224000,,92224000,0.5982580614479468,0.20885145739021732,10.47167026229136,-0.18077707851631766,,1.894592185410786,-0.3620737727298337,,692207000,,-0.022922333926123254,0.38615616426878085
1454389,2016,0,1280626000,1018998000,,,43104000,,,307501000,-9542000,158037000,,,,-30679000,,34545000,26007000,5048000,893210000,,,893210000,0.7957030389824976,0.6974792015779783,2.904738521175541,-0.02395625264519071,0.12340605297721582,,-0.19787967938387185,0.000569811392429106,1596551000,157947000,0.014137349824715904,0.7166617289394451
1455741,2016,0,20361000,3000000,8481000,1660000,12584000,,343000,19343000,,,,,-1506000,-1420000,,,,,,,,,0.14734050390452336,0,0,-0.06974117184814105,,5.1090361445783135,-0.05099044511768819,,21455000,,-0.03150780703798648,0
1461219,2016,0,88870033,1207986,,,0,,,,,,,,,,,,,,,,,,0.013592725907955946,0,,,,,-0.023148782167502453,,90976017,,,0
1478726,2016,0,1027079334,822148724,,,161452481,,,273777836,114362386,,,,,5955133,,,5729765,1395958,37000000,25000000,,62000000,0.8004724628214552,0.06036534661693427,0.22646099080131527,0.005798123672499091,,,0.01654675281067669,,1010361138,,0.0061922581586862264,0
1481028,2016,0,77374,,39491,14112064,61628,,,-9224253,-20079841,,,,-542404,-4893561,81302,,499057,1260,,,,,,0,0,-63.24554759996898,,0.0027983858349848755,-0.2281587295253676,,100246,,-115.14685872753027,0
1489393,2016,0,22757000000,,9789000000,4540000000,4450000000,4051000000,2363000000,6048000000,12282000000,8736000000,,,5060000000,3836000000,99000000,833000000,322000000,1019000000,26000000,8382000000,,8408000000,,0.3694687348947577,1.3902116402116402,0.16856351891725624,0.383881882497693,2.156167400881057,-0.06044341686965856,-0.8017339203849122,24221000000,44062000000,0.1592419800999133,0.2906568680071013
1493526,2016,0,7,20830,7,20830,502,,,-20830,-9391999,,,,,-41707,,,,,,,,,2975.714285714286,0,0,-5958.142857142857,,0.00033605376860297646,-0.9860557768924303,,502,,912.6394422310757,0
1495648,2016,0,46266,,46266,19297,33655,,,26969,-1487781,,,,-112863,-112863,,,,,,,,,,0,0,-2.4394371676825313,,2.39757475255221,0.09195185272598537,,42370,,-22.906136417276375,0
1497055,2016,0,192927,379585,68392,374021,12188,5989,15191,81430,-2123085,14611,15804,-1193,,-801599,,,419,,,5564,,5564,1.9675058441794047,0.028839923909043316,0.06832862581358222,-4.154934249742131,0.0757333084534565,0.1828560428425142,-0.5769274627533365,-0.7583960314179413,456014,60475,-2.976108189660844,0
1497253,2016,0,67576000,5395000,63652000,4490000,48167000,334000,259000,62181000,-160870000,571000,0,,-30297000,-30082000,12921000,17947000,1000,472000,,,,,0.07983603646264946,0,0,-0.44515804427607436,0.008449745471765123,14.176391982182627,0.2633625605264634,0.5065963060686016,53489000,379000,-0.4832395445792593,0
1500375,2016,0,381701000,326447000,,,21166000,,,43392000,11664000,,,,,3355000,,,2481000,,,,,,0.8552427161574112,0,0,0.008789602332715921,,,0.15832293971092073,,329529000,,0.008327036467200155,0
1501257,2016,0,959554,1090265,107835,742199,,3447,45791,-511546,-787978,479204,,287711,-1548714,-1566232,,,17518,,,,,,1.1362205774766194,0,0,-1.6322499828045112,0.4994028475729349,0.14529122243495343,3821.9243027888447,,251,0,-213.26294820717132,0
1502756,2016,0,6094000000,4899900000,567300000,388400000,91300000,,88000000,,-497100000,1129700000,,,63600000,-177100000,,384600000,,338200000,,3652200000,,3652200000,0.804053167049557,0.5993107975057433,,-0.029061371841155235,0.18537906137184115,1.4606076210092689,0.46769104790347055,0.11740850642927794,4152100000,1011000000,-0.03417547746923243,0.7539076611834975
1503802,2016,0,215443000,18142000,131636000,16476000,58358000,,,198365000,-256527000,250000,,,-110732000,-109577000,97744000,,1000,323000,,,,,0.08420788793323523,0,0,-0.508612486829463,0.0011603997345005408,7.9895605729546,-0.02221143067210682,-0.35400516795865633,220337000,387000,-0.15406854046301802,0
1509432,2016,0,658561000,142082000,353247000,129572000,78019000,,,424923000,172115000,259335000,124435000,,63928000,39341000,,71679000,,123138000,,94584000,,94584000,0.21574614955941818,0.14362223089432868,0.2225909164719255,0.0597378223125876,0.393790400585519,2.7262603031519155,0.025693700316479353,0.09191845189975748,642064000,237504000,0.0635185900470981,0
1511161,2016,0,2051,143149,2051,143149,0,,,-141098,-279641,,,,-84149,-114475,,84149,34529,,,,,,69.79473427596294,0,0,-55.81423695758167,,0.014327728450775066,-0.7955338450802513,,10031,,-4.136377230585186,0
1514743,2016,0,595565000,511593000,,,6449000,,,83972000,37095000,,,,,211000,,,3226000,,,,,,0.8590044747424714,0,0,0.0003542854264437971,,,0.08020778353946635,,551343000,,0.006306419053112128,0
1515673,2016,0,559569000,28479000,450207000,27918000,7427000,,3800000,-74821000,-284659000,,,,-56778000,-59802000,45967000,,,684000,,,,,0.050894527752609595,0,0,-0.10687153863062464,,16.126047711154094,1.8265771567988605,,197967000,,-0.17715073724408614,0
1520007,2016,0,2533281,,2531726,1475035,0,,,-31077,-14498955,0,0,0,-167465,-165659,,,,97,,,,,,0,0,-0.0653930614092949,0,1.716383679031345,0.9418022187592701,,1304603,0,-0.12698039173603004,0
1525287,2016,0,1000332000,842847000,647862000,524139000,2046000,241320000,160848000,,,5069762000,,,157693000,122814000,,76420000,29651000,17625000,600000,,,600000,0.8425672676671345,0.0005998008661124507,,0.12277323928455752,5.068079397639983,1.2360499791085953,-0.2533944351564366,0.08250783787413665,1339840000,4683349000,-0.022269823262479102,0.31269106759016
1526119,2016,0,113094000,,110843000,10109000,10000000,,,117446000,-198883000,,,,-53607000,,35448000,,,427000,,,,,,0,0,,,10.964783855969928,0.1464282455980294,,98649000,,-0.417662622023538,0
1527166,2016,0,35994300000,23258100000,,,966600000,,19400000,,,3880300000,,,,85800000,,,55700000,22400000,,144400000,,144400000,0.6461606421016661,0.004011746304275955,,0.0023837107542027487,0.1078031799479362,,0.010442896724804406,-0.12629469512744304,35622300000,4441200000,0.002922326744763814,0.0035258812597726706
1530425,2016,0,295,,86,413815,0,,,-300011,-18724020,,,,-18410518,-18410518,,,,,,,,,,0,0,-62408.53559322034,,0.00020782233606804972,,,0,,,
1530981,2016,0,1028028,2257352,637443,1818607,,514795,54279,-1229324,-770486,3089974,2452633,637341,-388957,-566783,,,95761,13975,,370056,,370056,2.1958078962829806,0.35996684915196864,-0.3010239774054684,-0.5513303139603202,3.0057294159303054,0.3505116828429672,6.948690589408735,,129333,,-0.01808509815746948,0
15357,2016,0,1258451,289857,897688,165625,84204,,187607,968594,5497402,,,956156,190390,140909,,,2224,98810,,,,,0.23032839578179842,0,0,0.11197019192642384,,5.4200030188679245,0.08556781245902545,,1159256,,0.04336229443712174,0
1541884,2016,0,577967,3413545,37753,760175,4044,0,0,-1414387,-16085633,8800,10193,-1393,-2509542,-2775456,1219189,1288960,-265914,33186,,,,,5.906124398105774,0,0,-4.802101158024593,0.01522578278690652,0.04966356431084948,0.2200294681381034,-0.9734943750847126,473732,332005,-4.060253476649245,0
1543066,2016,0,10000,267943,10000,267943,0,,,-267943,-311708,,,,,-77384,,,,,,,,,26.7943,0,0,-7.7384,,0.037321370590013545,,,0,,,
1543643,2016,0,2634642000,2327835000,,,241287000,,,16955000,63163000,,,,,8908000,,,1922000,,,,,,0.8835488844404666,0,0,0.0033811045295717595,,,0.16313726840600287,,2265117000,,0.00431986515486838,0.007063652782615644
1561622,2016,0,1952994,4937059,839630,4345860,0,,836797,-2996076,-6633197,5617446,,1369930,-1404793,-3853796,,2774723,,,,,,,2.5279437622440213,0,0,-1.9732759035614036,2.876325272888703,0.19320226606471447,0.06378132118451026,,1835898,0,-0.27824639495222503,0
1566610,2016,0,104203,3572426,36101,3572426,16762,,8468,-3468223,-21273400,0,,,-3130988,-4274105,257803,,,21301,,,,,34.28333157394701,0,0,-41.0171012350892,0,0.010105457747760206,-0.9570567140018281,,2426526,,-2.134426336251909,0
1567925,2016,0,506627000,106291000,,,200000,,2065000,400334000,,337000,,,-2142000,-2294000,,,,185000,,,,,0.20980129365391106,0,0,-0.004527986072593841,0.0006651836558256864,,4.176741667177569,,97866000,0,0,0
1570937,2016,0,7523,648763,7523,648763,7523,,,-641240,-993137,,,,,-736774,,,138038,,,25000,,25000,86.23727236474811,3.323142363418849,-0.038986962759653174,-97.93619566662235,,0.011595914070315355,-0.9829100408905043,,440200,,-0.06462744207178556,0
1579241,2016,0,2263000000,2233300000,735100000,447100000,227400000,204100000,,25600000,232400000,1332000000,1264600000,,326300000,175200000,43300000,527400000,53800000,44200000,65600000,1457500000,,1523100000,0.9868758285461776,0.6730446310207688,59.49609375,0.07741935483870968,0.5885992045956695,1.644151196600313,0.12257552457959224,0.00022527596305474206,2015900000,1331700000,0.016022620169651274,0.502207450766407
1582249,2016,0,1907159,628227,607159,628227,0,,,1796362,-4824048,0,0,0,-578106,-578106,0,,,,,,,,0.3294046275113926,0,0,-0.3031241758028565,0,0.9664643512615663,284.2893044128646,,6685,,-5.988780852655198,0
1582982,2016,0,28323706,21256875,8439482,15857562,3476880,,4330901,7066831,-17944230,18000,,,-7900973,-8796723,902186,,,5108035,,6700335,,6700335,0.7504976573334012,0.23656279301868194,0.9481385645135705,-0.3105781072575743,0.0006355100564876644,0.5322055180991883,0.2257492234042461,-0.06225579578015108,23107260,19195,-0.1951442966409691,0
1583671,2016,0,1749,,1749,8891,1749,,,-3046,-98142,0,,,-49096,-49096,,,0,0,,,,,,0,0,-28.070897655803318,0,0.19671578000224946,-0.6617675497969445,,5171,,-0.12589441113904468,0
1589150,2016,0,319356,906258,207356,799201,38620,,0,-129631,-20224319,100000,,,-2956962,-7750594,671095,,27824,,,,,,2.8377672566039154,0,0,-24.269448515136713,0.3131301744761332,0.2594541298121499,28.972407320506804,,10655,0,,0
1590714,2016,0,10190200000,7271000000,2237600000,1062400000,123000000,484600000,1054800000,2103900000,-532700000,843200000,,396600000,9500000,-29900000,26200000,360900000,,88000000,,5235900000,,5235900000,0.7135286844222881,0.5138171969146828,2.4886639098816485,-0.0029341916743537907,0.08274616788679319,2.1061746987951806,1.2409341807226266,0,4547300000,843200000,-0.006575330415851164,1.171288456886504
1597033,2016,0,5393627000,,778088000,1000488000,308236000,,375789000,-49895000,-1328730000,2631417000,1742478000,,421345000,69223000,,467594000,218877000,157592000,190315000,3360000000,3395674000,3395674000,,0.6295715295106614,-68.0563984367171,0.012834220831362644,0.4878752275602299,0.7777084782626078,0.1616502691213341,0.042745802929687035,4643073000,2523546000,-0.02164385526568288,0.6669302851796645
1606069,2016,0,119718,781036,118059,781036,28241,,,-386877,-910635,0,,,-492818,-510119,0,486346,26917,6472,1448732,,,1448732,6.523964650261448,12.10120449723517,-3.744683710843498,-4.261005028483603,0,0.15115692490486995,2.3186782724399846,-1,36074,3716,-0.46210567167489053,0
1607679,2016,0,,,,,,,,,,,,,,,,,,,,,,,,,,,,,,,,,,
1609253,2016,0,7053000000,,438000000,605000000,14000000,58000000,200000000,-916000000,-5683000000,4173000000,,,-2349000000,-1434000000,,302000000,,1198000000,,5268000000,,5268000000,,0.7469162058698426,-5.751091703056769,-0.20331773713313483,0.5916631220757125,0.7239669421487603,-0.43253680907554914,-0.025910364145658265,12429000000,4284000000,0.06991712929439214,0.5197521924531338
1611110,2016,0,119753000,137440000,,,87206000,,,-39000,-730000,72173000,,,,1695000,,,5520000,401000,,300000,,300000,1.147695673594816,0.0025051564470201164,-7.6923076923076925,0.014154133925663658,0.6026821875026095,,-0.868460971508097,0.6451936447149468,910399000,43869000,0.0018618210257260828,0.11319981678363003
1611231,2016,0,107286000,55553000,87586000,54598000,8805000,,43432000,-13612000,-51300000,,,53643000,-10803000,-12989000,14656000,,1315000,3071000,,,,,0.5178028820162929,0,0,-0.12106891859142851,,1.604197955969083,0.4557716053570702,,73697000,,-0.002537416719812204,0.5987625005088403
1611547,2016,0,1904138000,1447477000,,,131654000,,10364000,341584000,-38442000,315676000,,,122440000,65772000,,,,53653000,,1233983000,,1233983000,0.760174420131314,0.6480533448731132,3.6125316174059674,0.03454161410570032,0.16578420261556673,,0.09991011890183321,-0.13035716745409717,1731176000,362995000,0.06314435967226903,0.7383316312148505
1616817,2016,0,3203400000,2518600000,736000000,386100000,68200000,186800000,309100000,636100000,-162900000,2717000000,2294100000,422900000,203500000,72900000,,194600000,,210800000,14500000,242900000,,257400000,0.7862271336704751,0.0803521258662671,0.40465335639050465,0.022757070612474246,0.8481613285883749,1.9062419062419063,0.44504550670872095,0.34686243512926557,2216816000,2017281000,0.025968776840297074,0.8669560306313199
1618561,2016,0,56672000,5188000,34962000,5047000,31481000,,,1446000,-43020000,25000,,,-22170000,-19365000,200000,,,516000,,,,,0.09154432523997741,0,0,-0.34170313382269907,0.00044113495200451725,6.9272835347731325,0.6864658969170336,-0.9240121580547113,33604000,329000,-0.09644685156528984,0
1619096,2016,0,27146,958,8711,,8711,,,26188,-17812,46541,,16237,-9447,-9447,,25684,,,,,,,0.03529065055625138,0,0,-0.3480070728652472,1.7144699034848596,,1.97980241492865,0.5462126245847176,9110,30100,0.5587266739846323,0
1627041,2016,0,8333,7041,8333,7041,,,,1292,-23208,,,,,-17868,,,,,,,,,0.8449537981519261,0,0,-2.144245769830793,,1.1834966624059082,,,,,,
1628063,2016,0,2833359000,1263282000,,,62867000,,,804557000,-121338000,248674000,,,-30447000,-91009000,,,63591000,177119000,,1142422000,,1142422000,0.44586019632528034,0.40320411215098406,1.4199391714943752,-0.032120532555175677,0.08776649905642031,,0,,2833359000,,,0.40320411215098406
1638058,2016,0,426000000,,82000000,3000000,16000000,,,1091000000,,16861000000,,,125000000,150000000,,47000000,8000000,74000000,,,,,,0,0,0.352112676056338,39.57981220657277,27.333333333333332,,,,,,
1639300,2016,0,1039375000,381873000,223806000,96768000,30259000,190608000,183000,651261000,25661000,,,253510000,62781000,35839000,,178832000,,8051000,,,,,0.36740637402285026,0,0,0.03448129885748647,,2.3128100198412698,0.1332895736814043,,917131000,,0.021306661752792132,0.35031745737522774
1642223,2016,0,405,,405,7000,,,,0,0,,,,7095,-7095,,,,,,,,,,0,,-17.51851851851852,,0.05785714285714286,,,,,,
1644825,2016,0,48080,,48080,51844,599,,0,-6053,-430804,0,,,-304751,-304751,,,0,,,,,,,0,0,-6.338415141430948,0,0.9273975773474269,,,,,,
1645926,2016,0,1871243000,1582553000,494513000,294608000,16646000,171836000,240110000,281982000,-45365000,1617640000,,331967000,70977000,6499000,,241638000,75437000,131703000,3488000,1169626000,,1173114000,0.8457228697715903,0.6269169744389157,4.160244270910909,0.0034730924845143042,0.8644735077165285,1.6785457285613425,,,,,,
1648365,2016,0,6970,895,,,2855,,,1960,-13990,24984,,,,-19065,,,,,,,,,0.1284074605451937,0,0,-2.735294117647059,3.5845050215208034,,,,,,,
1659122,2016,0,219453,204165,105953,29165,0,,,15288,-9712,,,,-1636568,-9712,,,,,,,,,0.9303358805757953,0,0,-0.04425548978596784,,3.632881878964512,,,,,,
1667153,2016,0,0,0,,,,,,,,,,,,,,,,,,,,,,,,,,,,,,,,
1674227,2016,0,13996115,406167,4821775,284361,4678473,,0,13711754,-386456,591439,376000,207015,-4911696,92000,,,,12950,,,,,0.0290199816163271,0,0,0.0065732526490386795,0.042257369277117256,16.95652709056446,,,,,,
1679426,2016,0,142147,49699,137991,49699,0,,0,92448,-56581,125000,175613,125000,-7552,-3693,,,,,,,,,0.3496310157794396,0,0,-0.02598014731228939,0.8793713550057335,2.77653473912956,,,,,,
1681206,2016,0,258624000,108706000,,,14366000,,16761000,149918000,135040000,146334000,,,,17456000,,,,491000,,,,,0.4203244865132393,0,0,0.06749566938876515,0.5658175575352635,,,,,,,
18349,2016,0,28792653000,25792457000,,,469630000,,29821000,777000,174973000,,,,,195249000,,,109408000,33900000,,2186893000,,2186893000,0.8957999459098125,0.07595316068998574,2814.5341055341055,0.006781209081358359,,,0.06441407518906396,,27050237000,,0.005892111037696268,0.07908710744382758
276209,2016,0,710715000,,27012000,36939000,18371000,,13024000,223977000,59277000,101543000,,,25997000,21319000,,,,11789000,2842000,171868000,,174710000,,0.24582286851973012,0.7800354500685338,0.029996552767283653,0.1428744292719304,0.731259644278405,0.05888952292126361,0.026132562628212255,671189000,98957000,0.027218860857374003,0.26677731607639577
277058,2016,0,42881690,12456627,12171019,4797233,7738985,,297316,28326959,10455804,64349553,,,3298907,1807077,,17209760,,2168003,,7088677,,7088677,0.2904882480144789,0.16530778054689543,0.2502448992142079,0.04214099304388423,1.5006300591231363,2.537091485862788,-0.04296096742477329,0.024553781040493418,44806626,62807394,0.009998097156433962,0.27562887685406173
310158,2016,0,101677000000,,29751000000,19201000000,15621000000,4700000000,6484000000,44676000000,45348000000,,,,,11920000000,7180000000,11606000000,732000000,6691000000,2583000000,23829000000,,26412000000,,0.2597637617160223,0.5911899006177813,0.11723398605387648,,1.5494505494505495,0.03575539641631098,,98167000000,,0.04486232644371326,0.21802642435849115
315958,2016,0,14208823,9520116,11800276,9467809,9222343,,2090676,3966037,-25076973,12486316,,,174459,513186,,6685528,,200136,,,,,0.670014398799957,0,0,0.03611741802962849,0.8787720136988123,1.2463576314224336,0.02935013793057983,,13803683,,0.026844574741393293,0
32166,2016,0,300314000,72336000,,,10402000,,33863000,228549000,187538000,241137000,,68237000,32139000,20408000,,58920000,,58286000,,,,,0.2408678916067849,0,0,0.06795553986827121,0.802949579440186,,-0.005773725575882778,-0.030530975230268844,302058000,248731000,0.07532990352846142,0
36369,2016,0,226386755,230499051,,,6500885,,,-6745151,-10368421,69539659,,,15394626,16853596,,6773993,10226337,5808153,,203804940,,203804940,1.0181649142857319,0.9002511653122109,-30.215030026755517,0.07444603373549835,0.30717194122067787,,0.08752261401160796,0.6936387139164472,208167400,41059323,-0.022427800894856735,0.9790435005673319
36377,2016,0,18133696000,16615740000,,,1809407000,,,2651111000,78850000,,,,,216672000,,,23485000,13124000,216151000,,,216151000,0.9162908653591634,0.011919853514694411,0.08153223309020256,0.011948584557720611,,,,,,,,
38984,2016,1,700900000,536600000,271800000,155100000,61900000,,77200000,141600000,-403300000,2100000,,2100000,-8400000,5500000,,10000000,33400000,100000,,368100000,,368100000,0.7655871022970466,0.525181908974176,2.5995762711864407,0.007847053787986873,0.0029961478099586247,1.7524177949709865,4.75924404272802,-0.6037735849056604,121700000,5300000,-0.08216926869350863,2.564502875924404
46129,2016,0,162147000,97550000,73912000,33981000,8371000,26175000,26104000,48003000,46650000,,,73426000,24150000,,,,6435000,7267000,9860000,57518000,,67378000,0.6016145842969651,0.41553651933122415,1.403620607045393,,,2.175097848797858,-0.029530586960815414,,167081000,,,0.4479743358011982
49754,2016,0,2393700000,2064627000,372709000,298429000,106011000,,19000000,315179000,351923000,654988000,279873000,375115000,,36453000,,,111700000,34745000,,1279473000,,1279473000,0.8625253791201904,0.534516856748966,4.059512213694441,0.015228725404185989,0.2736299452730083,1.248903424265068,0.011383931683734324,0.022672518646550094,2366757000,640467000,0.030437007263525575,0.5393405406638704
62234,2016,0,765001000,,45098000,128503000,10158000,2641000,5898000,363352000,325355000,447939000,,,48873000,25001000,,,10551000,33354000,,225668000,,225668000,,0.2949904640647529,0.6210726788348488,0.03268100303136859,0.5855404110582862,0.35094900508159343,0.024514661923995842,0.08502892189634625,746696000,412836000,0.02344461467585202,0.3127872655002839
69422,2016,0,54537000,209357000,,,5404000,248000,6791000,-45331000,-43645000,72898000,,,11320000,2942000,,,,4943000,,182205000,,182205000,3.8388066817023305,3.340942846141152,-4.019434823851228,0.0539450281460293,1.3366705172635092,,-0.6703916354405899,0.08326027193699383,165460000,67295000,-0.028357306901970265,1.1093073854708086
703604,2016,0,133094000,71830000,86558000,36343000,698000,44095000,27231000,65912000,43572000,285693000,113144000,172549000,-4963000,-4369000,,174126000,772000,8751000,,,,,0.5396937502817557,0,0,-0.03282642343005695,2.1465505582520623,2.38169661282778,-0.03443122460824144,0.06007354278059984,137840000,269503000,-0.0371445153801509,0
70858,2016,0,2144287000000,1888111000000,,,131322000000,,,232475000000,88219000000,85894000000,,,,5520000000,,,10935000000,,0,236764000000,,236764000000,0.8805309177362919,0.11041618962387031,1.0184492956231852,0.0025742822672524712,0.040057137873801406,,0.018889217280405067,-0.03426952395943424,2104534000000,88942000000,0.005431606236820123,0.1155310391754184
709005,2016,0,19898859,,4554266,2125615,477928,754418,,14018430,-10289867,7836485,,,3077353,-870840,,,,124773,,,,,,0,0,-0.04376331326333836,0.3938157961720318,2.142563916795845,0.12055750200233709,0.04105592884910791,17757999,7527439,0.005129913567401372,0
717954,2016,0,1424161000,291029000,661823000,184111000,197479000,80449000,,1013398000,1197000000,1394897000,858306000,,193275000,119925000,,271564000,772000,71752000,,,,,0.20435119343950578,0,0,0.08420747373365792,0.9794517614230414,3.5946955912465848,0.035857416962575155,0.029053164295489167,1374862000,1355515000,0.08487033607736631,0.00011273858758188094
72205,2016,0,42440857,3345105,29048030,3345105,14116412,6019705,2937922,36549960,37493077,2166625,,6135375,2941452,2915395,,3193923,,,,,,,0.0788180361202414,0,0,0.06869312276139947,0.051050453575902106,8.683742363842091,0.09023691237988594,0.2738034346320499,38928105,1700910,0.03231336331424301,0
728535,2016,0,3828988000,2414927000,945681000,573134000,5566000,18577000,624294000,1414061000,3218943000,6555459000,,,721020000,432090000,,,25294000,361510000,,387300000,,387300000,0.6306958914470351,0.1011494420980165,0.2738920032445559,0.11284704992546334,1.7120604713308059,1.6500172734473963,0.3582788222774033,0.1738518500346759,2819000000,5584571000,0.12145512593118127,0.33115963107484925
730272,2016,0,146237000,,103252000,18781000,39830000,17998000,11300000,84124000,-71542000,63548000,,,10691000,8170000,5609000,17154000,50000,4020000,,95272000,,95272000,,0.6514903888892688,1.1325186629261565,0.055868213926708016,0.43455486641547625,5.497683829402055,0.1398673349286399,-0.06778741069987824,128293000,68169000,0.1254394238189145,0
73309,2016,0,1769476000,6477092000,5854405000,1385173000,2045961000,2145444000,1383823000,7879865000,7255972000,21105141000,,,,796271000,,596761000,177543000,,51315000,4360600000,,4411915000,3.660457672214825,2.4933454875906764,0.5598972825042053,0.4500038429455952,11.927339506158885,4.226479291756337,-0.8836122434871468,0.10776244189206766,15203283000,19052046000,0.03209997472256486,0.30046641899647597
74046,2016,0,186204000,79503000,82643000,28888000,24035000,21369000,31466000,102938000,142095000,94286000,,59650000,12418000,8356000,2587000,47232000,,,,,,,0.42696719726751303,0,0,0.04487551287834848,0.5063586174303452,2.860807255607865,0.014409535898539435,-0.40179171900973265,183559000,157614000,0.07946218926884543,0
740971,2016,0,896787000,808976000,,,33514000,,,93990000,55151000,-4271000,,,,3634000,,,3632000,,,,,,0.9020826573088147,0,0,0.004052244289892695,-0.004762557887212905,,0.02340233715250833,-1.0994805860293946,876280000,42933000,0.0046971287716255075,0
747540,2016,0,16310104,4405162,15443385,4363207,6174561,3199463,4693749,10708928,-11634796,3354552,,7433736,1097281,864885,,,,39766,,,,,0.2700879160549804,0,0,0.053027558867803665,0.20567324402100687,3.539457330353568,0.06046821421217304,-0.346932958923119,15380097,5136612,0.028515034723123008,0
753772,2016,0,745245,4791390,589529,4716390,140496,109573,,-4046145,-38072182,237000,203460,,-2592896,-2035922,501734,,33850,56311,,,,,6.429281645633315,0,0,-2.7318828036417555,0.31801622285288733,0.12499581247521939,0.09657744883094715,,679610,0,-2.8552257912626358,0
75679,2016,0,1992761000,1756845000,258595000,173116000,44971000,11322000,215387000,179097000,-192033000,910198000,,607494000,143562000,59244000,,293647000,72496000,170285000,,1274586000,,1274586000,0.8816135000634797,0.6396080613781583,7.11673562371229,0.029729606310039187,0.4567522146408927,1.4937671850088958,0.010500219568024,0.12141963018451349,1972054000,811648000,0.01608830184163314,0.5253689807682751
783412,2016,0,225446000,,184483000,64860000,15617000,41000,5673000,125343000,58068000,41612000,,,-6640000,-1043000,,,,5709000,,2182000,,2182000,,0.009678592656334554,0.017408231811908124,-0.004626385032335903,0.18457635087781554,2.844326241134752,0.11022687540319999,0.10446968892663765,203063000,37676000,0.018609988033270464,0.0002314552626524773
785786,2016,0,1691760000,849488000,1334039000,579298000,341865000,569371000,384680000,699301000,860717000,-108372000,2152680000,225569000,100607000,87213000,,113682000,12295000,,,250000000,,250000000,0.5021326902161063,0.14777509812266515,0.3574998462750661,0.051551638530287984,-0.06405873173499788,2.3028544893992384,0.051418684346927895,0.04614255927098618,1609026000,-103592000,0.05112347469835789,0.15537349924737076
789933,2016,0,770520000,454270000,361434000,191746000,95390000,165016000,111020000,201138000,217745000,896782000,,185072000,-66309000,-38118000,9600000,198697000,7566000,28070000,,126088000,,126088000,0.5895628925920158,0.16364013912682343,0.6268730921059174,-0.04947048746301199,1.1638659606499506,1.8849623981725825,-0.04868906459116298,-0.0384746522334898,809956000,932666000,0.0548795243198396,0.2363474065257866
798528,2016,0,6913016,32462022,3545590,24677485,21322257,,801575,-16195513,-220634415,1322882,,,-28192692,-26473114,,9791260,1560254,,,4335501,,4335501,4.695782853677758,0.6271504362206018,-0.26769766416167246,-3.829459385020952,0.1913610499382614,0.1436771210680505,-0.7244662008337419,-0.9446815747578955,25089539,23913949,-0.42811755130295537,0.1116002968408467
805022,2016,0,8369281000,4352540000,551550000,504309000,4950000,192992000,236416000,,,,,,495347000,272954000,,,,196443000,,3844312000,,3844312000,0.5200614007344239,0.45933599313967355,,0.032613793227877046,,1.0936747113376917,0.037635945706025006,,8065720000,,0.01987088567418656,0.43822721344157745
864240,2016,0,62637000,36539000,42900000,17722000,15270000,14558000,8010000,26098000,-100769000,11706000,91048000,749000,-22758000,6043000,330000,22008000,4882000,6288000,0,,,,0.5833453070868656,0,0,0.09647652346057442,0.18688634513147181,2.4207200090283263,-0.5169916950054364,-0.967004532437369,129681000,354776000,-0.009130096159036405,0
866121,2016,0,1280000000,3638000000,2129000000,1254000000,267000000,213000000,,1675000000,1043000000,3113000000,2412000000,701000000,223000000,195000000,49000000,,,,,1436000000,,1436000000,2.8421875,1.121875,0.8573134328358208,0.15234375,2.43203125,1.6977671451355663,-0.6419836789309633,-0.02903718416416726,3575256000,3206096000,0.07614587598762158,0.5156973374773722
86759,2016,0,52106000,145540000,,,3397000,256000,6791000,-44755000,-52746000,57429000,,,6302000,-4960000,,,,2739000,,120343000,,120343000,2.7931524200667868,2.309580470579204,-2.6889286113283433,-0.09519057306260316,1.1021571412121445,,-0.4100250229282487,0.11305139933328165,88319000,51596000,-0.057733896443573865,1.3668972701230766
872248,2016,0,379319000,,209245000,158784000,9153000,,10294000,99095000,-454463000,,,,28249000,31190000,,,,87818000,,0,,,,0,0,0.08222630556339124,,1.317796503426038,-0.5174721539534008,,786108000,,0.01791356912790609,0.3816269520218596
874238,2016,0,266165000,34952000,134921000,104311000,1872000,2535000,,95845000,-92500000,672230000,,32421000,-4224000,-9781000,,,,18348000,,20180000,,20180000,0.1313170401818421,0.07581763192004959,0.2105482810788252,-0.03674788195292394,2.5256138109819095,1.293449396516187,-0.13145984186705215,0.20853378781668214,306451000,556236000,-0.24124248248496497,0.12080561003227269
874716,2016,0,1474993000,1558988000,821634000,856761000,279058000,188833000,204494000,-84125000,318356000,1485807000,669691000,816116000,260255000,181906000,98263000,,15429000,58888000,,597100000,,597100000,1.0569460329642242,0.40481548048024635,-7.0977711738484395,0.12332668697410767,1.0073315602175739,0.9590002346045163,0.06558393192945296,0.07897198229849432,1384211000,1377058000,0.13567295737427315,0.4313540348978588
876427,2016,0,1185264000,463243000,199230000,167571000,8995000,129035000,,415984000,459642000,,,353350000,109789000,61799000,,,,,,103315000,,103315000,0.39083529070316825,0.08716623469539275,0.24836291780453093,0.05213943897730801,,1.188928871940849,0.3056530446334741,,907794000,,0.059990482422223546,0.1349898765578975
879169,2016,0,1007440000,836285000,842375000,168007000,471429000,1783000,114450000,-193108000,-1778987000,511495000,,,-4804000,,347523000,165772000,46828000,41413000,,619893000,,619893000,0.8301089891209402,0.6153150559834829,-3.210084512293639,,0.5077175811959025,5.013927991095609,0.2648701720200332,0.4410461280134781,796477000,354947000,,0.9413956711869897
880117,2016,0,431935000,190657000,284310000,134105000,834000,197997000,75635000,215304000,135664000,,,122865000,46996000,26287000,882000,,4354000,16278000,,4750000,35666000,35666000,0.4414020628103766,0.08257260930464075,0.16565414483706759,0.06085869401646081,,2.120055180642034,0.09458428680396644,,394611000,,0.055142912893963926,0.09886951960284938
880641,2016,0,653272000,575051000,,,14243000,,,66406000,54682000,,,,,7140000,,,1912000,,,,,,0.8802627389510036,0,0,0.010929597472415778,,,0.036679689855560034,,630158000,,0.01135905598278527,0
880984,2016,0,9240000,1846000,8717000,5186000,222000,202000,1005000,1332000,-97196000,8659000,5134000,3525000,-3053000,145000,,5651000,,143000,376000,,,376000,0.19978354978354979,0.04069264069264069,0.2822822822822823,0.015692640692640692,0.9371212121212121,1.6808715773235634,-0.6872355549537962,-0.5573108384458078,29543000,19560000,-0.918830179738009,0.1565176183867583
885590,2016,0,48965000000,42936000000,5507000000,5313000000,600000000,1257000000,214000000,5910000000,-2750000000,8206000000,,,2001000000,880000000,,2026000000,,1614000000,16000000,31088000000,,31104000000,0.8768712345552946,0.6352292453793525,5.262944162436548,0.017972020831205963,0.1675890942509956,1.036514210427254,0.7529508214327907,0.42228230726566834,27932900000,5769600000,-0.03091694739894533,0.5453855489404967
885725,2016,0,1250000000,,3471000000,2430000000,217000000,1016000000,,106000000,-8927000000,7462000000,2210000000,5170000000,-301000000,-119000000,,2902000000,216000000,725000000,3000000,1000000000,,1003000000,,0.8024,9.462264150943396,-0.0952,5.9696,1.4283950617283951,-0.9265742481203008,0.05514705882352941,17024000000,7072000000,-0.007107612781954887,0.35555686090225563
886171,2016,0,821038000,,85592000,99314000,,8506000,71252000,-49398000,-283066000,436664000,309903000,126761000,-25794000,-66014000,,114596000,53285000,100088000,,,,,,0,0,-0.08040309949113196,0.5318438367042695,0.8618321686771251,-0.1014868008938753,0.01919521986742601,913774000,428440000,-0.04634515755536927,0.7532978613968005
892537,2016,0,1506424000,322687000,369172000,179896000,269001000,0,,242000,754457000,1773981000,,,94816000,47294000,,,5802000,30446000,,,,,0.21420728825350632,0,0,0.031394879529269316,1.1776106859688906,2.0521412371592476,0.012788741712059013,-0.23206679272334368,1487402000,2310072000,-0.0041340538738014335,0
894627,2016,0,123958000,97882000,63742000,66716000,130529000,,,250874000,-11764000,,,,-50605000,-77550000,,,1337000,20074000,,15000000,,15000000,0.7896384259184562,0.1210087287629681,0.05979097076620136,-0.6256151277045451,,0.9554229869896277,-0.5018746308002041,,248849000,,0.1730848828004131,0.06027751769145144
895051,2016,0,27712895,6929120,27448819,1315576,10669919,,,0,-441931827,0,,,,0,33648,,,66451,,,,,0.2500323405403874,0,,0,0,20.8644874944511,1.4503894394738341,-1,11309588,23727,-2.316822504940056,0
895417,2016,0,3429225000,2407709000,,,,,,925068000,,776809000,,,272198000,138468000,,,,,,2091279000,,2091279000,0.7021146177343277,0.6098401242263194,2.26067597192855,0.04037880279071802,0.22652611012692372,,0.010882263378719333,0.06551146152242376,3392309000,729048000,0.03711483830040247,0.6325228627462888
896262,2016,0,681715000,271279000,175263000,175193000,17303000,,125010000,409568000,-67806000,,,,24047000,12776000,,,8217000,28347000,,91600000,95700000,95700000,0.3979360876612661,0.14038124436164673,0.23366083287756856,0.01874096946671263,,1.0003995593431245,0.01787703324563787,,669742000,,-0.14360455220069818,0.14931122730842622
899751,2016,0,1495724000,848373000,710001000,270097000,189360000,269791000,179384000,345059000,49297000,,1754884000,140643000,-97625000,-80461000,14005000,173614000,36564000,88704000,31222000,506665000,,537887000,0.567198894983299,0.35961648004578384,1.5588261717561345,-0.05379401547344296,,2.6286889524874395,-0.1787291123421466,,1821231000,,0.019330332066607697,0.28702344732765916
910521,2016,0,1278068000,,785765000,238498000,245088000,299911000,160154000,888849000,826449000,519000000,,878108000,224419000,161780000,20872000,653689000,,,67475000,,,67475000,,0.052794530494465086,0.07591278158607367,0.12658168422963412,0.4060816795350482,3.294639787335743,36.245169750837825,0,34315000,519000000,4.7145563164796735,0.15687017339355966
912767,2016,0,1023800000,341270000,648232000,204175000,87756000,304918000,282253000,752755000,565636000,2660329000,,325342000,97367000,57551000,,229775000,4267000,,,111896000,35000000,35000000,0.33333658917757375,0.03418636452432116,0.046495871830808166,0.05621312756397734,2.5984850556749364,3.174884290437125,0.11648256736464094,0.07686095801247385,916987000,2470448000,0.04698212733659256,0.03816848003297757
915389,2016,0,15580000000,11559000000,2878000000,2056000000,237000000,1479000000,792000000,171000000,4012000000,9527000000,,2221000000,1162000000,751000000,227000000,755000000,,450000000,431000000,4000000,7008000000,7008000000,0.7419127086007702,0.4498074454428755,40.98245614035088,0.04820282413350449,0.6114890885750963,1.399805447470817,-0.030612244897959183,0.01893048128342246,16072000000,9350000000,0.07248631159780985,0.4696988551518168
921112,2016,0,6557629000,3519838000,,,163414000,,14343000,3056059000,,792631000,,,257306000,224471000,,,151887000,236075000,,,,,0.5367546715436327,0,0,0.03423051227814199,0.12087158331159022,,-0.008225179196535277,0.22711594135587448,6612014000,645930000,0.03321136343631456,0
924719,2016,0,18850110,7459788,13507522,4528113,3572405,,6795215,10473751,6342386,29204239,22093834,7110405,1576879,1044304,,,103086,667900,,,,,0.39574241211324496,0,0,0.05540041941399811,1.5492874577389735,2.9830355382032208,0.15659634029283254,0.2996506983696246,16297916,22470837,-0.04938287815448306,0
924901,2016,0,4053963000,2370255000,,,221706000,,9617000,1455676000,-1115612000,0,,,88811000,28567000,,,112878000,173848000,,2154920000,,2154920000,0.5846760318236748,0.5315588721456017,1.4803568926052226,0.007046684935210311,0,,-0.03298565184732674,,4192247000,0,-0.0035563267145280325,0.4982182586092852
931948,2016,0,1399327000,369160000,591086000,68101000,286687000,102072000,,909229000,-191067000,,729470000,,98168000,70297000,,,,67406000,,255099000,,255099000,0.2638125327389524,0.18230120622270563,0.280566281981767,0.0502362921604457,,8.679549492665306,0.03909391986217958,,1346680000,,-0.200646033207592,0.21617310719695845
949961,2016,0,84304000,6000,,,2000,,,84298000,22340000,,,,-1518000,2081000,,,652000,,,20000000,,20000000,0.00007117100018978933,0.2372366672992978,0.23725355287195427,0.024684475232491933,,,-0.09424556276591173,,93076000,,0.05928488546993854,0.2148781640809661
99302,2016,0,76707000,37796000,26218000,15829000,65000,6520000,22049000,34318000,22814000,122166000,93047000,29119000,6302000,4124000,,,,2300000,,8700000,,8700000,0.49273208442515026,0.11341859282725175,0.2535112768809371,0.05376302032409037,1.592631702452188,1.6563269947564596,0.23424351156092615,-0.011793826441467677,62149000,123624000,0.06477980337575825,0.19578754284059277
101382,2017,0,20682532000,117749000,,,1787230000,,,55057000,1338110000,109081000,,,,247105000,,,57999000,424000,,79496000,,79496000,0.00569316174634711,0.0038436299772194238,1.4438854278293405,0.011947521705756336,0.005274064123290127,,0,,20682532000,,0.005833666787025882,0.0037119246328254202
1017303,2017,0,32042000,7933000,23167000,7424000,3131000,9707000,,25394000,24157000,59676000,,24978000,4468000,3092000,3599000,,37000,1426000,,,,,0.24758129954434804,0,0,0.09649834592097871,1.8624305598901443,3.1205549568965516,-0.016181031041788203,0.04264872892460907,32569000,57235000,0.11105652614449323,0
1027884,2017,0,9192060000,6278083000,2541752000,4536249000,535714000,190102000,42288000,1413538000,1370606000,10630812000,9277318000,1353494000,-514587000,-504415000,28226000,336282000,70503000,161135000,911410000,982000000,,1893410000,0.6829897759588166,0.20598320724625382,1.3394829145024754,-0.05487507696860116,1.156521171532823,0.5603202116991374,-0.018972596087655808,-0.18066517507223545,9369830000,12974930000,0.05801674096541773,0.27670758167437404
1032975,2017,0,1498677000,642566000,1027845000,507078000,537038000,253401000,185179000,758134000,1074110000,2018100000,,681047000,129058000,,113176000,,,,,,,,0.42875549568052357,0,0,,1.3465876903428824,2.026995846792801,0.13180560768555152,0.006579853040638274,1324147000,2004908000,,0
1041803,2017,0,991224000,458664000,512554000,367904000,157072000,282907000,,548265000,351060000,2802603000,,,146366000,89124000,,,6440000,34445000,16534000,88107000,,104641000,0.462724873489746,0.10556746002921641,0.1908584352457297,0.0899130771652018,2.827416406382412,1.393173219100635,0.057488333984112454,0.11321883389796578,937338000,2517567000,0.09909552370649648,0.08531714280227623
1050825,2017,0,1808600000,1025500000,819200000,523400000,176500000,163100000,307600000,663800000,817100000,3060000000,2075500000,971200000,174600000,170300000,33000000,,17600000,65700000,2800000,294600000,,297400000,0.5670131593497733,0.16443658078071435,0.44802651401024407,0.09416122968041579,1.6919163994249695,1.565150936186473,0.051756222377297045,0.00009804882831650162,1719600000,3059700000,0.05006978367062107,0.1739357990230286
1056285,2017,0,270146000,136333000,153040000,74441000,99138000,73191000,4000000,151062000,-31432000,561807000,359306000,202501000,26191000,16573000,,,346000,,,,,,0.5046641445736749,0,0,0.06134830795199633,2.0796421194465213,2.055856315739982,0,0.10674499281944601,270146000,507621000,0.06134830795199633,0
105744,2017,0,4205000,3569000,522000,556000,419000,,119000,636000,-58386000,791000,,,-3270000,-3246000,,,24000,396000,,359000,,359000,0.8487514863258027,0.08537455410225922,0.5644654088050315,-0.7719381688466112,0.18810939357907253,0.9388489208633094,-0.5261971830985915,-0.46877098723975824,8875000,1489000,-0.08777464788732395,0
1058623,2017,0,2412691000,2904429000,439927000,100791000,7271000,,231585000,541580000,-1887564000,,,,-478515000,-546494000,,477327000,141679000,102105000,,2332209000,,2332209000,1.2038130867152073,0.9666422264599984,4.306305624284501,-0.2265080774952118,,4.364744868093381,-0.19640932484409077,,3002388000,,0.003919879775698544,0.8061136668545171
1065201,2017,0,36045809,17975301,,,3073747,,,17521622,15379345,14002096,,,,1471323,,,,74465,,,,,0.498679361031958,0,0,0.04081814337971996,0.3884528156934971,,0,0,36045809,14002096,0.04081814337971996,0
1069202,2017,0,1677400000,1722300000,1005900000,888600000,37500000,418500000,,9000000,1353000000,3467400000,2520000000,947400000,305400000,186600000,62300000,580500000,23600000,62800000,52400000,367000000,,419400000,1.0267676165494217,0.2500298080362466,46.6,0.11124359127220698,2.06712769762728,1.1320054017555705,-0.049254661905571616,0.029696501752093603,1764300000,3367400000,0.11664682877061724,0.26078331349543726
1069258,2017,0,903300000,672200000,373100000,196500000,33500000,57200000,15600000,224300000,-678100000,657100000,495300000,161800000,-4500000,19800000,16200000,150700000,,25500000,,432000000,,432000000,0.7441603011181225,0.4782464297575556,1.9259919750334373,0.021919628030554632,0.7274438171150227,1.8987277353689567,-0.20146746817538896,-0.13879423328964613,1131200000,763000000,-0.06895332390381895,0.39347595473833097
1075706,2017,0,993095828,940152512,,,14947690,,,978941,90999689,,,,,7588901,,,3076879,,,,,,0.9466886130146949,0,0,0.007641660337334536,,,0.020124493676989954,,973504542,,0.007652515913993548,0
1076930,2017,0,416045000,368235000,199250000,98168000,51146000,44451000,57188000,-18830000,-127740000,154825000,215708000,106117000,57195000,60051000,41673000,102025000,,30758000,,225500000,77920000,77920000,0.8850845461428452,0.18728743284981192,-4.138077535847053,0.1443377519258734,0.37213522575682917,2.029683807350664,0,-0.5754799756516208,416045000,364706000,-0.058291771322813636,0.23028999266906225
107815,2017,0,13139600000,4900000,1010400000,814700000,24000000,,503200000,3443200000,2140800000,3854100000,1399000000,,648900000,376900000,,,119000000,304000000,159000000,2661100000,,2820100000,0.0003729185058905903,0.214626016012664,0.8190346189591078,0.028684282626563976,0.2933194313373314,1.240211120657911,0.04305718731146604,-0.050573976449721635,12597200000,4059400000,0.029998729876480487,0.22249388753056235
1083522,2017,0,4932000,,4899000,3115000,772000,1850000,1247000,1767000,-60860000,,,4099000,-85000,-183000,,,85000,15000,,,,,,0,0,-0.03710462287104623,,1.572712680577849,-0.0788195741501681,,5354000,,-0.20918939110945087,0
1084580,2017,0,36941276000,31570679000,,,4079968000,,,5439256000,,3274895000,,,,93534000,,,799654000,15236000,525842000,5483355000,,6009197000,0.8546179888317881,0.16266890726784858,1.10478289677853,0.0025319645157898716,0.08865137739151187,,-0.04207803075886478,-0.14855190684989203,38563972000,3846265000,0.00408567872624739,0.059917557247474405
1085277,2017,0,339597,6447804,93832,6447804,,,,-5662095,-29882199,108890,37055,71835,-841704,-2050847,,855891,1268509,57648,,,,,18.986634157545563,0,0,-6.0390610046614075,0.32064476423525534,0.014552551535375454,0,0,339597,108890,-6.0390610046614075,0
1090727,2017,0,38311000000,,13849000000,11730000000,2291000000,342000000,7695000000,2000000,4879000000,58363000000,,,7668000000,4844000000,,,341000000,2084000000,3681000000,23886000000,,27567000000,,0.71955835138733,13783.5,0.12643888178329984,1.5234005899089034,1.1806479113384485,0.08101015801354401,0.0022496222008517655,35440000000,58232000000,0.0855530474040632,0.08515801354401806
1090908,2017,0,42391000,37292000,18058000,28377000,9418000,,7042000,5099000,-311749000,27463000,13625000,13838000,-7780000,-9452000,3771000,,,3405000,,23818000,,23818000,0.879715033851525,0.5618645467198226,4.6711119827417145,-0.2229718572338468,0.6478497794343139,0.6363604327448286,-0.04120959898672336,0.02627055306427504,44213000,26760000,-0.31712392282812746,0.5654671702892814
1091983,2017,0,5724550,13374162,2294260,8338955,187136,1480794,170704,-7649612,-42746469,,11492807,28786483,-4073082,-5907140,,,632451,1085642,-1846580,5792768,,3946188,2.3362818038099062,0.6893446646461294,-0.5158677328993941,-1.0318959568874408,,0.27512560027005784,-0.2643326336340404,,7781438,,-0.3367527955629795,0.19289802219075702
1094348,2017,0,39935000,38912000,21479000,13277000,15407000,,6565000,331000,-279425000,46510000,13553000,33000000,-12240000,-16320000,13295000,,,6347000,700000,17056000,,17756000,0.9743833729810942,0.44462251158131966,53.64350453172205,-0.40866407912858393,1.164642544134218,1.6177600361527453,-0.12354051444122553,0.10482932275459059,45564000,42097000,-0.31235185672899657,0.4735536827319814
1095291,2017,0,1513833000,1278381000,115414000,324732000,20447000,,25424000,174090000,-276634000,543461000,184751000,,61714000,89961000,35529000,,,56345000,,377851000,,377851000,0.84446633149099,0.24959886592510536,2.170434832557872,0.05942597367080781,0.3589966660787551,0.35541307909291353,0.30802902174730135,-0.0008751013444571706,1157339000,543937000,-0.01076434821603696,0.19703129333756142
1098009,2017,0,,1342726,3927,174597,24276,,,-992370,-2143265,0,,0,,-1140953,,0,,,10000,,,10000,,,-0.01007688664510213,,,0.022491795391673397,NaN,-1,24276,43370,-27.191217663536,0
1098146,2017,0,756654000,694084000,,,73258000,,,58735000,-42902000,,,,,2143000,,,2690000,1039000,,141369000,,141369000,0.9173069857557087,0.18683440515744315,2.4068953775432025,0.002832206001686372,,,0,,756654000,,0.02076114049486291,0.019824120403777686
1101396,2017,0,344652000,192637000,232484000,82293000,612000,164247000,63013000,138207000,116679000,,,88319000,16119000,8093000,,81086000,6021000,9542000,,115795000,,115795000,0.5589319081276186,0.3359765792741664,0.8378374467284581,0.023481656859672944,,2.8250762519290826,0.06078429562053905,,324903000,,-0.002954728026518684,0.31459235525679974
1104506,2017,0,237956000,83473000,168407000,27989000,159226000,,,186237000,-765236000,0,,,-117493000,-118183000,74277000,,2889000,1982000,,55000000,,55000000,0.350791743011313,0.23113516784615643,0.2953226265457455,-0.4966590462102237,0,6.016899496230662,-0.3326265719830826,,356556000,,-0.22201000684324482,0.06177711215068601
1108205,2017,0,57752000,28486000,48201000,13547000,7747000,,2459000,29783000,-898948000,7878000,,,-56481000,-58981000,9800000,,3325000,200000,,18400000,,18400000,0.4932469871173293,0.31860368472087547,0.6178021018701944,-1.0212806482892367,0.13641086022994875,3.558057134420905,-0.39186015900594956,-0.199634257848217,94965000,9843000,-0.19722002843152742,0.21038277260043173
1108236,2017,0,651450000,578701000,,,22449000,,,76921000,42779000,,,,,3198000,,,1061000,,3500000,12000000,15500000,15500000,0.8883275769437409,0.023793076982116815,0.20150544064689746,0.004909049044439328,,,0.02648745745619564,,634640000,,0.01009076011597126,0.01733266103617799
1118237,2017,0,133027000,369000,,,52122000,,,132658000,117524000,,,,20602000,10609000,,,1737000,,,,,,0.0027738729731558256,0,0,0.07975072729596247,,,-0.9008971826988191,,1342313000,,0.005449548652214499,0
1120970,2017,0,43212891,19426442,7964371,2424154,5308804,,,22241100,-212028239,18492850,,,-12425513,-10454427,,,1216887,7727433,,9470295,,9470295,0.4495520098389159,0.21915439538632117,0.42580155657768726,-0.2419284328836041,0.42794753074956265,3.2854228732993036,-0.06980777370834843,-0.2771532247072619,46455872,25583361,-0.20748233936928362,0
1124140,2017,0,377040000,41745000,333573000,30692000,58131000,6833000,8526000,288984000,-745821000,,24501000,14936000,-159068000,-157803000,33914000,,,,,4678000,,4678000,0.1107176957352005,0.012407171652875026,0.016187747418542203,-0.418531190324634,,10.868402189495635,0.03573881273521413,NaN,364030000,1798000,,0.013155509161332858
1127371,2017,0,1443323000,1279290000,,,77328000,,,131045000,92904000,2263000,,,,10964000,,,1047000,1392000,,,,,0.8863504565506127,0,0,0.007596359234904453,0.0015679096085907313,,0.13047881472755526,,1276736000,,0.004146511103313449,0
1134765,2017,0,4943429,7160506,998293,7160506,376840,318912,536817,-545009,-35794206,2575448,,321863,-8286095,-5445562,,,39789,,,,,,1.448489702188501,0,0,-1.101575849476143,0.5209841185136875,0.13941654402635792,-0.4261087080765142,0,8613877,2575448,-0.632184787407575,0
1138978,2017,0,2891197,9979917,2572479,9968337,68079,,785780,-7076052,-8353593,7178246,4670615,2507631,121954,-340529,,,523340,,,427522,,427522,3.4518287754172405,0.1478702419793601,-0.06041815407800847,-0.11778132033202857,2.482793804780511,0.2580650112451054,40.40336531576686,,69830,,-39.67798940283546,8.143491336101961
1139812,2017,0,15585007000,16723108000,,,312081000,,,2578952000,838892000,,,,,158948000,,,28628000,,1569288000,311790000,,1881078000,1.073025376247826,0.12069792461434249,0.7293962819005549,0.010198776298271794,,,0.22728766791035962,,12698740000,,0.006780278988309077,0.11072051242879215
1141197,2017,0,58780000,60736000,1296000,3310000,659000,,301000,15037000,-101731000,,,,-5660000,-19619000,,3912000,13959000,5080000,,,,,1.0332766247022798,0,0,-0.33376998979244643,,0.3915407854984894,-0.03285782450598088,NaN,60777000,5326000,-0.3228030340424832,0
1161728,2017,0,1726403000,,275515000,126514000,65755000,,42299000,690458000,426874000,,,,128228000,75560000,,,,,4000000,398161000,,402161000,,0.2329473477513651,0.5824554136529666,0.04376730114579273,,2.177743174668416,0.021829855917742367,,1689521000,,0.021540424771281326,0.226567766840424
1162461,2017,0,91854000,30844000,87849000,28389000,9803000,14977000,20777000,80508000,-27046000,94761000,40478000,54283000,-4521000,-4440000,10733000,,,1186000,,,,,0.3357937596620724,0,0,-0.04833757920177673,1.0316480501665686,3.094473211455141,0.18493769189091566,0.21273900023036166,77518000,78138000,-0.13689723677081453,0
1163370,2017,0,1499492000,1339828000,,,68556000,,20491000,186594000,117141000,19296000,,,,17783000,,,2871000,2264000,,35108000,,35108000,0.8935212725376327,0.023413262624942314,0.18815181624275165,0.011859349699764987,0.01286835808393776,,0.03459691213089463,,1449349000,,0.012010909725676838,0.022040930100341603
1163389,2017,0,634335000,587418000,,,26338000,,,46087000,-14065000,,,,,958000,,,2620000,,,,,,0.9260375038426069,0,0,0.0015102430103967146,,,0.013479832177127903,,625898000,,0.004253089161492767,0
1167419,2017,0,17040815,2120456,13743490,1055140,41651965,,,16070636,-109855276,,0,,-5192364,-4272837,249164,4411327,30161,628572,,,,,0.12443395459665514,0,0,-0.2507413524529197,,13.025276266656558,-0.18317255847981878,,20862197,,-0.4197815311589666,0
1193311,2017,0,20811000000,13100000000,830000000,1773000000,4000000,89000000,635000000,7625000000,,3878000000,,,779000000,432000000,,,333000000,863000000,789000000,5875000000,,6664000000,0.6294747969823651,0.32021527077026574,0.8739672131147541,0.02075825284705204,0.18634376051126808,0.46813310772701633,0.07901695442526054,0.014652014652014652,19287000000,3822000000,0.02333177788147457,0.33841447607196556
1196501,2017,0,882755000,326145000,367635000,90157000,133116000,,173582000,606229000,366164000,,,,47572000,24527000,,105654000,7812000,,,,,,0.36946264818664293,0,0,0.02778460614779865,,4.077719977372805,0.03780638774883993,,850597000,,0.016396719010295123,0
1205181,2017,0,22638,8170835,22638,8170835,9508,,,-8148197,-15977470,41829,,27566,-1626975,2852511,,,1171708,,,,,,360.93449067938866,0,0,126.00543334216803,1.8477338987543068,0.0027705858703547435,0,0.26436538403409604,22638,33083,-298.6778867391112,0
1224608,2017,0,31975200000,27488300000,,,611600000,,,4688200000,650700000,3811900000,,,,270700000,,,94900000,283400000,,912900000,,912900000,0.8596756236082964,0.028550251444869775,0.19472292137707436,0.008465936100477871,0.11921426605619355,,31.448954739192207,-0.08029531691075349,985400000,4144700000,0.05216155875786482,0.1141668358027197
1228454,2017,0,1708208000,1577127000,,,32123000,,,102252000,28159000,,,,,7030000,,,13869000,,20000000,155000000,,175000000,0.9232640287365473,0.10244654046813971,1.7114579665923404,0.004115423882805841,,,0,,1708208000,,0.004443252812303888,0.132302389404569
1262823,2017,0,10890000000,6998000000,2408000000,1183000000,881000000,801000000,810000000,3524000000,3412000000,4463000000,,1185000000,960000000,646000000,,218000000,35000000,246000000,149000000,3679000000,,3828000000,0.6426078971533516,0.3515151515151515,1.0862656072644723,0.05932047750229568,0.4098255280073462,2.035502958579882,0.9553676998034757,29.17089856953571,5569285000,147924000,0.12183305397371476,0.136130221383894
1270200,2017,0,49000,,33000,757000,10000,,,-707000,-53448000,205000,58000,147000,-873000,-1201000,0,984000,333000,,,,,,,0,0,-24.510204081632654,4.183673469387755,0.043593130779392336,0,0,49000,205000,-24.510204081632654,0
1279704,2017,0,15324580,1784708,12193188,1632876,3912791,,,1649803,-70787026,,,,-9449752,-6180326,4750414,,,356665,,,,,0.11646048374572093,0,0,-0.4032949679534447,,7.467307989094089,1.0173532679188335,,7596379,,-0.7233749132316858,0
1286225,2017,0,788098000,403335000,297455000,250527000,26936000,,92367000,328780000,-119260000,,,269907000,-11615000,-9218000,68799000,,,45891000,,0,,,0.5117827985859627,0,0,-0.011696514900431165,,1.1873171354784116,0.2645968154736594,,623201000,,-0.0164858528789267,0.19678562775091824
1286459,2017,0,68703,282159,68703,271860,102,,,-213456,-2580855,,,,-2175106,-2283276,,,21796,,,98267,,98267,4.1069385616348635,1.4303159978458,-0.46036185443370065,-33.234007248591766,,0.25271463253145,,,,,,
1289460,2017,0,1179971000,421729000,200259000,279527000,86122000,16088000,56127000,-27000,530723000,1807368000,,,144565000,96894000,,,1959000,69694000,,,,,0.3574062413398295,0,0,0.08211557741673313,1.531705440218446,0.7164209539686685,0.14260108879003316,0.14235077881462416,1032706000,1582148000,0.08809574070451803,0
1289848,2017,0,1159543000,,180082000,135768000,256872000,,101778000,600634000,351483000,769023000,488635000,,103498000,59052000,,157902000,,58053000,,292065000,,292065000,,0.25187940421355653,0.4862611840155569,0.05092696001786911,0.6632121447846263,1.3263950268104414,0.003139506918334755,0.09620359983065657,1155914000,701533000,0.06838830570440362,0.26591597644807485
1294133,2017,0,214049000,48031000,161545000,33886000,56836000,18842000,30828000,19000,8639000,249438000,61553000,76258000,27590000,21002000,5313000,,6000,13926000,,,,,0.2243925456320749,0,0,0.09811772070880967,1.165331302645656,4.7673080328159125,0.2710748218527316,0.633270692691998,168400000,152723000,0.12184679334916865,0.0018705463182897863
1296884,2017,0,70758000,204304000,,,54529000,,1143000,297168000,86956000,41078000,,,76000,20183000,,,13636000,4343000,,,,,2.8873625597105628,0,0,0.28523983153848326,0.5805421295118574,,-0.879692728311434,-0.2829688072753932,588144000,57289000,0.03549470877880247,0
1297667,2017,0,4101000,122000,,,3132000,,111000,,,1657000,,,,794000,,,,,,,,,0.02974884174591563,0,,0.19361131431358206,0.4040477932211656,,-0.32726377952755903,-0.40180505415162454,6096000,2770000,0.20898950131233596,0
1308027,2017,0,234514,3057724,94952,2818493,,,17370,-2621028,-26814649,40193,20473,19720,-1076634,-1221298,,,168188,,,881673,,881673,13.038556333523799,3.759575121314719,-0.33638442626328297,-5.207782904218938,0.1713884885337336,0.033688925251898795,-0.44332588771758247,-0.1496784293813997,421277,47268,-2.9407681881517385,0
1314772,2017,0,101737000,86917000,73013000,42941000,923000,36140000,34137000,18966000,-57385000,194328000,,61751000,-2814000,-4322000,,,,5011000,,41206000,,41206000,0.8543302829845583,0.4050247206031237,2.172624696825899,-0.04248208616334274,1.910101536314222,1.7003097273002492,-0.10077074015803708,-0.05576179277370702,113138000,205804000,,0.4148208382683095
1318484,2017,0,332514000,108923000,237312000,100409000,74514000,134649000,,210622000,148585000,,,,24217000,15527000,,224218000,242000,18577000,,,,,0.3275741773278719,0,0,0.04669577822287182,,2.36345347528608,0.057251325880422754,,314508000,,,0
1324410,2017,0,3366427000,3014049000,,,32441000,,,206939000,-367944000,,,,,22454000,,,5351000,,,,,,0.895325815768469,0,0,0.00666997977380766,,,0.42131790882511266,,2368525000,,0.005704816288618444,0
1325618,2017,0,37194484,5305359,33856401,3661881,9454150,3886590,3775699,20890696,19869714,31593720,5840407,25753313,11513149,7529920,1764306,,,807262,,,,,0.14263832776924665,0,0,0.20244722308824073,0.8494194999452069,9.245631138750822,0.055336101050592515,1.0183737911386894,35244207,15653057,0.05817597201151384,0
1326190,2017,0,38400335,6193012,4487090,5470723,2876113,,,43134633,-31259449,3236175,,,-11091663,-11086812,7221460,,38499,,,525950,,525950,0.16127494721074698,0.013696495095680807,0.012193218382082907,-0.2887165437489022,0.08427465541641758,0.8202005475327484,0.9333182696932298,,19862397,,-0.5012182064430593,0
1326205,2017,0,11284302,3934017,3581363,1289711,1490693,0,752926,7359121,-52009459,580372,362135,218237,-2054385,-1867260,,2271690,223464,396346,,452080,,452080,0.3486274117796564,0.04006273493921024,0.06143124973757056,-0.16547412502784842,0.05143180322540109,2.776872493139936,0,0,11284302,580372,-0.2488628893484063,0.04006273493921024
1326771,2017,0,104635281000,99657186000,,,,,,4905359000,834407000,,,,,254436000,,,634979000,2691000,,,,,0.9524243166126729,0,0,0.002431646358363581,,,-0.11890388552617148,,118755808000,,,0
1337553,2017,0,248254000,142910000,237690000,19371000,85586000,,,28042000,-316623000,,,,-75086000,-74363000,44451000,30635000,,,,,,,0.5756604123196404,0,0,-0.2995440154035786,,12.270404212482577,0.5600997945037611,,159127000,,-0.30248166558786377,0
1340122,2017,0,2725200000,2506500000,640900000,498200000,5600000,357800000,182700000,,,59700000,,536400000,157200000,-139400000,,,104900000,151600000,,2025800000,,2025800000,0.9197490092470277,0.7433582856304124,,-0.05115220901218259,0.021906649053280495,1.2864311521477318,-0.07454070024111115,-0.6672240802675585,2944700000,179400000,-0.03810235338064998,0.6926681835161477
1345991,2017,0,8727414,310441,,,1533764,,,,,,,,-587270,-608288,,-52435,,,,,,,0.03557078878118994,0,,-0.06969853842157597,,,0,,8727414,,-0.0706998659625864,0
1347652,2017,0,650732571,216823091,,,7578164,,,406468436,,71288935,,,21563606,12319911,,,9781184,20662297,,200632880,,200632880,0.33319846072373716,0.30831848433786174,0.4936001475893198,0.01893237183604876,0.1095518161791843,,-0.04018859735018496,0.7685799742898366,677979621,40308573,0.010345231306001158,0.3198691306976615
1353283,2017,0,1718546000,913385000,1360373000,667373000,387315000,,4614000,813321000,-1020784000,668435000,114122000,554313000,-287923000,,215309000,,,19491000,,,,,0.531487082685014,0,0,,0.3889538016439478,2.0383998153955885,0.11823424574727737,0.4825284169670086,1536839000,450875000,,0
1353970,2017,0,2126500199,1394664068,1272910459,1033411732,119928485,280939008,410049559,578045598,617168735,999192894,817811445,181381449,135045298,83732279,21061345,,42704097,27540212,444757476,385309497,,830066973,0.6558494885896787,0.3903441783783252,1.4359887453030997,0.039375627164001975,0.46987669903340556,1.2317553784071034,0.2137681474673971,0,1751982208,999192894,0.04779288203821759,0.3553354230181771
1355677,2017,0,1499665,1196568,125942,1196568,125942,,,303097,-22944033,0,,,,-3806697,,,,226632,,,,,0.7978901954769899,0,0,-2.538364901494667,0,0.1052526893582312,0.09897530637115703,,1364603,0,-2.789600345301894,0
1356576,2017,0,309568000,117813000,151404000,80742000,36396000,16801000,41527000,40699000,-84288000,147465000,,,20844000,13944000,29135000,89063000,1229000,700000,,,,,0.38057228137275173,0,0,0.04504341534008683,0.4763573754393219,1.8751579103812142,0,0.5911543192559183,309568000,92678000,-0.0352911153607608,0
1358831,2017,0,1299826000,1521905000,82772000,86609000,725000,,,,,,,,-725697000,-701541000,,,76891000,,,1161394000,,1161394000,1.1708528679992554,0.8934995914837832,,-0.5397191624109688,,0.9556974448382962,-0.19421617734576474,,1613120000,,-0.1758362676056338,0.8850017357667129
1360530,2017,0,734184000,,285653000,134105000,12166000,241736000,10700000,551934000,365463000,20200000,,418915000,3300000,53171000,,328745000,,38495000,,120874000,,120874000,,0.16463720266309262,0.21900082256211795,0.07242189968727186,0.02751353884039968,2.1300697214868944,-0.019376485091980537,-0.9833477048685705,748691000,1213046000,0.08179743044860964,0.15414904146036215
1360901,2017,0,1479171000,879015000,925633000,463421000,352160000,,230522000,527298000,20343000,1240248000,,,0,42863000,,,16975000,27927000,,37597000,,37597000,0.5942619210354989,0.025417615677970972,0.07130123763033427,0.028977717924431996,0.838475064749106,1.9973911411006406,0.02254665564278189,0.3315925883775212,1446556000,931402000,0.06005574619993972,0.11620497236194105
1378125,2017,0,100,,100,558251,498,,,-538918,-631977,,,,-19333,-19333,,,,,,,,,,0,0,-193.33,,0.00017913089273463012,-0.7991967871485943,,498,,145.77911646586347,0
1383650,2017,0,15542000000,,958000000,856000000,0,97000000,,,,270000000,,,3000000,-319000000,3000000,,185000000,66000000,224000000,14209000000,14433000000,14433000000,,0.9286449620383477,,-0.0205250289538026,0.017372281559644834,1.1191588785046729,0.21108195312562703,0.0048455887278654845,12833153000,268698000,-0.03195130612095095,0.9110546722227967
1384195,2017,0,414102486,57499146,29123924,48443449,8622235,,12833883,142542530,-41355653,,,,-57032761,-9052771,,,0,,,,,,0.13885245306158342,0,0,-0.02186118486620242,,0.6011942708703503,0.6506903350030212,,250866245,,0.0335656955362807,0
1386570,2017,0,19752068,9777710,15736943,8869150,,7912630,5852030,9974358,-45223574,,10724177,10477305,-16376962,-11377618,4007381,,152784,510000,,,,,0.49502209085144905,0,0,-0.576021609484131,,1.7743462451305931,0.053488069816705335,,18749209,,-0.28738199035489975,0.17842539383928144
1388320,2017,0,22528886,4520557,22390478,4520557,20519294,,,18008329,-136551802,0,,,-26910788,-26601235,17699503,,,,,,,,0.2006560377641398,0,0,-1.1807612236130982,0,4.953035212253711,-0.15265378975244118,,26587581,0,-0.9285353564132066,0
1392902,2017,0,454725,149013,381173,149013,825,,,424640,-6976480,0,,,,-378640,51955,,-2996,,,,,,0.32769915883226125,0,0,-0.8326790917587553,0,2.557984873802957,-0.32687183586464164,,675540,0,-1.4410871302957633,0
1397911,2017,0,4834926000,4393743000,,,412332000,,,120000,718336000,4281481000,,,,238863000,,,,73383000,,2385022000,,2385022000,0.9087508267965219,0.49329027993396385,19875.183333333334,0.049403651679467274,0.8855318571576897,,0.06942286334999682,-0.021076388618965068,4521061000,4373662000,0.03938080021481683,0.4840102798878405
1403431,2017,0,314307000,116038000,108795000,54206000,21555000,18558000,45491000,197549000,12227000,350018000,,,4189000,1250000,200000,45269000,,17197000,,63454000,,63454000,0.3691868141657679,0.2018854177603426,0.32120638423884706,0.003977003375680466,1.1136182140391402,2.007065638490204,0.04127574143277411,0.03234312140910539,301848000,339052000,-0.023216983382364633,0.20797885028226126
1404281,2017,0,1196000,3898000,1150000,,1103000,,,2782000,-14390000,,,,-5128000,-5655000,3191000,,,35000,,,,,3.259197324414716,0,0,-4.728260869565218,,,-0.9824050372201135,,67974000,0,-0.34271927501691823,0
1405513,2017,0,18660756,2215078,,,15113447,,,,,-4405715,,,,-4548413,,,,,,,,,0.11870247914929064,0,,-0.24374216135723548,-0.2360952042886151,,0.41255930843413624,0,13210600,-4405715,0,0
1410738,2017,0,1179907,243337,124157,,,,,1938585,-31636143,,,,,-3474105,,,,,,,,,0.20623405064975459,0,0,-2.9443888374253224,,,-0.4047445597940859,,1982186,,-1.7526634735589899,0
1415311,2017,0,3393575497,37136,,,35899231,,,2118028,,,,,,-1244268436,,,,,,,,,0.000010943030450576122,0,0,-0.3666541195561915,,,-0.08614889055303185,,3713488403,,-0.06402031868685494,0
1415744,2017,0,2118593,1901428,7789,481978,5239,,4413,217165,-1002485,53685,,6391,-128424,-620235,,,27138,,66500,,,66500,0.8974956492351291,0.03138875659458896,0.30621877374346695,-0.2927579766382689,0.025339930793691852,0.016160488653009057,0.0025615423201052444,,2113180,0,-0.1452446076529212,0
1422841,2017,0,425656000,169190000,123620000,47738000,17802000,6246000,15473000,271969000,-8400000,100335000,53490000,46845000,-29945000,,,49437000,8507000,24142000,,115753000,,115753000,0.39748059465859753,0.27194025222245194,0.4256110071368428,,0.23571851448117728,2.5895513008504754,0.1360945482109399,0.4947040684076452,374666000,67127000,,0.36661986943037267
1424549,2017,0,877047,,178208,897325,,,,-20188,-15014166,0,,,-691926,-1457859,0,,30000,,,325710,,325710,,0.3713712035957024,-16.13384188626907,-1.6622358892966969,0,0.19859916975454825,,,0,0,,
1428522,2017,0,340282000,33104000,334809000,32725000,28518000,0,0,63464000,-628568000,,,,-99077000,-101526000,68280000,,1885000,176000,,0,,,0.09728401737382524,0,0,-0.2983584203689881,,10.230985485103131,-0.2947011700330594,,482465000,,-0.12949954919009668,0
1432196,2017,0,43750503,2621027,12861862,1657724,11722102,,,41129476,-170690951,,,,-15632970,-15635575,,,,,,,,,0.05990849979484807,0,0,-0.35738046257433886,,7.75874753577797,0.0357934126569138,,42238638,,-0.45275922485947584,0
1433994,2017,0,,,3542992,1200,7728516,,,0,0,1772,,,,-20401,,,,,,,,,,,,,,2952.4933333333333,,1771,,1,,
1435163,2017,0,34893,687475,15151,687475,13155,,,-425376,-3070393,0,,,-460926,-463806,,,2160,1600,,,,,19.70237583469464,0,0,-13.29223626515347,0,0.02203861958616677,1.3021046381210002,,15157,0,-128.6267071320182,0
1437226,2017,0,38477000,20334000,22684000,12257000,2568000,,17916000,12868000,9297000,123470000,99671000,23799000,4682000,2753000,,19117000,,219000,,8077000,,8077000,0.5284715544351171,0.20991761311952595,0.6276810693192415,0.07154923720664293,3.2089300101359255,1.850697560577629,0,0.08762101072029456,38477000,113523000,0.08896223718065338,0.21145099669932688
1438461,2017,0,85517,897624,,,122,,,-542063,-822025,0,,,-120032,-270033,,,,,108707,,,108707,10.49643930446578,1.2711741525076885,-0.200543110302677,-3.1576528643427624,0,,-0.4303537765698794,,150123,0,-0.6060230610899062,0
1439404,2017,0,1905849000,325185000,965476000,243640000,131303000,,77260000,-52261000,-1691768000,567315000,235985000,,25724000,-121510000,256012000,,,54315000,,,,,0.17062474519230011,0,0,-0.06375636264992662,0.2976704870113005,3.9627154818584795,-0.10297369424323294,-0.17829260873973435,2124630000,690410000,-0.10632439530647689,0
1441849,2017,1,1802160000,58346000,225157000,47200000,168745000,0,49311000,1007809000,347046000,887706000,,,4940000,-64353000,,47482000,41362000,72270000,,,,,0.032375593731966086,0,0,-0.03570881608736183,0.49257890531362364,4.770275423728814,-1.531142462042306,-0.2158157334021194,-3392988000,1132012000,-0.023271523506714437,0
1468780,2017,0,22001825,21721833,12522281,15858425,3496629,310564,,279992,-44274990,5171486,6406488,-1235002,-7769664,-15542414,440563,6094099,,37066,5000000,150000,,5150000,0.9872741465764772,0.23407149179670322,18.39338266807623,-0.70641476332077,0.2350480471506341,0.789629550223304,1.3138209572934578,27.230638637021187,9508871,183187,-0.4864771012247406,0.09464846036926991
1473287,2017,0,,244347,0,244347,0,,,-244347,-305557,0,,,,-16532,,,,,,,,,,,0,,,0,,,0,0,,
1479526,2017,0,209367633,44540834,60475890,3663931,54145781,1122843,24783720,85712176,42410980,101091303,,43465080,-338717,-18845494,306616,,,,,,,,0.21273982688623128,0,0,-0.09001149666720452,0.482841122820546,16.50573932751463,0.2093809407784637,0.5239473886294338,173119673,66335166,0.18825859843207998,0
1482541,2017,0,2117821,4228865,1356811,4216880,330557,747905,422589,-2847297,-14336212,7579863,5275968,2303895,-532917,-3272613,349062,2197758,373688,53084,,11985,,11985,1.9968000128433896,0.005659118499627683,-0.00420925530424118,-1.5452736562721778,3.579085767871789,0.32175708106467343,-0.31743391473455346,-0.036283685068598644,3102734,7865243,-1.7068888277241943,0.003862722360344135
1497055,2017,0,42835,450150,21494,447969,654,4417,15191,99303,-2924684,14611,15804,-1193,,-2081470,,,3187,,,2181,,2181,10.508929613633711,0.05091630675849189,0.021963082686323677,-48.592739582117424,0.34109956811019027,0.04798099868517688,-0.7779730157002389,0,192927,14611,-4.154934249742131,0.028839923909043316
1501585,2017,0,6024000000,4699000000,2142000000,1343000000,990000000,,1188000000,1365000000,1323000000,7020000000,,,769000000,404000000,19000000,,137000000,180000000,,1278000000,,1278000000,0.7800464807436919,0.21215139442231076,0.9362637362637363,0.06706507304116865,1.1653386454183268,1.5949367088607596,-0.034460650745311745,0.009055627425614488,6239000000,6957000000,0.05417534861355987,0.20403910883154353
1521847,2017,0,917464000,1841239000,178168000,42601000,83050000,,36391000,3000,1286000,284580000,,,-436539000,-540398000,,,,171629000,,376000000,,376000000,2.006878744016114,0.4098253446456755,125333.33333333333,-0.5890127569038132,0.31018110792358067,4.182249242975517,-0.6842866301239193,-0.49724667560591684,2906003000,566043000,0.03977353086008514,0.688429777945859
1528129,2017,0,1782346000,1601773000,154777000,187945000,29321000,,0,1563201000,-2218082000,606640000,,,-2471514000,-2209936000,,,103219000,277724000,,1353909000,,1353909000,0.8986880212932843,0.7596218691544739,0.8661131869797933,-1.2399029144733964,0.3403604014035434,0.8235228391284685,-0.017063487467786402,-0.23585909798018603,1813287000,793885000,0.1464594407835053,0.7810269416810466
1528172,2017,0,318679,8880545,302854,8721324,55533,,,-8561866,-18374283,,,,-4603886,-10810160,115159,,,14761,4221,7356144,,7360365,27.866740513180975,23.096485805465687,-0.8596683246385776,-33.92178336194101,,0.03472569073227872,-0.22152466148626035,NaN,409363,4265,-16.527473171732666,7.831804535339051
1536089,2017,0,57846,9016,2846,9016,2846,,,-7844,-168238,,,,-26201,-28499,,,2298,,,,,,0.15586211665456556,0,0,-0.4926701932717906,,0.31566104702750664,15.068333333333333,,3600,,-7.916388888888889,0
1547638,2017,1,1186076000,622447000,88190000,66639000,11348000,,51894000,,,451271000,,,-41594000,-94948000,,,35166000,106947000,,559846000,,559846000,0.5247952070524992,0.47201528401215437,,-0.080052205760845,0.3804739325304618,1.323399210672429,16.683096281718697,,67074000,,-0.8273399528878552,9.012702388406835
1551906,2017,0,545961,2143294,118091,2143294,16536,17163,,-1685240,-1905326,2724713,,,-376504,-637394,,,-139452,66105,,,,,3.925727295539425,0,0,-1.1674716692217941,4.990673326483027,0.05509790070797567,1.14544061302682,,254475,0,-0.3989311327242362,0
1555995,2017,0,4689,134233,4689,134233,1671,3201,,-129544,-244729,7761,,1854,-123266,-149855,,,1693,,,,,,28.62721262529324,0,0,-31.958839837918532,1.655150351887396,0.034931797695052634,1.8061041292639137,,1671,0,-8.414123279473369,0
1561679,2017,0,14832970,735703,,,1672868,,,12293128,,1509172,,,,8182,,,31650,,,,,,0.0495991699571967,0,0,0.0005516090169399655,0.10174442475107817,,-0.22430585745178022,-0.149552875834783,19122189,1774563,0.015032745466536284,0
1571398,2017,0,84934997,73659484,,,1229036,,,11275513,6152648,,,,,-327049,,,243486,,,,,,0.8672453829603362,0,0,-0.003850579991190204,,,-0.07285110243613171,,91608799,,-0.0008785509784927974,0
1574291,2017,0,3915058000,1175813000,67441000,33299000,26231000,,2581000,,0,,,,167637000,114903000,,,,,,992663000,,992663000,0.3003309274089937,0.25355001126420096,,0.02934899048749725,,2.0253160755578246,-0.03808630412434964,,4070072000,,0.03243259578700328,0.24355318529991607
1576263,2017,0,63444000,15135000,59555000,15002000,6593000,,,28062000,-389751000,,,,-64714000,-64544000,48959000,,,,,,,,0.23855683752600718,0,0,-1.0173381249605953,,3.9698040261298493,-0.5044095706039041,,128017000,,-0.34134529007866143,0
1584754,2017,0,4542739,1866375,4253806,543646,4329496,43544,,4185083,-6674813,254834,,,-4439166,-5406167,1758701,,,,,1322729,,1322729,0.41084794878156106,0.29117433337024207,0.3160580088853674,-1.1900677102514585,0.05609699346583636,7.824588059141426,4.457051629341236,,832453,0,-0.5361852260728234,0
1590717,2017,0,925358000,472928000,,,25320000,,5896000,113462000,,74951000,,,,10034000,,,24048000,24133000,,449716000,,449716000,0.5110757133995708,0.4859913676652712,3.9635825210202533,0.010843370889969072,0.0809967601728196,,0.3746356767870035,0.2725775506392516,673166000,58897000,-0.012096570533865347,0.5851528449149244
1594012,2017,0,23174675000,20051430000,,,230961000,,,3577855000,1053750000,,,,,181505000,,,136639000,13930000,,,,,0.865230256734992,0,0,0.007832040794531099,,,0.10943681277384444,,20888684000,,0.006305854404231497,0
1594879,2017,0,215219000,85253000,15184000,21489000,29390000,1878000,3148000,121269000,-18711000,226557000,,,5162000,1124000,,,3270000,,,0,,,0.39612208959246165,0,0,0.00522258722510559,1.0526812223827822,0.7065940713853599,0.08699758578542784,0.31923975007715466,197994000,171733000,-0.05059244219521804,0
1595627,2017,0,52882963,33569442,,,232635,,,14979,,,,,-1991529,-2492602,,,501073,622359,,27447459,,27447459,0.634787464537492,0.5190227143664398,1832.3959543360704,-0.04713431053399939,,,0.039221986268378466,,50887071,,-0.045343914567218854,0
1599489,2017,0,2483700000,1941900000,1948600000,867800000,57600000,,1048300000,512500000,19700000,8717700000,,,78600000,26700000,,853900000,27000000,56900000,,726900000,,726900000,0.7818577122840923,0.2926681966421065,1.418341463414634,0.010750090590651044,3.5099649716149295,2.2454482599677346,0.002745367192862045,0.17703368662661176,2476900000,7406500000,-0.007913117202955308,0.32116758851790544
1600890,2017,0,268646000,262533000,,,5815000,,,45545000,21912000,,,,,1422000,,,1640000,,,,,,0.977245147889788,0,0,0.005293211140311041,,,0.16443658461525124,,230709000,,0.0028520777256197203,0
1604416,2017,0,2078900000,1334100000,863800000,421200000,200000,315800000,,5000000,-9600000,1956100000,3238500000,224400000,78400000,20400000,,329500000,64800000,73100000,47700000,864500000,,912200000,0.6417336091202078,0.4387897445764587,182.44,0.009812881812496994,0.9409302996777141,2.050807217473884,0.21651354672596407,-0.5667072765533282,1708900000,4514500000,0.002867341564749254,0.5305752238281936
1606698,2017,0,15970950,18388986,3630097,9987022,342786,1212546,2067081,240000,-20433875,7769722,7524814,2438745,,-2997420,,,-1540226,289746,,147079,,147079,1.151402139509547,0.00920915787727092,0.6128291666666666,-0.18767950560235927,0.4864909100585751,0.36348142619491575,5.178336335276859,0.034054207140845616,2584992,7513844,0.04150728512892883,0.015289022171055076
1607549,2017,0,1676112,,257933,31584,,22699,5677,-8176,-525832,45554,6391,39163,-2000000,-515920,,,,19956,,,,,,0,0,-0.307807592810027,0.027178374714816194,8.166571681864236,,,0,0,,
1607962,2017,0,31763000,23503000,29335000,12398000,41829000,3264000,1254000,43853000,-106492000,3746000,3532000,214000,-25174000,-25415000,5937000,,,438000,,10518000,,10518000,0.739948997260964,0.331140005666971,0.23984676076893258,-0.8001448225923244,0.11793596322765482,2.366107436683336,0.24200359740361305,-0.051885598582637305,25574000,3951000,-0.8472667552983499,0
1615063,2017,0,239940000,485941000,44740000,58805000,,7684000,189000,-2329000,-378905000,45050000,,,-11897000,-49114000,5237000,58301000,58100000,39386000,,114161000,,114161000,2.0252604817871136,0.47578978077852796,-49.017174753112926,-0.20469283987663583,0.18775527215137117,0.7608196581923306,1.9514378505040022,,81295969,,-0.000004957195356143673,0
1629019,2017,0,2269442000,2512224000,,,229655000,,,110137000,145274000,9417000,,,,28383000,,,14290000,,,57006000,57006000,57006000,1.1069787198791596,0.025118949944523808,0.5175917266676957,0.01250659853831911,0.0041494781536606795,,,,,,,
1647088,2017,0,1699450000,1676319000,137508000,172655000,6279000,8938000,71434000,23131000,-1489117000,453335000,,162940000,-20772000,-71587000,,139355000,92028000,22675000,,37737000,,37737000,0.9863891258936714,0.022205419400394246,1.6314469759197614,-0.04212362823266351,0.2667539498072906,0.7964321913642813,2.388041908426701,,501602414,0,0.0011217250641062505,0
1647339,2017,0,20609004000,,11976222000,8878924000,4921305000,,4072180000,7894154000,20204932000,32914424000,23105185000,,4435869000,3226364000,625541000,,14578000,645923000,2773000,,27230000,27230000,,0.0013212671509986605,0.003449387990150686,0.1565511851033655,1.5970895051502731,1.3488370888184198,0.13219819073566608,0.032619811877001546,18202647000,31874678000,0.17151467036634838,0.0015071983761482603
1651932,2017,0,5833,,5833,57042,0,,,-35273,-407834,0,,,-17937,-21761,,,3724,,,14623,,14623,,2.5069432539002228,-0.4145663822186942,-3.7306703240185155,0,0.1022579853441324,20.057761732851986,,277,0,-94.93501805054152,0
1652923,2017,0,270575000,24443000,245180000,24443000,3120000,,,-2432000,-141562000,,,,-38573000,-38474000,27493000,11080000,,14000,,,,,0.09033724475653701,0,0,-0.14219347685484615,,10.030683631305486,3.1573011834760556,,65084291,,-0.2413143902881265,0
1656328,2017,0,62377000,40260000,10523000,9883000,74467000,,,1000,-85897000,,,,-20689000,-21162000,2407000,,,,,,,,0.6454302066466807,0,0,-0.3392596630168171,,1.0647576646767176,,,,,,
1659559,2017,0,0,765,0,765,0,,,-765,-32465,5100,,1530,-29399,-31483,,,,,,,,,,,0,,,0,-1,0,6060,5100,-5.1952145214521455,0
1660734,2017,0,4658997000,6906834000,,,65607000,,173585000,1663233000,945313000,0,,618000,281478000,127669000,,,140644000,300470000,,6876468000,,6876468000,1.4824723003685127,1.475954588509072,4.134398487764493,0.02740267916034288,0,,1.799827527147948,,1664030000,0,-0.008123050666153856,0
1674168,2017,0,2180000000,1866000000,,,48000000,,123000000,518000000,-66000000,1239000000,,,,326777744,,,27000000,22000000,10000000,583000000,,593000000,0.8559633027522936,0.2720183486238532,1.1447876447876448,0.149898047706422,0.568348623853211,,,,,,,
1680048,2017,0,27499000,3223000,27499000,3223000,0,,,0,-17120000,,,,-11363000,-12654000,100000,,,,,,,,0.11720426197316267,0,,-0.46016218771591694,,8.532112938256283,0,,27499000,0,-0.46016218771591694,0
1685766,2017,0,1398,1327,1398,,0,,,0,-481,0,,,-481,-481,,,,,,,,,0.9492131616595136,0,,-0.3440629470672389,0,,,,,,,
1687065,2017,0,,,4211,11150,4211,,,-6939,-26529,0,,,-26529,-25190,,,,,,,,,,,0,,,0.37766816143497756,,,,,,
16875,2017,0,,,,,,,,,,,,,,,,,,,,,,,,,,,,,,,,,,
1688667,2017,0,33263641,21959430,10581082,10181004,7554128,,3242866,16500048,-53642691,22803335,8582189,,-9450974,-10710942,3670684,,1266096,3398491,11578593,,,11578593,0.660163149307678,0.3480855568396737,0.7017308676920213,-0.3220014910574582,0.6855333425465961,1.0392965173179385,,,,,,
1692427,2017,0,326827000,149349000,75022000,17543000,20171000,17017000,32116000,177478000,21762000,114005000,54713000,,-5783000,28025000,3000000,37804000,,27271000,,24608000,,24608000,0.4569665296930792,0.07529365688881273,0.13865380497864524,0.08574872945013723,0.3488236895972487,4.276463546713789,,,,,,
1696411,2017,0,6677,8300,1827,,214,,,17890,-19601,36210,,,-18678,-18678,23970,,,,,,,,1.2430732364834507,0,0,-2.797364085667216,5.423094203983825,,,,,,,
1698702,2017,0,4583,5762,,,4583,,,7630,587,47000,25200,21800,3667,3667,,,,,,,,,1.257255073096225,0,0,0.8001309186122627,10.255291293912284,,,,,,,
1705843,2017,0,72167000,14691000,5465000,4254000,56664000,,0,2000,-54548000,508000,751000,,-25789000,-5889000,2766000,6670000,,,,,,,0.20356949852425624,0,0,-0.08160239444621503,0.007039228456219602,1.284673248707099,,,,,,
1709017,2017,0,241555000,207557000,,,3093000,,,34182000,34123000,,,,,171000,,,1633000,,,,,,0.8592535861398025,0,0,0.0007079133116681501,,,,,,,,
1713539,2017,0,75000,,75000,19859,0,,,5000010,327748,,,,-85806,337250,,,,,,,,,,0,0,4.496666666666667,,3.7766252077143863,,,,,,
25743,2017,0,142472020,,139410173,14982599,,1076321,4328802,129908715,-309702319,20142898,,15636225,-85190185,-85077024,72042774,28721236,,62400,,,,,,0,0,-0.5971489980980125,0.1413814305433446,9.304805728298541,0.932378271592641,0.34051673278553973,73728846,15026219,-0.735359536211919,0
26076,2017,0,1300300000,,782651000,520243000,191488000,66362000,428750000,-5372000,813035000,183200000,,,75387000,22885000,17992000,212518000,,37662000,240000000,201000000,,441000000,,0.3391525032684765,-82.09233060312732,0.01759978466507729,0.14089056371606554,1.5043950615385502,0.08848150008371003,-0.8689886380539378,1194600000,1398352000,0.05824543780344885,0.15585133098945253
29915,2017,0,79511000000,663000000,23659000000,12604000000,5654000000,7363000000,4666000000,25987000000,30338000000,48778000000,37745000000,10518000000,,7685000000,,2948000000,,2521000000,272000000,21091000000,,21363000000,0.00833846889109683,0.2686798053099571,0.8220648785931427,0.09665329325502132,0.6134748651130032,1.8771025071405902,0.15839391599527966,-0.16141454776763456,68639000000,58167000000,0.05495418056789872,0.244117775608619
310522,2017,0,3221917000000,3281897000000,,,22023000000,,,49000000,-124253000000,,,,,10954000000,,,88033000000,,35579000000,3226737000000,,3262316000000,1.0186162461664903,1.0125388084174731,66577.87755102041,0.0033998392882249916,,,-0.008084229425991695,,3248176000000,,0.00437414721369778,0.9844512735763087
315849,2017,0,414855470,410078896,,,12558697,,,34335382,30333410,,,,4201000,3373635,,,1316808,,,29057143,,29057143,0.98848617326897,0.07004160509200952,0.8462740563072809,0.008132073080776783,,,0,,414855470,,0.009723812970333982,0.06274129879497552
354190,2017,0,10913800000,8732500000,4416100000,4912300000,480400000,,,4105200000,1095900000,5594800000,,,,414400000,,,109800000,,578000000,2100000,,580100000,0.8001337755868717,0.05315288900291374,0.14130858423462925,0.037970276164122484,0.5126353790613718,0.8989882539747165,0.09028971028971029,39.483357452966715,10010000000,138200000,0.03531468531468532,0.05779220779220779
36270,2017,0,123449206000,102342668000,,,1373357000,,,16250819000,10164804000,-43941000,,,,1408306000,,,386751000,109587000,2132182000,750000000,,2882182000,0.8290265390609317,0.023347108445557763,0.1773561074060329,0.011407979408146213,-0.0003559439661361613,,0,-1.1062626809798,123449206000,413513000,-0.00003940892094518615,0.07822874940159599
45012,2017,0,27000000000,17552000000,11677000000,4023000000,2291000000,2275000000,117000000,9409000000,14141000000,4175000000,,,-165000000,-671000000,487000000,,,1835000000,170000000,12214000000,12384000000,12384000000,0.650074074074074,0.45866666666666667,1.3161866298225104,-0.02485185185185185,0.15462962962962962,2.9025602783992044,-0.2691245736560013,-0.7640976381512036,36942000000,17698000000,0.0947431108223702,0.4154079367657409
51548,2017,0,2172660000,,325587000,95318000,158847000,,,1346432000,965281000,647469000,,,85577000,56634000,,,9582000,94727000,,261343000,,261343000,,0.12028711349221691,0.19410040759577907,0.02606666482560548,0.29800751152964566,3.4157976457751946,0.02500255936910726,-0.009916599638506683,2119663000,653954000,0.03178760019871083,0.12396404522794426
56978,2017,0,982444000,182920000,780942000,125959000,587981000,87295000,,776990000,442981000,536471000,284524000,251947000,38591000,51912000,90033000,123323000,1183000,18972000,,,,,0.18618872933215533,0,0,0.05283965294713999,0.546057586997325,6.1999698314530916,0.0402309073659958,-0.05645400997943961,944448000,568569000,0.0666929253913397,0
69422,2017,0,12101000,207984000,,,5404000,,390000,-47545000,-45298000,69005000,,,13617000,-7136000,,,,5146000,,6112000,,6112000,17.18733988926535,0.5050822246095364,-0.12855189820170365,-0.5897033303032807,5.702421287496901,,-0.7781139409941874,-0.0534033855524157,54537000,72898000,0.0539450281460293,3.340942846141152
70145,2017,0,6564939000,,413031000,303737000,36886000,,,1527004000,1614361000,0,,,-611053000,-379427000,,,99471000,336158000,0,2086252000,,2086252000,,0.3177869588734945,1.3662387262901734,-0.057795967334959245,0,1.3598310380361958,-0.018358731387706745,,6687717000,0,0.044770584640468486,0.3138589745947683
706698,2017,0,92745000,14623000,49188000,5280000,19274000,5244000,3211000,37000,85617000,41414000,,26395000,19011000,8505000,447000,,65000,,,,,,0.15766887702841123,0,0,0.09170305676855896,0.4465362014124751,9.315909090909091,0.17139248500157878,0.0032947332719608508,79175000,41278000,0.1437069782128197,0
718332,2017,0,9546000,11625000,5126000,6743000,451000,79000,2780000,-2079000,-4405000,57113000,,,,-12491000,,,106000,2456000,1000000,,,1000000,1.2177875549968573,0.10475591870940708,-0.481000481000481,-1.3085061805992038,5.982924785250367,0.7601957585644372,-0.6017688039714655,-0.06081136636463798,23971000,60811000,-0.3706979266613825,0
720154,2017,0,21129000,13671000,4877000,13473000,438000,1453000,1649000,10728000,-16921000,20441000,16016000,4425000,-3040000,-3230000,496000,,399000,1556000,,4446000,,4446000,0.6470254153059776,0.21042169530029817,0.41442953020134227,-0.1528704623976525,0.9674381182261347,0.36198322571068065,-0.11278605920638253,-0.09943607366287778,23815000,22698000,0.04614738610119672,0.1869410035691791
720762,2017,0,242000,2987000,143000,2987000,40000,99000,,-2004000,-25530000,23000,,,-572000,-741000,,259000,,1000,,1925000,,1925000,12.34297520661157,7.954545454545454,-0.9605788423153693,-3.06198347107438,0.09504132231404959,0.04787412119183127,-0.5416666666666666,,528000,0,-0.7916666666666666,3.2670454545454546
723531,2017,0,6440800000,4529100000,4863600000,4365900000,152500000,,,1777000000,926200000,2739600000,,,1053600000,,,878000000,700000,106600000,,,,,0.7031890448391505,0,0,,0.42535088808843624,1.113997113997114,-0.004128333977580209,0.08761761086188416,6467500000,2518900000,,0
723646,2017,0,1127443000,1010950000,,,48593000,,,103521000,83081000,,,,,10204000,,,2371000,,24270000,,,24270000,0.8966750425520403,0.0215265871534082,0.23444518503492046,0.009050568410110312,,,0.08900651505126558,,1035295000,,0.00811556126514665,0.023442593656880405
750686,2017,0,3864230000,3472683000,,,60813000,,2700000,245109000,249415000,,,,,20952000,,,12692000,3614000,530129000,36083000,,566212000,0.8986739919725275,0.14652647487339004,2.310041654937191,0.005422037508119341,,,0.04175563118438193,,3709344000,,0.006623812728072673,0.13850508337862436
75252,2017,0,2717752000,1757714000,1962039000,1034638000,56772000,916300000,,-10323000,685504000,9772946000,,1214573000,200359000,103409000,,993783000,27149000,65982000,,569387000,,569387000,0.6467529046064542,0.2095066069310224,-55.157124866802285,0.03804946146668276,3.59596681374901,1.8963531206083675,-0.020197737668795172,0.035249744125695884,2773776000,9440182000,0.02397562023753901,0.20676543455563823
75340,2017,0,54051000,6461000,34536000,6163000,927000,19901000,212000,43642000,36061000,57276000,38345000,18931000,-10260000,6901000,,19610000,181000,1620000,0,101000,,101000,0.11953525374183642,0.001868605576215056,0.00231428440493103,0.1276757136778228,1.0596658711217184,5.603764400454324,0,0,54051000,57276000,0,0.001868605576215056
76282,2017,0,942100000,,552700000,241900000,58000000,240600000,194400000,226000000,193600000,1463800000,1228600000,235200000,97900000,48100000,,135100000,27900000,28700000,30800000,475000000,,505800000,,0.5368856809255917,2.2380530973451327,0.05105615115168241,1.5537628701836323,2.284828441504754,-0.02786090186771231,0.06172481322985421,969100000,1378700000,0.047053967598803016,0.5013930450933857
780571,2017,0,1577811000,927458000,732466000,413046000,131018000,163049000,369047000,631604000,-409536000,1883533000,1326848000,556685000,52846000,12678000,162334000,,12289000,75993000,69000,305292000,,305361000,0.5878131157660835,0.1935345868421503,0.4834690723934617,0.00803518292114835,1.1937633848414038,1.7733279102085482,-0.061003406502110315,-0.03290330332057243,1680316000,1947616000,-0.014086636085117323,0.18399872404952403
783325,2017,0,29355200000,27600000,2168700000,2431600000,61900000,,1241700000,4450100000,4613900000,5926100000,2240100000,,1250500000,,,,331400000,561800000,860200000,1890000000,,2750200000,0.0009402082084264457,0.0936869787976236,0.6180085840767623,,0.20187564724478116,0.8918818884684981,0.9694867494129487,0.18590782653939283,14905000000,4997100000,,0.20008050989600806
811830,2017,0,138360290000,-743000000,,,28000000,,,19621883000,3020149000,0,,,,-1401717000,,,1236210000,518207000,278200000,39003313000,,39281513000,-0.005370037891652294,0.28390742025764765,2.001923719553317,-0.010130919789196741,0,,0.04156016593262273,,132839460000,0,0.019342498080013273,0.007456368762715536
828146,2017,0,10471000,873000,9385000,873000,6009000,1268000,1726000,6663000,-50708000,11886000,4880000,7006000,2847000,2893000,623000,3536000,,65000,,,,,0.08337312577595263,0,0,0.2762868875943081,1.135135135135135,10.75028636884307,0.38468659084898177,0.13049267643142476,7562000,10514000,,0
829323,2017,0,27561139,,11826046,11970419,4257204,,10759250,10960444,-117521362,71530102,21364795,50165307,-857166,-772584,,4996482,,2209738,,0,,,,0,0,-0.028031642669049346,2.5953245981597495,0.9879391857544836,-0.0407686744980236,0.015502771255267531,28732526,70438116,0.08143293770968832,0
833795,2017,0,578213000,131158000,,,61495000,,,440057000,-159130000,69538000,,,7144000,5835000,,,,4193000,,102084000,,102084000,0.2268333641754855,0.17655085582648608,0.2319790390790284,0.010091436892632992,0.12026363986973658,,0.041241754620383896,0.1686076800268885,555311000,59505000,0.006997880466981565,0.2089099621653452
835011,2017,0,225336000,79044000,110901000,36995000,5641000,,,104365000,142652000,18772000,,58533000,32850000,26191000,,25683000,534000,12382000,,25264000,,25264000,0.3507828309724145,0.11211701636667022,0.24207349207109663,0.11623087300742004,0.08330670642950971,2.997729422894986,0.15967268797282694,0.15123267508892432,194310000,16306000,0.12184138747362462,0.18824044053316866
846617,2017,0,4054570000,3646583000,,,104558000,,,341128000,91594000,,,,,21111000,,,10129000,3600000,,,,,0.8993760127461112,0,0,0.005206717358437516,,,0.07208195540988149,,3781959000,,0.003639119302985569,0
850141,2017,0,10056972000,9696767000,,,,,,1501573000,1231177000,1171550000,,,,169459000,,,11948000,,,297469000,,297469000,0.964183553459232,0.029578386019171576,0.19810492063988897,0.01684990273414304,0.11649132561967956,,0.029547069688153963,0.08431872704655846,9768346000,1080448000,0.004801938833861945,0.025307150258600586
85408,2017,0,8675600000,,1580300000,483800000,339200000,,286200000,5113900000,3830400000,2137000000,,,307100000,93300000,,115800000,145300000,392700000,,2680200000,,2680200000,,0.30893540504403155,0.5241009796828252,0.010754299414449721,0.24632302088616348,3.266432410086813,0.03375713451616363,0.17134400350800263,8392300000,1824400000,-0.013691121623392873,0.32081789259201887
858800,2017,0,692135000,638062000,,,11546000,,,52839000,29960000,,,,,3986000,,,3945000,1133000,9500000,34500000,44000000,44000000,0.921875067725227,0.06357141309137668,0.8327182573477924,0.005758992104141533,,,0.1524155212747359,,600595000,,0.006916474496124677,0.08200201466878679
866787,2017,0,295410000,,4611255000,4766301000,189734000,,287680000,-72376000,-1642387000,1648184000,4860309000,5739620000,1953051000,1280869000,,3548341000,159329000,269919000,,5081238000,4947500000,4947500000,,16.747909684844792,-68.35829556759147,4.335902643783217,5.579310111370638,0.967470371678163,-0.9605970951945423,-0.8260549282118701,7497163000,9475313000,0.14268650688267015,0.6199144929888812
873799,2017,0,62974449,2984051,,,,,,,,,,,,-7794865,,,,,,,,,0.04738510693440128,0,,-0.12377821678122186,,,0,,62974449,,-0.20450880006905658,0
876427,2017,0,1185264000,604010000,199230000,185893000,7730000,142604000,,473611000,498651000,,,385703000,120589000,66805000,,,,,,182400000,,182400000,0.5095995491299828,0.15388976633053902,0.38512619005893023,0.05636297061245427,,1.0717455740668018,0,,1185264000,,0.05213943897730801,0.08716623469539275
877860,2017,0,2403633000,1194043000,,,3091000,,9212000,1049933000,,228948000,,,,148862000,,,37629000,,,,1115981000,1115981000,0.496765937229186,0.4642892654577467,1.0629068712003529,0.061932083641720675,0.09525081408018612,,0.12676388442250158,0.28978248990192046,2133218000,177509000,0.047631793843854686,0.4286683311316518
887733,2017,0,1101112000,,683296000,202219000,78676000,362004000,201151000,553014000,160501000,1146821000,1162685000,488052000,91435000,31971000,,389345000,2700000,33703000,,395269000,,395269000,,0.35897256591518395,0.71475405685932,0.02903519351346639,1.0415116718371973,3.378990104787384,-0.041450231430096095,-0.285183409926843,1148727000,1604357000,0.007664136039285226,0.34533096201273233
889123,2017,0,161150000,387000,,,56673000,,63000,,,7174000,,,1720000,5307000,,,,,,,,,0.002401489295687248,0,,0.032932050884269315,0.044517530251318646,,0,0,161150000,7174000,0.032932050884269315,0.16823456407074155
89439,2017,0,1338801000,511039000,894323000,218992000,352134000,242013000,244795000,898684000,1141831000,,,,137268000,87864000,,130358000,7667000,34608000,13655000,466247000,,479902000,0.38171393657459174,0.3584565592645957,0.5340052788299335,0.06562887240149955,,4.083815847154234,0.008060411295568995,,1328096000,,0.07647037563549623,0.18077081777220924
894627,2017,0,81032000,81390000,38475000,55554000,69051000,,,180463000,-39304000,,,,-103106000,-158656000,,,1325000,32998000,,6940000,,6940000,1.0044180077006615,0.08564517721394017,0.038456636540454274,-1.957942541218284,,0.6925693919429744,-0.3462947127252779,,123958000,,-0.6256151277045451,0.1210087287629681
896878,2017,0,4068000000,2714000000,1415000000,1944000000,742000000,,108000000,0,7297000000,5177000000,,,1395000000,971000000,998000000,,,,50000000,438000000,,488000000,0.6671583087512291,0.119960668633235,,0.2386922320550639,1.272615535889872,0.727880658436214,-0.18115942028985507,0.22012726844214,4968000000,4243000000,0.18256843800322062,0.10064412238325282
898293,2017,0,10322677000,7865180000,5848381000,6870593000,912059000,2456612000,,2438171000,1730893000,19063121000,17517478000,1545643000,522833000,254095000,29680000,907702000,138074000,760405000,445498000,,,445498000,0.7619322003391175,0.04315721590436279,0.18271811123994175,0.024615223357274476,1.8467226088736477,0.8512192470140496,0.07622054714541891,0.2094242116523981,9591600000,15762146000,0.02515878477000709,0.00025021894157387716
904163,2017,0,23766556000,16397601000,,,397018000,,,5246759000,4656134000,1733628000,,,,242988000,,,,,,,,,0.6899443486889728,0,0,0.010223946624828603,0.07294401426946336,,0.008517414786388228,-0.4317073090779161,23565836000,3050590000,0.010410621545528876,0
912562,2017,0,889772000,,391197000,152088000,110610000,89612000,0,387229000,211748000,-1536000,853897000,186976000,48732000,23448000,900000,133381000,15003000,30548000,,209637000,,209637000,,0.2356075489001677,0.5413773245288963,0.02635281847484524,-0.0017262849359161673,2.5721753195518384,0.09784557374662388,0.21904761904761905,810471000,-1260000,-0.10095857840687698,0.2582226877951216
915358,2017,0,136749341,76673463,94090884,45986309,2868217,67649022,26656871,56685387,37487702,,,25518531,4324320,2082659,,21194211,1004988,5119376,,27543808,,27543808,0.560686160820329,0.2014182137813739,0.4859066764420255,0.015229755293665364,,2.0460629706115356,-0.011402091397448471,,138326553,,0.006531009270504992,0.22593487889487132
916365,2017,0,2674942000,1221724000,1517809000,777194000,51134000,1369656000,,1293561000,2540449000,,,2143174000,650508000,410395000,,1369097000,2891000,123569000,,0,,,0.4567291552489736,0,0,0.15342201812226208,,1.9529345311466635,0.1282742807780917,,2370826000,,0.15643703924286304,0.06326908849489588
924095,2017,0,722923,,458485,10923871,214807,,,1915548,-27970096,192,,192,,-373921,,273688,,438,,,,,,0,0,-0.5172348922361026,0.00026558845132884136,0.041970927705023246,,,,,,
924901,2017,0,4296766000,2570079000,,,29549000,,9617000,1527171000,-1052184000,0,,,-96332000,-125752000,,,103051000,170402000,,1875773000,,1875773000,0.5981426496113589,0.4365546087452749,1.2282665137040973,-0.029266662415407308,0,,0.05989275185787339,,4053963000,0,0.007046684935210311,0.5315588721456017
941685,2017,0,11604000,10456000,8017000,8432000,7317000,79000,458000,1148000,-170481000,4293000,,3302000,-9727000,-10069000,5953000,,,68000,,,,,0.901068597035505,0,0,-0.8677180282661151,0.3699586349534643,0.9507827324478179,1.0429577464788733,0.12618048268625393,5680000,3812000,-1.6772887323943662,0
945394,2017,0,6394797000,3504839000,,,11834000,,,2990153000,3104767000,1921904000,,,335935000,166418000,,,144898000,329776000,,,,,0.5480766629495822,0,0,0.02602396917368917,0.3005418311167657,,0.07167100683461237,0.10688224879947383,5967127000,1736322000,0.033045215897030515,0
94845,2017,0,2987096000,2395975000,1686147000,761743000,298255000,716181000,52029000,509555000,935049000,4494493000,,2268981000,431047000,209436000,,1823863000,81214000,102044000,38922000,1006256000,1045178000,1045178000,0.8021084692289769,0.34989769327801984,2.0511583636702615,0.07011358188688947,1.5046362754996827,2.213537899265238,0.035605733611381245,-0.05458549362304354,2884395000,4753992000,0.036776516392519054,0.39957807443155324
1000753,2018,0,1063695000,,778935000,724729000,354260000,,12292000,172455000,296797000,2941347000,,491610000,106306000,65991000,,,2396000,16644000,,104400000,,104400000,,0.09814843540676604,0.6053753152996434,0.06203940039202967,2.7652165329347227,1.0747948543524546,0.17253691133123303,0.12971700106083314,907174000,2603614000,0.04342055658561643,0.11508266330384248
100378,2018,0,213922000,87331000,129434000,44523000,,66193000,31392000,122921000,169368000,,125687000,40595000,-24596000,-13104000,1805000,57113000,426000,8847000,,6323000,,6323000,0.4082375819223829,0.029557502267181495,0.051439542470367146,-0.06125597180280663,,2.907126653639692,0.014338685051541504,NaN,210898000,28769000,0.0029824844237498695,0.029801136094225644
1005201,2018,0,1038617000,869109000,230851000,310580000,101084000,13042000,72482000,315055000,-219508000,455897000,,,24509000,-88720000,24900000,204498000,83719000,109375000,,,,,0.8367945065409097,0,0,-0.08542128619115612,0.4389462140519556,0.7432899735977848,-0.15238256904019057,0.3301734576276132,1225337000,342735000,-0.06180993473632152,0
1005731,2018,0,469658000,364406000,371117000,362776000,90344000,,,145734000,-163370000,1496261000,1246594000,,26203000,23514000,,204655000,,20535000,,,,,0.7758965034131219,0,0,0.0500662183972167,3.1858522584518947,1.0229921494255407,-0.032992781284873644,-0.06294930350324435,485682000,1596777000,0.1739615633274447,0
1007019,2018,0,40000410,14408949,33316013,13050361,,16310572,6175000,24951549,12345490,90655294,3144000,15614492,2401163,1059276,,12532329,370705,740454,,,,,0.36022003274466435,0,0,0.026481628563307227,2.266359119819022,2.5528805678249054,0.08039449012020428,,37023893,,0.05975298167591398,0
1008579,2018,0,594097000,540293000,,,46891000,,,53804000,26539000,1748000,,,,12000,,,4175000,,10000000,30146000,,40146000,0.9094356645463619,0.06757482363991066,0.7461527024013085,0.00002019872175755811,0.0029422804693509646,,0,,594097000,,0.0022504742491545994,0.11395108879526407
1024478,2018,0,7101200000,,4420700000,2145800000,1427300000,558700000,,1990100000,6103400000,5879500000,3404000000,2475500000,,729700000,319300000,1467400000,71300000,172200000,350400000,1493400000,,1843800000,,0.25964625697065286,0.9264861062258178,0.10275728045964062,0.8279586548752323,2.060164041383167,0.10874826299436352,-0.06791483695049065,6404700000,6307900000,0.12921760582072542,0.30679032585445065
1032975,2018,0,2024124000,847785000,1350436000,717819000,604516000,293495000,383309000,-83848000,1365036000,2788322000,,1037011000,263194000,,161230000,,,,,,,,0.418840446533908,0,0,,1.3775450515877485,1.8813043399519935,0.35060723558178314,0.38165700411277936,1498677000,2018100000,,0
1035354,2018,0,24784000,,24506000,7807000,2212000,,,76000,-86145000,,,,-47565000,-47185000,3400000,,,,,15000000,,15000000,,0.605229180116204,197.3684210526316,-1.903849257585539,,3.1389778403996416,0,,24784000,,-0.39731278244028406,0
1037646,2018,0,2166777000,2002525000,1006723000,689673000,98887000,255390000,528615000,580457000,3433282000,2935586000,765608000,1437732000,,384370000,119196000,745358000,28026000,,19677000,960170000,979847000,979847000,0.9241952448267634,0.45221404879228455,1.6880613034212697,0.17739250508935622,1.354816854710937,1.459710616480564,0.10587367652800568,0.22548568179550624,1959335000,2395447000,0.1800712997011741,0.4562925686521192
1041657,2018,0,717400000,1048477000,173199000,111278000,15255000,,110354000,178700000,-799975000,9300000,1300000,,73640000,0,,149710000,76667000,33189000,,192000000,,192000000,1.4614956788402564,0.2676331195985503,1.0744264129826524,0,0.012963479230554782,1.5564532072826613,16.967341214185534,-0.978865605704923,39928000,440041000,2.8022189941895412,6.887397315167301
1043565,2018,0,17500161,311404,,,,,,,,,,,,-1970595,,,,,,,,,0.01779435057768897,0,,-0.11260439261101655,,,-0.23847262686755255,,22980344,,-0.14418570061440333,0
1043961,2018,0,27260000,14235000,1742000,10036000,51000,161000,730000,-6460000,-31542000,2033000,1431000,292000,-15511000,-20694000,500000,6488000,,743000,,516000,,516000,0.5221936903888481,0.01892883345561262,-0.07987616099071207,-0.7591342626559061,0.07457813646368305,0.17357512953367876,31.375296912114013,0.1799187463726059,842000,1723000,-2.6448931116389547,4.0570071258907365
1052054,2018,0,56530000,22117000,25169000,16175000,7614000,,10151000,29334000,-54661000,28812000,8680000,,5415000,2516000,2042000,,365000,,,5942000,,5942000,0.3912435874756766,0.10511232973642314,0.20256357810049772,0.04450734123474261,0.5096762780824341,1.5560432766615147,0.2919666323848703,0.12652486706287144,43755000,25576000,0.07532853388184207,0.09141812364301223
1052354,2018,0,133772645,6171022,,,7258493,,,,,1012437,,,-5609391,,,,31702,,,,,,0.04613067193221753,0,,,0.007568341046108492,,-0.0647538239115815,3.076309230948863,143034688,248371,,0
1054274,2018,0,9679000,1427000,9301000,1376000,5580000,101000,34000,8252000,-158427000,2216000,1720000,496000,-5296000,-25707000,,4778000,,1881000,,,,,0.14743258601095155,0,0,-2.655956193821676,0.2289492716189689,6.759447674418604,-0.8224004110167159,-0.8867365192946588,54499000,19565000,-0.5182296922879319,0.21176535349272463
1055454,2018,0,270117000,203313000,185761000,98629000,1030000,77162000,77888000,67407000,-55593000,,-445740000,243239000,24858000,6779000,,-224799000,15548000,20783000,,133935000,,133935000,0.7526849476338031,0.49584069125601127,1.9869598112955629,0.025096532243435252,,1.883431850672723,-0.1353682856017951,,312407000,,-0.06262663768737577,0.07307774793778629
1061164,2018,0,0,,0,444824,0,,,-396749,-602708,,,,,-48075,,,3395,,,,,,,,0,,,0,,,0,0,,
1061219,2018,0,56969800000,,6506400000,9295100000,344800000,1522100000,4358400000,,,23022300000,21487000000,,5408600000,4172400000,,,982600000,,,41800000,,41800000,,0.0007337220773111368,,0.07323880371705711,0.40411410958086563,0.6999817107938592,0.09150093880522665,-430.5205223880597,52194000000,-53600000,0.05363260144844235,0.0009579645169942905
1067983,2018,0,532307000000,355294000000,,,2910000000,17366000000,,348296000000,-84000000,25911000000,104343000000,,299000000,24074000000,,17973000000,2642000000,8901000000,1832000000,,,1832000000,0.6674606946743139,0.0034416229732090694,0.005259893883363576,0.04522578136301044,0.04867679741201975,,-0.036124485520328396,-0.8771658694528853,552257000000,210943000000,0.0813751568563187,0.0033172961139469486
1078099,2018,0,275344771,89804211,53847293,45832133,24158444,,26443675,102670362,-221435888,76124109,,,19222639,46268618,,,19388,4069211,,55637106,,55637106,0.3261518665266391,0.20206341961002774,0.5419003587422824,0.1680388475581401,0.2764683299542304,1.1748807981509393,0.31436082490899636,0.3377690966115727,209489484,56903773,0.02849607477194416,0
1080014,2018,0,367337000,,200369000,34742000,73336000,,,-242859000,-1498748000,133569000,,,108988000,59536000,1393000,,52416000,13954000,,124158000,,124158000,,0.3379948113040614,-0.5112349140859511,0.16207460724076256,0.3636143377879168,5.76734212192735,-0.030762857655489768,1.4758382917199577,378996000,53949000,-0.049499203157816966,0.32759712503562044
1082733,2018,0,2313,,2313,4931643,2313,,,-4929330,-43300856,0,,,-2056854,-1760109,,2056854,,,,,,,,0,0,-760.9636835278859,0,0.0004690120513589487,0,,2313,0,-760.9636835278859,0
1084048,2018,0,2453093000,1432788000,620427000,265102000,255530000,,234195000,890208000,723062000,874255000,147100000,727155000,242566000,152439000,38046000,,42700000,122091000,,1001944000,1001944000,1001944000,0.5840740648642346,0.40844109864566897,1.1255167331679787,0.062141549464288556,0.35638885276669086,2.340333154785705,0.1894776194669325,0.21287015392298994,2062328000,720815000,0.06479861593306205,0.2917799690446912
1093672,2018,0,1092166000,976191000,,,70094000,,,115975000,50286000,,,,,10268000,,,2377000,,,,,,0.8938119296883441,0,0,0.009401501236991447,,,0.0038373479192383027,,1087991000,,0.00843481242032333,0
1101680,2018,0,190007000,112153000,168751000,93471000,27709000,25344000,,16000,-15777000,282348000,-62000,238000,7180000,2767000,35306000,,,2702000,19800,45900000,24762000,24762000,0.5902572010504876,0.1303215144705195,1547.625,0.01456262137710716,1.4859873583604815,1.8053834879267365,0.30636589273068543,1.0284203569068078,145447000,139196000,-0.022956815884824025,0.12099940184397065
1103982,2018,0,4699000000,37016000000,7604000000,16737000000,,2592000000,2262000000,25637000000,22749000000,3202000000,15586000000,10352000000,410000000,3381000000,362000000,6475000000,,811000000,3192000000,15250000000,,18442000000,7.877420727814429,3.9246648223026175,0.7193509380972812,0.7195147903809321,0.6814215790593743,0.45432275796140287,-0.9252263577486752,-0.8919557295181536,62843000000,29636000000,0.02639912162054644,0.06468500867240584
1106213,2018,0,115894,,95586,1222017,62609,,,-1106123,-13677635,0,,,-1049829,-1277184,,,,20308,,,,,,0,0,-11.020277149809308,0,0.07821986109849535,0,,115894,0,-8.627254215058588,0
1108205,2018,0,73798000,49805000,64294000,14102000,26038000,,3073000,29451000,-952265000,9898000,,,-49760000,-53317000,7500000,,3966000,235000,5919000,18400000,,24319000,0.6748827881514404,0.32953467573646983,0.8257444568945027,-0.7224721537169029,0.13412287595869807,4.559211459367465,0.27784319157778087,0.2564102564102564,57752000,7878000,-1.0212806482892367,0.31860368472087547
1117171,2018,0,153131324,150935598,85244240,116916664,1644535,9832405,38394289,2195726,-163466713,24433304,27731901,-3298597,-13439060,-1943177,2481038,,,2466127,,,,,0.985661157086319,0,0,-0.012689611434431272,0.15955784461185746,0.729102568304549,0.6410733982566064,1.3562790830443754,93311685,10369444,-0.135590671200504,0
1120970,2018,0,30963913,19098814,7731508,1109485,1663170,,,18759470,-222604417,5070217,4561905,,-10213344,-12964704,,,753670,5893783,,10262953,,10262953,0.6168087993271393,0.3314488385237357,0.5470811808649179,-0.4187036696557053,0.16374600329099231,6.968555681239494,-0.2834565731785915,-0.7258282525408468,43212891,18492850,-0.2419284328836041,0.21915439538632117
1124198,2018,0,9327692000,,5601257000,3574170000,1949886000,,2000000,3342310000,3654931000,19036500000,18246209000,,744300000,281401000,92000000,,69689000,,27361000,1591598000,,1618959000,,0.17356480038148772,0.48438325589188314,0.030168341750563803,2.0408585532198105,1.567149016415,0.012073563945728585,0.050924674595098786,9216417000,18114048000,0.051539117641920935,0.1736240884065901
1126956,2018,0,6064400000,,725500000,1097900000,7400000,,,1573600000,614200000,,,,282300000,144200000,,,77200000,100000,477300000,1995000000,,2472300000,,0.40767429589077236,1.5711108286731064,0.023778114900072554,,0.6608069951726022,0.1490829164771866,,5277600000,,0.02593982113081704,0.12291571926633318
1130144,2018,0,2522502000,2249478000,,,4908000,,,273024000,164117000,,,,,17567000,,,9244000,3174000,56100000,,,56100000,0.8917646051420376,0.02223982379399501,0.2054764416315049,0.006964117372354908,,,0.07785504239203725,,2340298000,,0.008348936759335776,0.00935778264135593
1133869,2018,0,9247065,4631478,8471299,1255219,4259266,,,62736783,-66738914,1671356,,,-15327086,-15191095,12066800,,398807,157652,,,,,0.5008592456092825,0,0,-1.642801797110759,0.18074448487168632,6.748861354074468,-0.4317816828029416,-0.5820165867307154,16273789,3998618,0,0
1137547,2018,0,805836000,704484000,,,125751000,,,89635000,44182000,-94000,,,,7385000,,,1409000,,,,,,0.874227510312272,0,0,0.00916439573312684,-0.00011664904521515545,,0.02267085632484403,-1.0388269310202396,787972000,2421000,0.008642439071439087,0
1144215,2018,0,2899600000,1234000000,1245600000,600900000,756800000,328600000,0,1360000000,1659900000,3291300000,,1436200000,475200000,290800000,47100000,946000000,33300000,62600000,,356900000,,356900000,0.42557594150917366,0.1230859428886743,0.2624264705882353,0.1002896951303628,1.1350875982894193,2.072890664003994,-0.016417910447761194,,2948000000,,0.07533921302578019,0.12048846675712348
1145765,2018,0,223750484,11904920,,,23212966,,,,,,,,-13163377,20932576,,14882610,,,,,,,0.05320623127680028,0,,0.09355320992288893,,,-0.03036780494219789,,230758101,,0.024742290629268093,0
1166003,2018,0,12602000000,,3588000000,2997000000,397000000,,2725000000,3604000000,-43000000,14619000000,7887000000,,464000000,69000000,,,361000000,643000000,104000000,248000000,,352000000,,0.027932074273924773,0.097669256381798,0.005475321377559118,1.1600539596889383,1.1971971971971973,0.07724133214798605,0.917698604260678,11698400000,7623200000,-0.016335567257060795,0.13677084045681462
1168054,2018,0,5042639000,2474361000,935635000,679574000,779382000,,,2458357000,-199259000,1257345000,,,-571887000,-408803000,,,,,,750000000,,750000000,0.49068771331836364,0.14873164626696458,0.3050818087039433,-0.08106925758516523,0.24934265570071543,1.3767963459461368,0.1899404019704917,-0.13442891769968587,4237724000,1452619000,-0.6087239282218474,0.1769817949446448
1175151,2018,0,32747326,15812726,28264087,6538199,5245178,833133,3943119,25397,-169523815,14569834,7489400,15014508,-15584928,-8460799,7723028,20874376,,390551,,9941194,,9941194,0.4828707540884407,0.30357269475987136,391.43182265621925,-0.25836610293005297,0.4449167544244681,4.3229162954507805,0.35862377722691746,2.0406931607207257,24103307,4791616,0,0.4145547745792725
1205922,2018,0,5575000,6686000,4974000,6686000,5618000,,117000,-8621000,-216767000,724000,1033000,,-27281000,-29518000,22353000,,392000,206000,,1184000,,1184000,1.1992825112107623,0.21237668161434978,-0.13733905579399142,-5.294708520179372,0.12986547085201794,0.7439425665569848,,,,,,
1206264,2018,0,2694000000,2579300000,607400000,576900000,64600000,179100000,310800000,112500000,1416200000,3079700000,1790200000,1289500000,413400000,190600000,26700000,,82900000,72400000,,1753100000,,1753100000,0.9574239049740163,0.6507423904974017,15.58311111111111,0.07074981440237565,1.143170007423905,1.0528687814179234,-0.0017785682525566918,-0.023743105306536488,2698800000,3154600000,0.023899510893730547,0.6996072328442271
1271214,2018,0,140961000,19967000,130291000,19733000,19837000,11586000,16589000,130231000,-187762000,78708000,22613000,80802000,-26111000,-16363000,18890000,80045000,,1464000,,,,,0.14164910861869595,0,0,-0.11608175310901597,0.5583672079511354,6.602695991486343,0.08617859867310848,0.277872485509717,129777000,61593000,-0.20522896969416768,0
1275187,2018,0,707961000,192934000,153914000,71516000,18391000,54506000,44523000,545099000,-11007000,353890000,179574000,174316000,1018000,-43590000,25053000,,3385000,28115000,,91621000,,91621000,0.2725206614488651,0.12941532090044508,0.16808139438890918,-0.061571188243420186,0.49987216809965523,2.152161754013088,-0.025107615871241017,-0.0074158425283423176,726194000,356534000,-0.0046654199841915526,0.13263673343486726
1315399,2018,0,1137452000,1002672000,,,70720000,,,134780000,39184000,,,,,11870000,,,8280000,320000,,,,,0.8815070877716159,0,0,0.010435605194768658,,,0.1193355540575781,,1016185000,,0.010526626549299586,0
1320414,2018,0,-23800000,3553744000,2229324000,605403000,4070000,,691732000,803042000,-167114000,4217460000,,,-129879000,137840000,,,170081000,145311000,,705908000,,705908000,-149.31697478991597,-29.66,0.8790424411176502,-5.791596638655462,-177.20420168067227,3.6823801665997693,-1.00542304539089,,4388678000,,0.029789380765688437,0.6149890696013697
1326141,2018,0,4389475000,3806723000,,,1185040000,,704308000,-43790000,,1548918000,,,412628000,565597000,,,57546000,33778000,,1434260000,,1434260000,0.8672387927941269,0.32674978214934586,-32.753139986298244,0.128852994948143,0.3528709014175955,,0.29519181458896787,-0.4256568123340889,3389054000,2696851000,0.1609968445471804,0.14675275165282112
1356093,2018,0,26045000,19766000,8873000,12674000,1003000,851000,40000,4352000,-26231000,22475000,4776000,10223000,-4482000,-10620000,1257000,,2606000,1186000,1100000,,,1100000,0.7589172585909003,0.04223459397197159,0.25275735294117646,-0.40775580725667115,0.8629295450182377,0.7000946820261954,0.06658749334534583,0.6437504571052439,24419000,13673000,-0.19239117080961546,0.1228551537737008
1362190,2018,0,9104079,3229177,2134403,2769367,1960430,,172384,1,-42143101,5660427,2626815,3033612,-4573820,0,194429,,,,,,,,0.35469562599357934,0,0,0,0.6217462524215794,0.7707187238094482,1.0282669429220692,4.693076795421744,4488600,994265,-2.133990553847525,0
1364397,2018,0,17813000,5468000,3701000,1929000,1937000,,581000,9910000,,6042000,,,979000,1893000,,,,,,3300000,,3300000,0.3069668219839443,0.1852579576713636,0.3329969727547931,0.1062707011733004,0.3391904788637512,1.9186106791083464,0,,17813000,,-0.08679054623028125,0.3985853028686914
1366561,2018,0,116604000,84658000,77656000,78890000,22086000,,14870000,-39605000,-106633000,66964000,14133000,52831000,-15155000,-15184000,19640000,,200000,,,,,,0.7260299818188055,0,0,-0.13021851737504717,0.5742856162738843,0.9843579667892002,,,,,,
1379661,2018,0,11478800000,,1379900000,2885800000,68000000,164700000,864400000,,,9278700000,8611000000,2245800000,253600000,51000000,,,,815900000,1029400000,6225300000,,7254700000,,0.6320085723246333,,0.004442973133080113,0.8083336237237342,0.4781689652782591,-0.09934169746329904,,12744900000,,-0.022714968340277288,0.36234101483730746
1385329,2018,0,373246,3617857,12046,3617857,3132,,8914,-1736421,-6040454,957331,731565,225766,-226719,0,,,,,,,,,9.692955852172561,0,0,0,2.5648794628743508,0.0033295953930738554,-0.49658768437294315,2.862292529027781,741432,247866,3.253196517010326,0
1386278,2018,0,2197531000,1432981000,1321205000,1335976000,732676000,,35277000,663322000,410440000,718774000,,,63316000,41600000,,,,39460000,,20000000,,20000000,0.6520868192530618,0.009101123033076667,0.030151268916152336,0.018930335908799466,0.3270825303488324,0.9889436636586286,0.2626992134888275,0.03465380739887721,1740344000,694700000,0.02207322230547524,0.011491980895730959
1389518,2018,0,0,492,0,492,0,,171823,-6162728,-1044180,0,,,-492,6162236,,,,,,,,,,,0,,,0,-1,,16897678,,-0.21546475202095813,0.03654312740484225
1401708,2018,0,136762000,96653000,121921000,35919000,20583000,20057000,19564000,20215000,-313102000,50000000,30245000,,-41176000,-47089000,34720000,62700000,5700000,2977000,,60400000,,60400000,0.7067240900250069,0.4416431464880595,2.9878802869156567,-0.34431347889033503,0.36559863119872477,3.3943316907486287,0.08220901616642795,-0.2021319035537045,126373000,62667000,-0.3606862225317117,0.39023367333212
1401914,2018,0,14259828,967045,8349118,966653,44614,,,-710621,-12230952,224665,,,-11180488,-11503117,984749,,,,,,,,0.06781603536872956,0,0,-0.8066799262936412,0.015755098869355225,8.637140731989659,0,,14259828,,-0.8066799262936412,0
1403256,2018,0,1639433000,1289745000,,,469513000,,,-453831000,-3555905000,27656000,,,,-124680000,,,23776000,,,569379000,,569379000,0.7867018658280027,0.34730239052160106,-1.254605789379747,-0.07605068337650883,0.016869246867667054,,0.10358283604444131,-0.9790956937401217,1485555000,1322981000,0.017326857639064188,0.38849318941405736
1404644,2018,0,110329000,4946000,77165000,4627000,52032000,,,302759000,-230087000,25000000,,,-51119000,-50183000,36267000,,1000,,,,,,0.04482955523932964,0,0,-0.45484867985751704,0.22659500222063103,16.677112599956775,735.5283452161607,,149796,,-247.01594168068573,0
1411690,2018,0,10145153,17362227,7139365,16652251,1021897,1693742,3352214,-27258972,-54266036,9505043,6030512,,-23218808,-23365364,12009170,14079658,590927,1504042,,6729752,,6729752,1.7113814843403545,0.6633465261687034,-0.24688209078464146,-2.3031061236829053,0.9369048451018925,0.4287327280858306,,,,,,
1417663,2018,0,1177728,16533827,1083482,16487091,364549,357820,234774,-15356099,-116602778,1850060,693664,1156396,-7180258,-11631394,1663838,,4496148,,1883163,,,1883163,14.03874833577872,1.598979560645582,-0.12263290305695476,-9.87612929301163,1.570872051950875,0.06571699034110991,0.17202026132733586,0.3444587929477066,1004870,1376063,-6.407833849154617,5.393914635724024
1418121,2018,0,4928672000,1519662000,,,0,,,4453205000,,8900000,315363000,,257858000,0,,,,,,1412242000,,1412242000,0.30833092565299536,0.28653600807682067,0.3171293484131092,0,0.0018057602534719292,,-0.010283574935395069,-0.9013303769401331,4979883000,90200000,0.02355236056750731,0.2610503098165158
1420368,2018,0,124553,284071,8609,279071,0,,0,-462344,-3394701,2423,379,2044,,-44687,,,-19337,3056,,,,,2.280723868553949,0,0,-0.3587789936814047,0.019453565951843794,0.03084878041788649,0,,124553,0,-0.7062455340296901,0.6944834728990872
1423869,2018,0,1441999000,1299815000,,,76950000,,,98040000,15036000,2221000,,,,14002000,,,7014000,,,,,,0.9013979898737794,0,0,0.009710131560424105,0.0015402229821241207,,,,,,,
1430523,2018,0,1463532,,1463532,2262109,122954,341188,812748,-1801254,-23403963,5802037,5053453,748584,-910498,-2824292,,,,0,,,,,,0,0,-1.9297780984631698,3.9644073378648366,0.6469767814017804,6.7447029189509555,5.680310824751764,188972,868528,-4.7981976165781175,0
1433195,2018,0,110248000,25169000,53842000,23912000,10699000,,3387000,72697000,-67247000,105586000,44630000,,-8423000,9716000,12638000,,,9935000,,49815000,,49815000,0.22829439082795153,0.45184493142732746,0.6852414817667855,0.08812858283143458,0.9577135186125826,2.251672800267648,0.19080176706306773,0.4082451951931926,92583000,74977000,-0.16923193242819956,0
1433714,2018,0,279883000,68326000,119268000,57011000,48722000,,,118354000,-375334000,98708000,31866000,66842000,-59118000,-58686000,40460000,,,3168000,1859000,5113000,,6972000,0.24412343729344047,0.024910408992328936,0.05890802169761901,-0.20968047362647962,0.3526759395890426,2.0920173299889493,0.7808113714162096,,157166000,,-0.5085069289795503,0.03930875634679256
1434621,2018,0,693459000,398585000,438041000,147516000,368550000,,53444000,241142000,-708354000,384402000,13764000,,52112000,,13761000,,561000,4944000,,238199000,,238199000,0.5747780330199767,0.34349399171400186,0.9877955727330784,,0.5543254900433912,2.969447381978904,1.144097431568793,0.5121078138276112,323427000,254216000,,0
1437283,2018,0,477196,,65750,16218805,52719,,0,-10738295,-72112722,0,,,-3546850,0,1117131,,679515,41336,,,,,,0,0,0,0,0.004053936156208796,-0.22190680087201956,-1,613289,1050,-7.860762218138594,0
1448705,2018,0,2614765,2570721,650796,2570721,88338,380265,0,-180431,-15225303,9664,,3804,-2351556,-2935112,,,79851,18638,,,,,0.9831556564356644,0,0,-1.1225146428072885,0.003695934433878379,0.25315699369943295,1.9483269137094301,,886864,0,-4.1691319074852515,0
1449349,2018,0,15697,4278167,15028,4278167,,,0,-4262470,-64288167,0,,,-2489637,-7702845,104208,,5649546,0,,,,,272.5467923807097,0,0,-490.7208383767599,0,0.003512719349197916,-0.6262263072673588,,41996,,-234.66270597199733,0
1463172,2018,0,591370000,237186000,343978000,229347000,93677000,,57096000,311157000,-398043000,312844000,93900000,218944000,-98147000,-97620000,91067000,,0,27506000,,581051000,,581051000,0.40107885080406513,0.9825506873869151,1.867388488769335,-0.1650743189542926,0.5290156754654446,1.4998146912756654,0.24424292792745406,0.49852467811158796,475285000,208768000,-0.17684547166436979,0
1466225,2018,0,1101298000,864992000,,,78621000,,192000,236306000,-390361000,8142000,,,5326000,-30574000,,,36415000,58732000,,847525000,,847525000,0.7854295567593875,0.7695691810935823,3.5865572605012144,-0.02776178654642068,0.007393094330508182,,0.06407145997284985,-0.9311895203887598,1034985000,118325000,-0.016323908075962453,0.6011217553877592
1470550,2018,0,101171,,101171,679134,920,,,120830251,-116453218,0,,,-331708,-601364,,,71285,,,,,,,0,0,-5.944035346097202,0,0.14897060079454127,,,,0,,
1492658,2018,0,2128724000,1540028000,566894000,415295000,262300000,168144000,130610000,1055026000,-1408837000,,,497955000,-122958000,-432373000,50514000,541558000,,,58906000,1286542000,,1345448000,0.7234512318177462,0.6320443608471554,1.2752747325658325,-0.20311369628002504,,1.3650393094065665,-0.07066401348825148,,2290586000,,-0.13040374821115644,0.44724406767525865
14930,2018,0,3358200000,,1846700000,1035100000,422400000,827700000,,1281300000,1966800000,5159200000,3256100000,1262100000,479500000,276000000,139200000,598100000,27500000,103900000,5600000,437400000,,443000000,,0.13191590733130845,0.34574260516662764,0.08218688583169555,1.5362992079089988,1.7840788329629989,0.022376472737236277,0.364795513464896,3284700000,3780200000,0.0734922519560386,0.13547660364721284
1493566,2018,0,104992000,25255000,100069000,7490000,24156000,,108000,24000,-415218000,745000,946000,,-52053000,-110583000,31844000,20008000,,,,14764000,,14764000,0.24054213654373666,0.14062023773239865,615.1666666666666,-1.0532516763181956,0.007095778725998171,13.360347129506009,-0.18207597145617152,,128364000,,-0.7021439032750616,0
1497645,2018,0,2209874000,932498000,,,36545000,,16985000,1274502000,9201000,473935000,14841000,,132342000,107805000,,,28091000,72406000,,868236000,,868236000,0.42196885433287146,0.3928893683531278,0.6812354943342576,0.04878332429812741,0.2144624535154493,,0.2859281759436254,0.02261276715107184,1718505000,463455000,0.07241003081166479,0.3796404432922802
1498122,2018,0,127174,527005,107414,220489,91687,,,-99434,-934493,13948,,,-991043,-1164692,,,151551,0,,,,,4.143968106688474,0,0,-9.158255618286757,0.10967650620409833,0.4871626248928518,-0.47645845597770375,-0.00570287995437696,242911,14028,-1.0282943135551703,0
1499453,2018,0,1466753000,1267957000,,,89015000,,,77743000,27003000,,,,,3715000,,,10324000,2167000,12500000,67916000,,80416000,0.8644652507954645,0.05482586365938914,1.03438251675392,0.002532805455315244,,,,,,,,
1500435,2018,0,850246000,551541000,573687000,370531000,279672000,150551000,112935000,772033000,-442134000,1185481000,723561000,461920000,-372969000,-419003000,358902000,,2992000,41640000,,130048000,,130048000,0.6486840279166265,0.15295338055104052,0.1684487580194111,-0.49280208316181434,1.394280008374047,1.5482834094853062,-0.07846397294719501,-0.2682085049670642,922640000,1619971000,0.0391604526142374,0
1501364,2018,0,7114159000,6420831000,,,95176000,,,625521000,168345000,,,,,49661000,,,41053000,5500000,,74100000,,74100000,0.9025425211890822,0.010415848169825836,0.1184612507014153,0.0069805861803201195,,,0.07798127742623706,,6599520000,,0.007521759158241811,0.011212936698426552
1511161,2018,0,42101,,,111301,0,,,-164632,-572775,0,,,-55450,-269600,,,71,,,,,,,0,0,-6.403648369397401,0,NaN,,,0,0,,
1512228,2018,0,11351000,8460000,655000,6482000,238000,,,5011000,-74852000,,,,,-11408000,,,275000,,,6382000,,6382000,0.7453087833671043,0.5622412122279975,1.2735980842147276,-1.0050215840014096,,0.10104905893242826,-0.2554768463859373,,15246000,,-1.5161353797717434,0.3287419651056015
1515156,2018,0,82618000,9163000,36888000,6878000,26944000,74000,1113000,73455000,-15478000,-5900000,5900000,,-4142000,27873000,,,3024000,789000,,0,,,0.11090803456873805,0,0,0.33737200125880557,-0.07141300927158731,5.363186972957255,-0.22999925439904564,-1.0940403895503594,107296000,62739000,-0.28091447957053384,0
1515673,2018,0,719558000,110650000,522369000,74725000,113432000,7065000,11200000,39000,-1030283000,41693000,1146000,,-371373000,-302139000,10000000,127724000,,19538000,,,,,0.15377495629261295,0,0,-0.4198952690401608,0.05794251471041945,6.990552024088323,0.3309718733468239,312.4812030075188,540626000,133000,-0.2693507156518554,0
1517022,2018,0,996540000,360612000,468275000,265693000,187335000,114245000,16666000,292783000,-374050000,6824000,6251000,,-178161000,-73671000,291007000,87061000,,899000,,,,,0.36186404961165636,0,0,-0.07392678668191945,0.006847693017841733,1.7624664556461782,1.7358907554489125,,364247000,,-0.1666890873500674,0
1521466,2018,0,19689,,19689,141121,19689,,,-121432,-142832,,,,,-70307,,,,,,,,,,0,0,-3.5708771395195287,,0.13951856917113684,0,,19689,,-2.715170907613388,0
1522602,2018,0,8863219,1244306,8616733,1244306,3257458,,,8697974,-24242688,0,80000,,-15334330,-15705865,10034613,,231999,79128,,0,,,0.14038985158778092,0,0,-1.7720271833517822,0,6.924930844985076,-0.07548548069290457,,9586890,0,-0.6336777620271016,0
1522690,2018,0,818856174,685184431,,,114421491,,,67298498,-39449517,-390291,,,,-119451413,,,80135983,,,662152000,,662152000,0.8367579713699514,0.8086304054660519,9.839030880005673,-0.14587593864804882,-0.00047662948927096934,,0.27301379933444725,-1.0056175298839187,643242182,69477334,0.0006092712993128924,0.7173456792981279
1527102,2018,0,842766,945602,65373,945602,,,,-102836,-425661,412396,,,14696,-36486,,,65742,22646,,0,,,1.122022008481595,0,0,-0.04329315610738924,0.48933630450208004,0.06913373702678294,-0.046690089384893475,-0.0877385474019984,884042,452059,-0.02150010972329369,0.8933670572212632
1536577,2018,0,126041000,150540000,,,49566000,,,-18770000,-18311000,3000000,,,,8002000,,,9226000,913000,,9233000,,9233000,1.1943732594949263,0.0732539411778707,-0.49190197123068724,0.06348727794923874,0.02380177878626796,,0.04198839304905673,-0.9555067778008484,120962000,67426000,0.19129974702799227,0.43135860848861624
1550020,2018,0,205684,3834973,186709,3834973,6882,,,-3629289,-16949772,,,,-3348781,-1032891,,,,5123,180051,,,180051,18.644974815736763,0.8753767915832054,-0.049610543552745454,-5.021737227980786,,0.0486858708001334,0,,205684,,-5.021737227980786,0.8753767915832054
1551693,2018,0,168359000,101481000,136123000,64141000,67212000,20896000,3906000,180000,-362097000,68126000,26822000,22371000,-79774000,-64028000,10945000,,3428000,3321000,,35000000,,35000000,0.6027655189208774,0.2078890941381215,194.44444444444446,-0.3803063691278756,0.4046472122072476,2.12224630111785,0.8257620942817173,1.1637605208829602,92213000,31485000,-0.6943489529675859,0
1552797,2018,0,624593000,,32568000,36505000,4522000,20855000,21586000,,,15149000,509093000,,125757000,90182000,,17166000,41263000,1882000,,,,,,0,,0.14438522365764586,0.024254194331348573,0.8921517600328722,0.5030622288212886,-0.9743093159043463,415547000,589669000,0.1593345638399507,0
1555177,2018,0,300116000,251007000,96836000,48537000,5729000,27825000,,,,128399000,,,-89596000,-72770000,,20951000,21339000,19126000,,176351000,,176351000,0.836366604912767,0.5876094576763652,,-0.24247291047461647,0.4278312385877461,1.9950965243010488,0.20092515525961968,-0.5235976817874873,249904000,269518000,-0.037658460848966006,0.5362539215058583
1555280,2018,0,8586000000,6800000000,4217000000,1094000000,1154000000,1427000000,998000000,1770000000,2109000000,4888000000,1666000000,1557000000,,821000000,,1364000000,166000000,240000000,9000000,4953000000,,4962000000,0.7919869555089681,0.5779175401816912,2.8033898305084746,0.09562077801071511,0.5692988586070347,3.8546617915904937,0.12249967315989019,0.025813221406086044,7649000000,4765000000,0.04431951889135835,0.5841286442672244
1559356,2018,0,195545,11298931,192816,11298931,14718,178098,,-6494801,-373035183,113500,47673,65827,-4084823,-8625610,144099,3232323,,1733,,,,,57.78174333273671,0,0,-44.110613925183465,0.5804290572502493,0.01706497720890587,1.55818364970761,31.775050534218884,76439,3463,-259.2786535668965,0
1563407,2018,0,1809937000,,448643000,463376000,71671000,289712000,33019000,552249000,-78160000,,3896897000,673668000,-127410000,-138914000,,,,98372000,,617867000,,617867000,,0.3413748655339937,1.118819590438371,-0.07675073773286031,,0.9682050861503401,0.021549230509601485,,1771757000,,0.021595512251397907,0.3480093489118429
1566826,2018,0,48242745,27305278,12000178,10682912,3340050,706322,382282,2818731,-50014636,17116511,4803791,12312720,587489,-7089962,761722,,2967211,,266201,585641,,851842,0.5659976023337809,0.017657411492650345,0.3022076246367603,-0.14696431556703501,0.3547996906063285,1.1233058926255313,0.3630590537444455,1.2124874617389145,35392997,7736320,-0.3603234843322254,0.03841466152188242
1576018,2018,0,4671794000,2902079000,,,8197000,,,1414051000,594020000,689015000,,,,27635000,,,8231000,,,,,,0.6211915593881066,0,0,0.005915286504499128,0.1474840286194126,,0.19923535107417412,0.19880817746846455,3895644000,574750000,-0.022432747961569383,0
1576169,2018,0,313939000,324149000,228672000,78443000,190928000,,21077000,29000,-413873000,258721000,129277000,75397000,-39699000,-52627000,56584000,,,15665000,,176692000,,176692000,1.0325222415819635,0.562822713966726,6092.827586206897,-0.16763447676140905,0.8241123275540789,2.9151358311130373,0.9014045267065999,0.577778726414519,165109000,163978000,-0.15669648535210073,0
1585364,2018,0,10983400000,5315300000,2902200000,1537400000,678700000,878000000,1073100000,-19500000,-1838300000,3098300000,2900200000,1831500000,236500000,131000000,218600000,,,119100000,190200000,292500000,3242400000,3242400000,0.4839393994573629,0.29520913378370994,-166.27692307692308,0.011927089972139775,0.2820893348143562,1.88773253544946,-0.4393907686339763,-0.41326743173124264,19591900000,5280600000,-0.20481933860421908,0.30788744328013107
1588014,2018,0,471933,310878,354672,284194,,13679,284071,161055,79155,3617771,2165917,1451854,-130836,-353037,,,105998,33697,34628,,,34628,0.6587333371474341,0.07337482227350069,0.2150072956443451,-0.7480659330879595,7.665857229733882,1.2479925684567583,12.94930834712698,21.63426887559749,33832,159836,-20.340653818869708,0.44141641049893593
1591890,2018,0,114437000,67635000,,,23575000,,,46802000,910000,58220000,,,,804000,,,,,,,,,0.5910238821360224,0,0,0.0070256997299824354,0.5087515401487281,,0.2596396217900032,0.8049355158730159,90849000,32256000,0.0001210800339024095,0
1599489,2018,0,2708400000,2158700000,2114100000,907400000,54400000,,1174300000,530100000,6400000,8326600000,,,74200000,21000000,,827900000,27500000,54700000,,897700000,,897700000,0.7970388421208093,0.33145030276177817,1.6934540652707037,0.007753655294638901,3.074361246492394,2.3298435089266034,0.09046986351008576,-0.04486275049611709,2483700000,8717700000,0.010750090590651044,0.2926681966421065
1599617,2018,0,1603000000,564000000,1129000000,394000000,90000000,590000000,,1185000000,-730000000,2107000000,1762000000,,-222000000,-234000000,,,,53000000,,162000000,,162000000,0.3518402994385527,0.10106051154086089,0.13670886075949368,-0.14597629444791016,1.314410480349345,2.8654822335025383,-0.125,-0.20430513595166164,1832000000,2648000000,-0.2740174672489083,0.05458515283842795
1603345,2018,0,2265,55398,2125,9651,2125,,,-53133,-43897941,0,0,0,-134376,-42788953,,,,,,50000,,50000,24.458278145695363,22.075055187637968,-0.9410347618241017,-18891.369977924944,0,0.2201844368459227,0.7599067599067599,-1,1287,43143,-229.71017871017872,69.15306915306915
1610114,2018,0,1791707000,1963806000,,,72422000,,2672000,821000,-616504000,45803000,,,219085000,12208000,,,7262000,95986000,,121094000,,121094000,1.0960530935024533,0.06758582737021177,147.49573690621193,0.006813614056316128,0.02556388963150783,,-0.3650319945792082,-0.8820962834446223,2821728000,388478000,-0.029210824005715647,0.6822408113042788
1611277,2018,0,5405249,4862288,1519714,4808995,57841,,610313,-438558,-18241708,9563573,5969039,3594534,-10165321,-8181580,,2491518,,3086531,,,,,0.8995493084592403,0,0,-1.5136360970604685,1.7693122000485084,0.31601488460686694,7.05012592170068,3.5077172888386126,671449,2121600,-10.812088483265297,0
1625941,2018,0,12548000,1942000,,,201000,,,10605000,-266000,0,,,,-175000,,,15000,0,,,,,0.1547656997131017,0,0,-0.013946445648708958,0,,3.9598837581594197,,2529898,0,0,0
1628063,2018,0,2876076000,1725618000,,,532857000,,,780770000,-344132000,57503000,,,,-73472000,,,90020000,173100000,,1202314000,,1202314000,0.5999904035915602,0.41803971800467027,1.5399080394994684,-0.025545917423600767,0.01999356067085849,,0.060407331660175714,-0.6872593382208976,2712237000,183868000,-0.019009400727148844,0.4302245710828368
1629019,2018,0,2718512000,3025659000,,,446801000,,,148200000,192008000,16419000,,,,33127000,,,18968000,,,56612000,56612000,56612000,1.1129834997969477,0.02082462759038768,0.3819973009446694,0.012185710418052229,0.006039701130618515,,0.19787683492241706,0.7435489009238611,2269442000,9417000,0.01250659853831911,0.025118949944523808
1630176,2018,0,1122743,2301870,147709,2301870,,48466,16000,-11012899,-11012899,67131,28590,38541,-3323259,-3329517,,,,3094,,,,,2.050219863316894,0,0,-2.965520159110322,0.0597919559507385,0.06416913205350433,6.680393753035578,-0.47596893173568555,146183,128105,-24.36723148382507,0
1631569,2018,0,385766000,154911000,,,2130000,,2417000,283374000,,25197000,,,,2721000,,,1178000,13201000,,93353000,,93353000,0.40156727135102627,0.24199385119476574,0.32943389301770803,0.007053498753130136,0.06531679826630651,,0.5336839887249581,,251529000,,-0.005788596941108183,0.20275992032727835
1632790,2018,0,1823600000,1738500000,1020200000,582000000,378000000,317100000,230200000,-60100000,198700000,1634200000,,712400000,,127700000,26600000,361400000,54300000,34300000,,992000000,,992000000,0.9533340644878263,0.5439789427506032,-16.505823627287853,0.070026321561746,0.8961395042772538,1.7529209621993127,0.05319087496390413,0.0015935278254474135,1731500000,1631600000,-0.002310135720473578,0.5752237943979209
1635136,2018,0,1843177,4007509,1066744,2495155,25798,,369232,-1416833,-8059437,791876,311292,480584,-5215731,-5573819,,,,31320,690139,,,690139,2.1742399129329413,0.37442904289712814,-0.4870997499352429,-3.0240280776073054,0.42962558669080614,0.42752614567030905,0.1279089975608174,27.848992677328866,1634154,27449,0.04639648405229862,0.2899592082508748
1636222,2018,0,119836000,178254000,15908000,19125000,4063000,216000,4567000,-14810000,-58971000,103324000,25308000,,26607000,13769000,,34552000,,3008000,,320000000,,320000000,1.4874828932874928,2.67031609866818,-21.60702228224173,0.11489869488300677,0.8622116893087219,0.8317908496732026,11.14882400648824,0.32519334607343947,9864000,77969000,1.0245336577453366,13.55940794809408
1637459,2018,0,120946000000,63128000000,9039000000,9641000000,3242000000,3094000000,936000000,985000000,705000000,,24000000,9146000000,5601000000,3596000000,120000000,3545000000,1134000000,1337000000,909000000,794000000,,1703000000,0.5219519454963372,0.014080664098027218,1.7289340101522843,0.02973227721462471,,0.9375583445700654,0.0038678618857901728,,120480000000,,0.005262284196547145,0.010748671978751661
1651992,2018,0,68955,197312,0,36998,17,,0,414,-730756,244,,,-89780,-261468,,20684,7489,22416,,,,,2.861460372706838,0,0,-3.791864259299543,0.003538539627293162,0,-0.24532948090750895,-0.7434279705573081,91371,951,-2.8616081688938504,0
1662907,2018,0,141685,744204,141685,744204,,,,-602519,-3041165,0,,,-1633637,-716413,95000,,,,,,,,5.252524967357165,0,0,-5.056378586300596,0,0.19038462572090448,8.71509873834339,,14584,0,-41.87122874382885,0
1672571,2018,0,65253,,30153,2000,6092,,,23791,-134,,,,1556,1556,,,,,,,,,,0,0,0.02384564694343555,,15.0765,1.5300686285913692,,25791,,-0.04827265325113412,0
1674227,2018,0,5663192,8570882,5663192,8570882,30011,,32181,17494,-31316659,150089,,140000,-3583299,0,,,12000,,,,,,1.513436591943201,0,0,0,0.026502544854562587,0.6607478670223205,-0.4194770283479961,-0.7462308031766589,9755328,591439,0,0
1674335,2018,0,2536046000,2070903000,1145241000,577521000,220175000,405353000,453251000,792037000,233658000,3666942000,2890894000,776048000,209320000,377181000,,552881000,65000,107995000,,1273703000,,1273703000,0.8165873174224758,0.5022397070084691,1.6081357310327673,0.14872798048615837,1.445928819903109,1.983029188548988,0.16205891476846535,0.08455395645152704,2182373000,3381060000,0.04166015616945407,0.7423272740269422
1680062,2018,0,103047000,50723000,96028000,46140000,27124000,15388000,24608000,52324000,-3387000,74643000,40194000,34449000,6471000,6574000,10380000,,498000,417000,9447000,,,9447000,0.49223170009801354,0.0916766135840927,0.1805481232321688,0.06379613186215999,0.7243587877376343,2.08123103597746,1.3173814289248207,1.727083409447956,44467000,27371000,0.023185733240380507,0.10706816290732453
1688016,2018,0,48676000,15628000,,,2659000,,,3745000,-6477000,1558000,,,,-1869000,,,1157000,655000,,9000000,,9000000,0.32106171419179885,0.18489604733338813,2.403204272363151,-0.03839674582956693,0.03200756019393541,,,,,,,
1689923,2018,0,291416000,137912000,242339000,130840000,119716000,,49797000,-52911000,-103546000,85790000,16026000,69764000,-23022000,-24258000,17481000,,0,1677000,,173647000,,173647000,0.4732478655942021,0.5958732533560271,-3.281869554534974,-0.0832418261179894,0.29439015016334036,1.8521782329562826,0,4.240684178375076,291416000,16370000,-0.0832418261179894,0
1690585,2018,0,157313000,11665000,52503000,10419000,58345000,,,33000,-102726000,0,,,-9268000,-57515000,5782000,,163000,875000,,,,,0.07415153229548734,0,0,-0.36560869095370374,0,5.039159228332854,,,,,,
1693801,2018,0,201405,12630,201405,12630,,,,2370,-68498,,,,,-37055,,,,,,,,,0.06270946600134059,0,0,-0.18398252277748814,,15.946555819477435,,,0,,,
1698113,2018,0,302291000,10936000,1888000,436000,26000,,,-135000,-41000,0,,,-154000,119000,,,,,,,,,0.03617706117615146,0,0,0.0003936604133103533,0,4.330275229357798,2014.2733333333333,,150000,0,0.7933333333333333,0
1698538,2018,0,94593010,212909330,,,8159408,,,53298946,-22263678,8422326,13787526,,-8188671,-15720781,,,,14699171,,203735898,,203735898,2.250793478291895,2.153815572630578,3.8225127003449564,-0.16619389741377297,0.08903750921976158,,,,,,,
1700849,2018,0,41989,12224,,,27842,148,,-3316,-5316,15284,1102,14182,-529,-529,,,,2251,,,,,0.2911238657743695,0,0,-0.012598537712257973,0.3640000952630451,,,,,,,
1703157,2018,0,155617,100,155617,100,195900,,,195800,-221291,,,,-168467,-168467,,,0,,,,,,0.0006426033145478965,0,0,-1.0825745259194046,,1556.17,,,,,,
1703644,2018,0,3361881000,2533350000,,,91700000,,,0,,,,,,63075000,,,91523000,,,,,,0.7535513600868086,0,,0.018761818160726095,,,1.2478371657795129,,1495607000,,0.00009227022874324605,0
1705012,2018,0,29236000,27227000,1180000,6725000,,,918000,2009000,-613000,18367000,,,4236000,-2478000,,,3816000,358000,0,14561000,,14561000,0.9312833492953893,0.4980503488849364,7.247884519661524,-0.08475851689697633,0.6282323163223423,0.1754646840148699,0,,29236000,,,0
1708599,2018,0,10671000,2440000,7853000,,6707000,,131000,7447000,-74054000,1396000,364000,1032000,-11245000,-7502000,5830000,,,,,,,,0.22865710804985476,0,0,-0.7030268953237747,0.13082185362196608,,,,,,,
1719881,2018,0,1167014,239958,1157262,239858,1089715,50267,1403,0,-779648,35213,34275,938,-639703,-779648,,,139945,139945,40172,,,40172,0.20561707057498882,0.034422894669644065,,-0.668070820058714,0.03017358832027722,4.824779661299602,,,,,,
1720116,2018,0,39827000,3549000,13149000,,226000,,2265000,17736000,-4784000,16302000,,,-7491000,-4784000,,,,1996000,,,,,0.0891104024907726,0,0,-0.1201195169106385,0.40932031034223015,,,,,,,
1722731,2018,0,788717,1160034,249594,1160034,210064,,90626,-371317,-779804,536396,8640,527756,-78945,-141088,17752,,,8640,1000000,,,1000000,1.4707860994501196,1.26788188919473,-2.6931166631207297,-0.17888291998270608,0.6800867738364965,0.2151609349381139,,,,,,
1731348,2018,0,656667000,459014000,554302000,25937000,487255000,16211000,16525000,31495000,-108177000,,28855000,14275000,-57650000,-7883000,4264000,,567000,1598000,,420367000,,420367000,0.6990057365453114,0.6401524669276818,13.347102714716621,-0.012004562434232266,,21.371091490920307,,,,,,
1742491,2018,0,25,177871,25,177871,0,,,-107753,-136053,0,,,-33600,-35053,,,1453,,,,,,7114.84,0,0,-1402.12,0,0.00014055129841289473,,,,,,
1745317,2018,0,246432561,15664594,1542260,527845,1400000,,,5000007,4075806,,,,,,,,,,,,,,0.06356543930897184,0,0,,,2.9218046964544517,,,,,,
2098,2018,0,99720000,64791813,77817645,16782971,5910770,40086871,26012368,46120346,44467077,120993000,82651076,47899273,6103000,4598350,752000,40016220,,3153000,,43450348,,43450348,0.6497373947051744,0.4357235058162856,0.9421080232138761,0.04611261532290413,1.2133273164861613,4.636702583827381,-0.04511112600664554,0.05919584000840402,104431000,114231000,0.0388053260047304,0.3153839185682412
216877,2018,0,17769898,3124657,3044026,2182956,2616670,191023,21261,13552939,9075973,8207063,509810,,1991461,1092302,,,64242,417899,,,,,0.17583989508549797,0,0,0.06146923296914816,0.4618520038775687,1.394451376940259,-0.005138040828428604,0.028690686228059488,17861672,7978164,0.052004593970821994,0.07366846731929687
26780,2018,0,5644000000,4483000000,2882000000,1702000000,791000000,969000000,994000000,1013000000,86000000,5826000000,4991000000,,332000000,640000000,81000000,401000000,113000000,,17000000,,,17000000,0.7942948263642806,0.0030120481927710845,0.01678183613030602,0.11339475549255847,1.0322466335931963,1.6933019976498238,0.16131687242798354,-0.03861386138613861,4860000000,6060000000,0.03271604938271605,0.014197530864197531
277638,2018,0,423939000,311745000,209125000,128657000,16030000,,195906000,8591000,143835000,1024791000,,,48867000,22284000,,,4393000,,16315000,134242000,,150557000,0.7353534352819627,0.35513835716930975,17.52496798975672,0.05256416607106211,2.417307678699058,1.6254459531933747,0.07711910484620896,0.24684999707995095,393586000,821904000,0.05538306748715655,0.31467582688408635
29534,2018,0,12516911000,,4247852000,2964878000,267441000,3609025000,,5377876000,2698352000,21986598000,15203960000,6782638000,2063449000,1251133000,,4719189000,97821000,379931000,,,,,,0,0,0.09995541232177811,1.7565514366923276,1.4327240446318532,0.07236047263358081,,11672298000,,0.09981582032946726,0
31462,2018,0,19963500000,12309700000,4594300000,3475200000,211400000,1446500000,2571400000,7583600000,8011600000,13151800000,7533900000,,1870200000,1246500000,189000000,3708200000,285400000,,564400000,,,564400000,0.6166103138227265,0.0282715956620833,0.07442375652724299,0.06243895108573146,0.6587922959400907,1.3220246316758748,0.08910431964735792,-0.0290363304811334,18330200000,13545100000,0.05549312064243707,0.029530501576633096
320340,2018,0,21779000,711000,18059000,3272000,18919000,,1208000,25921000,10875000,,-24000,,6142000,6244000,3353000,,,330000,,,,,0.032646127003076356,0,0,0.2866981955094357,,5.5192542787286065,35.97623089983022,NaN,589000,9302000,0.8030560271646859,0
3499,2018,0,1632395000,1288440000,,,259349000,,2693000,352880000,302543000,226936000,,,105461000,86477000,,,,33807000,,,,,0.7892942578236273,0,0,0.05297553594565041,0.13902027389204205,,0.1248354843822137,,1451230000,,0.05299435651137311,0
352955,2018,0,2162390,404479,5631013,216815,1652404,,118463,59335,15138187,581463,63231,,1368351,1115060,,,,3885,,,,,0.18705182691373898,0,0,0.5156609122313737,0.2688983023413908,25.971510273735674,-0.8500248711292658,-0.32654429802108403,14418324,863402,0.011837298149216233,0
51548,2018,0,2208192000,,325587000,85560000,160548000,,,1393215000,1031361000,661016000,171836000,,109827000,76338000,,,13837000,102156000,,257305000,,257305000,,0.11652292916557981,0.18468434520156615,0.034570363446656815,0.29934715821812596,3.8053646563814865,0.016354146530059926,0.020923009441378662,2172660000,647469000,0.02606666482560548,0.12028711349221691
63296,2018,0,814800000,1454390000,595059000,285132000,72196000,171445000,331463000,789707000,948830000,1480464000,924010000,556454000,118815000,66749000,16362000,,24344000,65480000,,881602000,,881602000,1.7849656357388317,1.081985763377516,1.116365943318218,0.08192071674030436,1.8169661266568482,2.0869597239173436,-0.6198937213888154,0.03814404362204327,2143611000,1426068000,0.029599120362789704,0.0016504860256828313
67215,2018,0,1840956000,1115960000,904786000,259612000,84029000,79039000,318700000,507200000,709577000,79100000,200000,,,128740000,,,,124940000,26469000,733843000,,760312000,0.6061850473341025,0.4129984638416127,1.49903785488959,0.06993105755922466,0.04296680637668689,3.4851470656210037,0.07050001279280997,,1719716000,,0.049033677653752133,0.41828243733267584
700923,2018,0,748755000,424291000,475634000,283805000,23846000,,288427000,322984000,700000,1531169000,1364109000,167060000,-10500000,-8200000,,118737000,3652000,33977000,,58306000,,58306000,0.5666619922404524,0.07787059852688796,0.1805228741981027,-0.010951512844655462,2.044953289126617,1.6759183242014764,1.9040196405439158,110.7641605839416,257834000,13700000,0.08204503672905823,0.30624355205287124
705432,2018,0,6498097000,5743957000,,,80975000,,,444062000,32851000,,,,23490000,49349000,,,29348000,9084000,,158489000,,158489000,0.8839444840543316,0.024390063737121808,0.3569073687908445,0.0075943772461383695,,,0.16793118762881334,,5563767000,,0.007907771838756008,0.02845841675253475
714310,2018,0,24002306000,21469141000,,,413800000,,,2207091000,216733000,,,,94823000,168146000,,,148774000,24400000,748628000,2315819000,,3064447000,0.8944615988147139,0.12767302441690395,1.3884552109541473,0.007005410230167051,,,0.049765795696977304,,22864439000,,0.004502931386158217,0.10999027791585002
72162,2018,0,551616000,,130667000,19584000,98316000,15382000,,195000,220104000,108920000,73753000,35167000,-715000,15325000,0,19593000,4000,3774000,,,,,,0,0,0.02778200777352361,0.19745620141547743,6.672130310457517,0.4327986036073477,-0.0006789364552177184,384992000,108994000,-0.0621025891447095,0
72207,2018,0,21010000000,10526000000,1750000000,1726000000,716000000,,616000000,9426000000,1980000000,,38000000,,351000000,-66000000,,,282000000,1934000000,,6615000000,,6615000000,0.5009995240361732,0.314850071394574,0.7017823042647995,-0.0031413612565445027,,1.0139049826187718,-0.1316746569680939,NaN,24196000000,3183000000,-0.10088444370970408,0.2923623739461068
723254,2018,0,4098815000,,1954478000,1130852000,417073000,278218000,736008000,1932455000,5170830000,4795772000,,2101340000,768941000,693520000,,1332399000,64522000,165279000,,2770624000,,2770624000,,0.6759573193715744,1.4337327389253567,0.16920012247442248,1.170038657514428,1.728323423401117,-0.0207514966526299,0.09751178405177316,4185674000,4369677000,0.10287901064440279,0.24952301588704712
731802,2018,0,10749596000,,539646000,1013443000,28653000,,222263000,3194797000,1467024000,2454648000,-312326000,,657230000,350104000,,,114812000,290791000,447745000,3067045000,,3514790000,,0.3269694972722696,1.1001606674852893,0.03256903794337945,0.22834793047106142,0.5324877669489059,0.0737903496882245,2.1788258543591126,10010889000,772187000,0.031473228801158416,0.3015306632607753
736012,2018,0,4069000,,3710000,3252000,1652000,15000,1967000,-1062000,-59242000,,3847000,6429000,2476000,2287000,1237000,,,133000,,,,,,0,0,0.5620545588596707,,1.1408364083640836,2.186374314800313,,1277000,,-1.2153484729835553,0
743367,2018,0,3565184000,3210543000,,,9720000,,,154152000,144977000,21523000,,,,14933000,,,12113000,1551000,649498000,180223000,,829721000,0.9005265927368685,0.23272880165511795,5.382486117598215,0.004188563619717804,0.006036995566007252,,1.0310399812231072,2.980580728685038,1755349000,5407000,0.008632471377486756,0.30569191653625577
751364,2018,0,6560534000,2719624000,,,1364000,,,3840593000,-379181000,533647000,,,336251000,239500000,,,96352000,149101000,,13300000,,13300000,0.41454308445013777,0.002027273999342127,0.0034630068846139123,0.03650617464980747,0.08134200661104721,,0.03574006997938634,0.1050513961020136,6334151000,482916000,0.031233230783415174,0.0021909802908077185
75288,2018,0,699941000,,236118000,135010000,6323000,126812000,,334400000,280395000,1022588000,442284000,580304000,89884000,,,504600000,3421000,42083000,,45809000,,45809000,,0.06544694481392004,0.13698863636363637,,1.4609631383216586,1.748892674616695,0.02157455422755886,0.05498663970535134,685159000,969290000,,0.13355877978688158
75362,2018,0,5347300000,5710900000,7163400000,3722800000,2364700000,1184700000,,8592900000,17100000,-5400000,18925000000,,,2195100000,306100000,119800000,,406200000,,,3259800000,3259800000,1.0679969330316235,0.609616067922129,0.3793597039416262,0.4105062367923999,-0.0010098554410637145,1.9241968410873536,-0.7466911102900075,-1.0005128156427765,21109800000,10530100000,0.07935650740414404,0.42161934267496615
757011,2018,0,3851000000,2006000000,991000000,415000000,394000000,252000000,,1845000000,-669000000,,2317000000,700000000,396000000,510000000,24000000,297000000,145000000,129000000,,1078000000,,1078000000,0.5209036613866528,0.2799272916125682,0.5842818428184282,0.13243313425084394,,2.387951807228916,-0.18686655405405406,,4736000000,,0.2092483108108108,0.22867398648648649
763901,2018,0,9847944000,42169520000,,,-48081000,,,4298503000,-2479503000,4600000,,,,-11068000,,,150779000,52500000,,584851000,,584851000,4.282063342358567,0.05938813218271753,0.13605922806149023,-0.001123889412856125,0.00046710257491309863,,-0.7246234124056572,-0.9928530588907948,35761733000,643632000,0.0250363705808105,0.012437540429039051
764478,2018,0,13856000000,,9829000000,7817000000,2240000000,5209000000,,-55000000,3270000000,39403000000,29963000000,9440000000,1854000000,1228000000,,7547000000,72000000,654000000,,650000000,,650000000,,0.04691108545034642,-11.818181818181818,0.08862586605080831,2.84375,1.2573877446590764,0.024927879281011908,-0.003162315320785266,13519000000,39528000000,0.06635106146904357,0.0009616095865078778
794170,2018,0,9445225000,4908135000,,,918993000,,,4531194000,4474064000,,,,492325000,382095000,,533118000,0,23121000,,80000000,,80000000,0.5196419354753328,0.008469888223943844,0.01765539061006878,0.04045377426159779,,,-0.029944574130136743,,9736789000,,0.037298435860117746,0.008216261028147986
794323,2018,0,33135000000,,3145000000,1406000000,1819000000,,712000000,19642000000,,8173000000,2249000000,,112000000,19000000,,1025000000,2000000,372000000,,1825000000,,1825000000,,0.05507771238871284,0.09291314530088586,0.000573411800211257,0.24665761279613702,2.236842105263158,0,10.659058487874464,33135000000,701000000,0.000573411800211257,0.05507771238871284
802257,2018,0,3804,1657740,3804,1534740,0,,,-1653936,-7691312,0,,,-1315663,-1415153,,1315663,66630,,72280,,,72280,435.78864353312304,19.00105152471083,-0.04370181192017104,-372.017087276551,0,0.0024785957230540677,1.0288,,1875,0,-2603.1248,38.54933333333334
805928,2018,0,58875000,33693000,55741000,13719000,36507000,7316000,11065000,8196000,-128329000,41108000,6467000,34641000,-8130000,-14411000,4212000,,5386000,,,19810000,,19810000,0.5722802547770701,0.3364755838641189,2.417032698877501,-0.2447728237791932,0.6982250530785563,4.063051242801953,0.26993945144396486,0.5040745536255924,46360478,27331092,-0.28809938068369356,0.4371340821809473
813920,2018,1,1695044000,1432896000,140731000,110289000,61023000,22000000,8863000,262148000,10708000,923653000,136329000,,61452000,-3667000,,,67745000,119569000,7600000,969114000,,976714000,0.8453444276372767,0.5762174905194202,3.725811373727818,-0.0021633656707436503,0.5449138783418012,1.2760202740073807,-0.008811118803914598,0.0011532762692813376,1710112000,922589000,-0.00731531034224659,0.5733109878183418
835662,2018,0,2562219,,843207,5632333,37630,48902,32362,11721,-6386718,414281,159166,255115,-1340692,-1349722,,,,,,,,,,0,0,-0.5267785462522915,0.1616883646557925,0.1497083002727289,-0.3054368908352343,-0.8656120802212328,3688965,3082725,-0.563901256856598,0
836564,2018,0,3761051,56587,3317186,56587,1159576,,,3749832,-59118112,,,,,-45368,,1216347,,,,,,,0.01504552849722059,0,0,-0.012062585697455313,,58.620990686906886,0,,3761051,,-0.33676756842701683,0
858800,2018,0,898875000,818867000,,,17693000,,,0,34371000,,,,,0,,,5386000,1172000,12850000,2500000,45350000,45350000,0.9109909609233764,0.05045195383117786,,0,,,0.29869895323889123,,692135000,,0.005758992104141533,0.06357141309137668
861884,2018,0,7751000000,,3051300000,703700000,154400000,1726000000,1087300000,4667100000,4144100000,8613400000,6023100000,,517800000,309100000,,1798100000,84600000,222000000,92000000,744000000,0,,,0,0,0.03987872532576442,1.1112630628306026,4.336080716214296,0.04583541349021089,-0.07883000909042297,7411300000,9350500000,0.04266457976333437,0.26243708930956783
866273,2018,0,564967000,264221000,358630000,218976000,79239000,3737000,210953000,284554000,222974000,1311917000,1185926000,125991000,40882000,28863000,,85109000,852000,21441000,,,,,0.46767510314761745,0,0,0.05108793964957245,2.3221126189671257,1.6377593891568025,0.005835969727019757,-0.0232426375606324,561689000,1343135000,0.03054537297330017,0
87047,2018,0,46645587,4074329,,,338239,,,,,1110456,55409,,,8823652,,,,164344,,0,,,0.08734650504023028,0,,0.18916370373900537,0.023806239162560007,,0.524080644922562,0.0928749211435635,30605721,1016087,0.5697351158628153,0.1872641719500743
884940,2018,1,441205000,394154000,293259000,167296000,9049000,255884000,,480000,-13853000,1257598000,919812000,,4859000,-24324000,,376111000,,32447000,13738000,154100000,,167838000,0.8933579628517356,0.3804082002697159,349.6625,-0.05513083487267823,2.850371142666108,1.7529349177505738,-0.1641454279538277,-0.07522827029320517,527849000,1359901000,0.0449200434215088,0.36342400951787346
88572,2018,0,11215374,6330140,649879,631721,,,365589,7083890,4505515,1721499,,,743361,331817,,,,191371,,,,,0.5644163092554916,0,0,0.02958590591807282,0.1534945691512383,1.0287437017290861,-0.04112065873626226,,11696335,,0.02567051986797574,0
887730,2018,0,1222923000,759048000,678953000,287658000,109774000,204386000,144076000,112481000,3370000,757338000,,,34968000,47157000,26693000,107658000,39755000,38151000,,0,324623000,324623000,0.6206833954386335,0.26544843788202527,2.8860251953663285,0.0385608905875513,0.619285106257712,2.3602785251931113,0.6653702379736492,1.11428810720268,734325000,358200000,,0.5286637388077486
892537,2018,0,1744475000,401501000,367164000,228285000,41314000,,311410000,247000,860027000,1601596000,1369775000,,90963000,56391000,,,1097000,30191000,,,,,0.23015577752618982,0,0,0.03232548474469396,0.9180962753837114,1.6083579735856495,0.09134456578315182,0.033209751263936854,1598464000,1550117000,0.03198508067745035,0
895126,2018,1,12425000000,,1525000000,2356000000,825000000,,1322000000,-99000000,-16525000000,4881000000,1855000000,,-4411000000,-4390000000,,,296000000,1107000000,53000000,9921000000,,9974000000,,0.8027364185110664,-100.74747474747475,-0.3533199195171026,0.39283702213279675,0.6472835314091681,-0.046284924777402515,-0.6175963647759323,13028000000,12764000000,-1.118130181148296,0.801657967454713
898174,2018,0,60514818000,50945283000,,,1525275000,,,6135381000,6736265000,11521511000,,,,701443000,,,137623000,557055000,,2788365000,0,,0.8418645991796587,0,0,0.011591260176970208,0.19039156657465284,,0.1396842800444063,0.10590460251303059,53097879000,10418178000,0.009457364577594522,0
906465,2018,0,3301943748,3629377644,,,41742321,,,225885750,151962661,33609538,,,,27686787,,,11950958,,,23250000,,23250000,1.099163983698489,0.00704130711314589,0.10292813955727619,0.008384996569602373,0.010178713074793424,,-0.17092099481102876,-0.4210813181785807,3982664773,58055715,0.008965481413868423,0.007783733195462696
913277,2018,0,80566000,44467000,99444000,19784000,1856000,58138000,35817000,174432000,-310390000,148189000,,43684000,-5970000,-8978000,6598000,49936000,,,,20842000,,20842000,0.5519325770176005,0.2586947347516322,0.11948495688864429,-0.11143658615296775,1.839349105081548,5.026486049332794,-0.6171854583121493,,210457000,,-0.3684458107832004,0.10404975838294758
918160,2018,0,4474800000,4174200000,2071100000,1001000000,,1385000000,517800000,-44600000,-2877000000,5882500000,,,217600000,-16800000,29400000,279100000,163900000,,,135300000,,135300000,0.9328238133547868,0.03023598820058997,-3.0336322869955157,-0.0037543577366586215,1.3145838920175204,2.069030969030969,0.1087215064420218,,4036000000,,0.0015361744301288405,0.033523290386521305
920112,2018,0,9810739000,8819282000,,,258799000,,,663173000,481331000,50304000,,,,80349000,,,31813000,30757000,324691000,285011000,,609702000,0.8989416597465287,0.06214638876847096,0.9193709635344021,0.008189902921686124,0.005127442489296678,,0.2749905974901862,-0.31791186440677965,7694754000,73750000,0.007802978496778455,0.07732449926274446
923139,2018,0,6834176000,6284712000,,,118561000,,,473067000,414327000,,,,,64916000,,,89592000,5792000,441500000,,,441500000,0.9196005487713516,0.06460178959394666,0.9332716084613807,0.00949873108330836,,,0.12803345125606444,,6058487000,,0.006787338158850551,0.07287297967297776
92380,2018,0,25110000000,,4815000000,6863000000,1583000000,,,6762000000,13832000000,20289000000,,,3522000000,2183000000,,,122000000,1221000000,,,,,,0,0,0.08693747510951812,0.8080047789725209,0.7015882267230075,0.07833032723524865,0.023662966700302726,23286000000,19820000000,0.09366142746714765,0
924717,2018,0,136593000,25036000,60883000,9803000,16534000,3516000,7211000,91873000,102072000,33203000,10908000,,16859000,9985000,18498000,18000000,,4873000,,0,,,0.18328904116609196,0,0,0.07310037849670188,0.24307980643224764,6.210649801081302,0.02783421373425437,-0.5458611445453551,132894000,73112000,0.029542342016945836,0
927761,2018,0,,,,,,,,,,,,,,,,,,,,,,,,,,,,,,,,,,
929940,2018,0,247942000,,146186000,467243000,156249000,,27670000,-48546000,156520000,472344000,48611000,423733000,211381000,139951000,300000,,1212000,6061000,140000000,,,140000000,,0.5646481838494487,-2.8838627281341407,0.5644505569851014,1.9050584410870284,0.31286932067468104,-0.4092934163692589,0.07253162458759177,419738000,440401000,0.2820974036184477,0.3335413996350104
9346,2018,0,1357016000,1134049000,,,163996000,,102972000,418811000,308075000,439169000,,,,-34075000,,,,,,,,,0.8356931679508569,0,0,-0.025110241883662388,0.32362846127090616,,0,0.18299778576315748,1357016000,371234000,0.017157498511439807,0
934648,2018,0,1402474000,491605000,120954000,70996000,80568000,7283000,,934755000,785251000,,101876000,,62918000,40449000,,,11449000,54326000,,200887000,,200887000,0.35052699729192843,0.1432375929963764,0.21490871939706127,0.02884117637831432,,1.7036734463913459,-0.017570576866632995,NaN,1427557000,209155000,0.10384524050528281,0.16184922913761063
94344,2018,0,1405886000,727076000,,,179067000,,,672211000,455519000,2006640000,,,,55478000,,,3062000,30044000,4300000,109312000,,113612000,0.5171656876873374,0.08081167320821177,0.16901240830632047,0.03946123654407256,1.4273134521575719,,0.04782056518330148,-0.013395545962529839,1341724000,2033885000,-0.0046239017860603224,0.004844513476691182
946155,2018,0,27453600000,2511000000,,,3000000,,,,,1009000000,,,,1184900000,,,,,,31300000,,31300000,0.09146341463414634,0.0011401054870763762,,0.04316009557945042,0.036752921292653784,,0.017357662718823653,,26985200000,,0.06101122096556631,0.005603071313164253
1011662,2019,0,525684,,499402,6683190,493402,,,-6157507,-38954344,0,0,0,-1363800,-3292522,,1363800,-1582819,,,,,,,0,0,-6.2633102776572995,0,0.07472509385488067,63.89925925925926,,8100,0,-137.81432098765433,0
1013706,2019,0,37108000,15737000,16677000,13716000,6748000,,11901000,65000,-60815000,,54249000,21254000,-4172000,-4786000,,,117000,1192000,,2000000,,2000000,0.4240864503611081,0.05389673385792821,30.76923076923077,-0.1289748841220222,,1.2158792650918635,-0.14179328846643077,,43239000,,0.01979694257499017,0.06013090034459631
1013880,2019,0,1078736000,701659000,526477000,235418000,74437000,,350962000,361895000,10000000,1477365000,,,100489000,7256000,,182314000,13734000,64507000,,,,,0.6504455214250753,0,0,0.006726390887112324,1.3695334168879132,2.2363498118240748,0.2746436268763943,-0.021075146553969033,846304000,1509171000,0.03979421106363671,0
1017303,2019,0,34956000,7389000,27037000,7646000,4691000,12835000,6418000,27567000,27515000,45748000,29649000,26662000,6814000,3211000,4393000,,27000,997000,,,,,0.21138002059732236,0,0,0.09185833619407255,1.30873097608422,3.5360973057808005,0,-0.18758324306085844,34956000,56311000,0.15522370980661404,0
1019849,2019,0,13942700000,11131100000,5334100000,5048300000,28100000,4260700000,,2793400000,2675800000,9329500000,17576900000,3222500000,652700000,435800000,,2693200000,,,,299200000,,299200000,0.7983460879169745,0.021459258249836834,0.10710961552230257,0.031256499817108596,0.669131516851112,1.0566131172870075,0.3227615126273647,-0.5362725849342644,10540600000,20118500000,0.03253135495133105,0.2052255089843083
1024795,2019,0,768324000,444115000,192589000,76453000,22123000,85195000,66677000,-2309000,267658000,106519000,342383000,212282000,90115000,31558000,15163000,99665000,14149000,35215000,,301196000,,301196000,0.5780308828046501,0.3920169095329574,-130.44434820268515,0.041073817816442024,0.13863812662366398,2.519050920173178,-0.26276165482433206,-0.7903355017764174,1042165000,508045000,0.022361142429461744,0.33942130084967354
102729,2019,0,1997073000,,1388419000,513779000,104256000,130686000,,1111484000,2140948000,708853000,1853965000,320462000,109200000,94351000,13900000,454776000,43642000,26280000,132849000,765704000,,898553000,,0.44993497984300024,0.8084263921028103,0.04724464253434902,0.35494596341746143,2.702366192467968,-0.16500935933012534,-0.7188960833985016,2391731000,2521676000,0.07458656512793453,0.3731832718646035
1029744,2019,0,13583000,20041000,10825000,16590000,1189000,1027000,7418000,3118000,-207419000,34781000,9656000,24888000,-16039000,-12166000,7142000,,,,,674000,,674000,1.4754472502392697,0.04962084959140101,0.2161642078255292,-0.8956784215563572,2.560627254656556,0.6525015069318867,-0.5209832134292566,-0.03386111111111111,28356000,36000000,-0.17770489490760333,0.07053180984624065
1043961,2019,0,21605000,15482000,1793000,13765000,381000,197000,690000,13025000,-47696000,2864000,2639000,225000,-13912000,-15694000,1100000,9452000,,1265000,,200000,,200000,0.7165933811617681,0.009257116408238834,0.015355086372360844,-0.7264059245545013,0.1325619069659801,0.13025790047221214,-0.2074468085106383,0.4087555336940482,27260000,2033000,-0.7591342626559061,0.01892883345561262
1046327,2019,0,159754000,121481000,54580000,96181000,16805000,,29507000,38775000,-544010000,23800000,103127000,20410000,-1047000,-24989000,34848000,,636000,5834000,,3900000,,3900000,0.7604254040587403,0.024412534271442344,0.10058027079303675,-0.15642174843822376,0.14897905529751992,0.5674717459789356,0.31489102521893725,-0.7079001951423066,121496000,81479000,-0.30083294923289655,0
1050606,2019,0,559028000,337159000,43637000,52878000,117000,717000,33020000,56000,10372000,198502000,3000,,11773000,-3192000,,,18328000,15934000,,232262000,,232262000,0.6031164807487281,0.4154747168299262,4147.535714285715,-0.005709910773700065,0.35508418182989043,0.8252392299254888,0,28.618322888689942,559028000,6702000,0.04408365949469436,0.03516818477786444
105319,2019,0,1498314000,2180135000,295390000,394070000,182736000,27204000,,-685543000,2500083000,979302000,502907000,786682000,281937000,119616000,,254699000,135267000,45017000,,1576170000,,1576170000,1.4550588194463911,1.0519624057440564,-2.299155559899233,0.0798337331160224,0.6536026493779008,0.7495876367142893,0.05922274433897639,0.7248307844591179,1414541000,567767000,0.15817781174246628,1.2599493404574347
1053507,2019,0,42801600000,36214700000,2553800000,5487700000,1501200000,,462200000,5055400000,24700000,7464900000,43100000,,2688400000,1887800000,,730400000,814200000,,,350000000,,350000000,0.846106220328212,0.008177264401330792,0.06923289947382996,0.044105827819520764,0.17440703151284065,0.46536800481075863,0.386098085442628,0.0033332885310681307,30879200000,7440100000,0.030972304981994353,0.6543271846420892
1055454,2019,0,234742000,215958000,153606000,205457000,2077000,71424000,61718000,7000,-105185000,28910000,418475000,3316000,-18378000,-49548000,,217921000,20519000,19418000,,10000000000,,10000000000,0.919980233618185,42.59996080803606,1428571.4285714286,-0.21107428581165705,0.12315648669603224,0.7476308911353714,-0.13096176841887033,,270117000,,0.025096532243435252,0.49584069125601127
1070494,2019,0,783183000,84048000,760250000,74826000,189680000,6341000,35781000,15000,-1704122000,223807000,11344000,211430000,-246545000,-245192000,240385000,325638000,,,,,,,0.10731591467128372,0,0,-0.31307114684562865,0.2857659065633447,10.160238419800605,0.4497965575840149,0,540202000,223807000,-0.45388947097567206,0
1075531,2019,0,21402000000,15469000000,9833000000,5366000000,6312000000,,,5933000000,23232000000,1536000000,170000000,12439000000,5345000000,,,,266000000,469000000,988000000,6700000000,,7688000000,0.7227829174843473,0.35921876460143914,1.2958031350075847,,0.07176899355200449,1.8324636600819977,-0.15909001610938667,-0.8570231778832729,25451000000,10743000000,,0.3740913913009312
1083446,2019,0,512999049,106337868,172862792,72019647,99749199,,7734631,180545832,17788203,356355930,273453287,,35145967,25801842,,,79689,1600000,,232172134,,232172134,0.20728667666594447,0.45257809824906714,1.285945687187063,0.05029608154302836,0.6946522234196189,2.4002171518557986,0.07643996947865266,0.8088391694840088,476570049,197008079,0.05414071248107327,0
1083743,2019,0,5369000,12804000,5256000,12702000,121000,1512000,946000,-4749000,-26662000,4118000,4913000,-795000,-6213000,-6965000,1956000,3462000,0,,,,,,2.384801639038927,0,0,-1.2972620599739244,0.7669957161482586,0.41379310344827586,1.7948984903695993,0,1921000,4118000,-3.6257157730348775,0
1086745,2019,0,5257477,2389132,4816082,,4259091,,,2868345,-34713979,4579745,4172320,407425,-2477160,-4902383,205000,2477160,,395081,,,,,0.45442557333108635,0,0,-0.9324592385282903,0.8710917803349402,,-0.06619337013041912,-0.24646332219254527,5630156,6077667,-3.3301320602839426,0
1090727,2019,0,45574000000,,16210000000,14087000000,3320000000,421000000,9552000000,3021000000,8006000000,74094000000,1838000000,,7529000000,4905000000,,,453000000,2282000000,3420000000,2172000000,,5592000000,,0.12270154035195506,1.8510427010923536,0.10762715583446703,1.6257954096634046,1.1507063249804785,0.12403502281415711,0.20262944327219606,40545000000,61610000000,0.08440004932790726,0.6501418177333826
1092699,2019,0,447440000,92564000,291621000,68030000,179252000,,31532000,36000,48973000,219297000,92239000,186885000,38406000,33712000,28305000,,,11123000,,,,,0.20687466475952082,0,0,0.0753441802252816,0.49011487573752904,4.286652947229164,0.15880172898273348,-0.11659281340638092,386123000,248240000,0.06182485891801317,0
1096950,2019,0,2835065,,258132,1326787,,172884,67874,1508278,-3526913,2148466,1020747,1127719,,-1408450,,,-38491,109127,,,,,,0,0,-0.4967963697481363,0.7578189565318608,0.19455421254504301,0,-0.028050143182219166,2835065,2210470,-0.1259251551551728,0
1098996,2019,0,22106777,,20142252,3640905,7744205,1005242,,6553009,6150208,15188650,4526406,,-6558045,5823806,,,,50646,,,,,,0,0,0.2634398492371819,0.6870585431788632,5.532210260910405,,,,,,
1103833,2019,0,29879,348304,997,322328,997,,,-318425,-11792059,53793,,,-93570,0,,,21885,31668,,25976,,25976,11.657150507045081,0.8693731383245757,-0.0815765093821151,0,1.8003614578801164,0.0030931225335682905,-0.532109804412847,17.881361881361883,63859,2849,-2.993219436571196,0.7442647081852206
1104855,2019,0,64600000,16704000,62940000,15904000,25182000,,12292000,47896000,-213096000,63333000,46865000,16468000,2951000,3846000,4078000,,,,,,,,0.25857585139318884,0,0,0.05953560371517028,0.9803869969040248,3.9574949698189137,0.003838204901092412,-0.08937583574170728,64353000,69549000,-0.14140754898761518,0
1108109,2019,0,15859000000,16818000000,3549000000,2392000000,196000000,,2352000000,-1535000000,-3543000000,15353000000,2672000000,,-1878000000,-2459000000,,,,861000000,,155000000,,155000000,1.0604703953591021,0.00977363011539189,-0.10097719869706841,-0.15505391260483006,0.9680938268491077,1.483695652173913,-0.09117478510028654,-0.16731749647467187,17450000000,18438000000,-0.0986246418338109,0.008882521489971347
1108524,2019,0,55126000000,21241000000,10683000000,14845000000,2669000000,,4924000000,33885000000,1861000000,16043000000,3198000000,12863000000,297000000,1110000000,2766000000,,,2135000000,,2694000000,,2694000000,0.38531727315604253,0.04886986177121504,0.07950420540061974,0.020135689148496172,0.29102419910749916,0.7196362411586392,1.5075509461426493,24.145768025078368,21984000000,638000000,0.01469250363901019,0.14546943231441048
1120914,2019,0,239544000,43387000,147576000,27996000,96089000,,40651000,5000,-35870000,,33474000,,,-5418000,32747000,26299000,,6000000,,,,,0.18112330093844972,0,0,-0.022617974150886684,,5.271324474924989,0.06037493636705695,,225905000,,-0.0341559505101702,0
1124524,2019,0,56620097,18073532,51774542,3061381,37327125,220514,3543666,17886766,-140988484,19626453,9386188,10240265,-8644615,-9555601,1840443,,69253,2415222,,,,,0.3192070123087214,0,0,-0.16876694859777439,0.34663404055983865,16.912152391355406,0,0,56620097,19626453,-0.16876694859777439,0
1135185,2019,0,,,,,,,,,,,,,,,,,,,,,,,,,,,,,NaN,NaN,5534792000,1192704000,0.04888476387188534,0.44623899145622814
1137547,2019,0,933058000,823818000,,,2297000,,,101352000,49942000,6523000,,,,14017000,,,2703000,,,,,,0.8829226050256254,0,0,0.015022645966274336,0.006990990913748127,,0.15787579606768623,-70.3936170212766,805836000,-94000,0.00916439573312684,0
11544,2019,0,4709724000,19416179000,,,950471000,,,5437851000,7558619000,7684764000,,,,549094000,,,147297000,112956000,,345283000,,345283000,4.12257257537809,0.07331278860502229,0.06349622304840644,0.11658729895849523,1.6316803277644296,,-0.8061835355240102,-0.0008953864391403094,24299917000,7691651000,0.02259653808694079,0.005784711116502991
1157762,2019,0,690499000,385672000,495428000,341300000,86346000,88021000,,285877000,-800000,496158000,430745000,65413000,-2908000,2377000,33551000,19761000,2928000,16816000,,,,,0.5585409971629213,0,0,0.003442438004979008,0.7185499182475282,1.4515909756812189,7.501797631067005,0,81218000,496158000,0.029266911275825556,0.003693762466448324
1161154,2019,0,6648000000,,7160000000,7081000000,253000000,1847000000,4439000000,958000000,,2749000000,39603000000,,7285000000,4084000000,,679000000,2257000000,3124000000,,50346000000,,50346000000,,7.573104693140794,52.553235908141964,0.6143200962695547,0.4135078219013237,1.0111566162971333,-0.9158310543907627,-0.9135317060895822,78984000000,31792000000,0.0036463081130355514,0.4733110503393092
1167419,2019,0,13860000,9369000,2311000,6658000,7440000,,,5787000,-197199000,7845000,6097000,,-59366000,-58008000,700000,20858000,123000,5267000,,,,,0.675974025974026,0,0,-4.185281385281385,0.566017316017316,0.3471012316010814,-0.7351704023690211,28.092513823116033,52335540,269657,-0.37920451379693415,0
1178377,2019,0,,,,,,,,,,,,,,,,,,,,,,,,,,,,,,,,,,
1206264,2019,0,2715400000,2497900000,805400000,669000000,45800000,222300000,303300000,214600000,1513800000,2273500000,1579600000,1121000000,295500000,151400000,23000000,,87300000,80700000,,1540000000,,1540000000,0.9199013036753333,0.5671355969654562,7.1761416589002796,0.05575605803933122,0.8372615452603668,1.2038863976083707,0.007943578322197475,-0.26177874468292367,2694000000,3079700000,0.07074981440237565,0.6507423904974017
1218683,2019,0,1176000,250000,1147000,641000,718000,,,535000,-33899000,,,,-3170000,-3450000,492000,,,,2635000,,,2635000,0.21258503401360543,2.2406462585034013,4.925233644859813,-2.933673469387755,,1.7893915756630265,0.9764705882352941,,595000,,-4.984873949579832,0.1092436974789916
1235010,2019,0,618365000,163905000,539127000,106104000,382515000,,8013000,454460000,-1033881000,0,,,-298091000,,144542000,,2018000,11610000,,,,,0.2650618970996095,0,0,,0,5.081118525220538,0.34593660419083605,-1,459431000,109619000,,0
1261333,2019,0,1891138000,1344811000,943890000,693965000,241203000,,237841000,546327000,-1137185000,802480000,163931000,730737000,-193509000,-208359000,185552000,,29254000,50182000,,465321000,,465321000,0.7111120394175359,0.24605343449288206,0.8517261640006809,-0.11017651805420862,0.4243370922693109,1.3601406410986145,0.1706810068236251,0.20917883786353492,1615417000,663657000,-0.0714440915255937,0.2717143622977844
1274494,2019,0,7515689000,2418922000,3599834000,1318208000,1352741000,443513000,475039000,105000,2326620000,806398000,2513905000,290079000,-161785000,-114933000,96611000,205471000,27066000,,,482892000,471697000,471697000,0.3218496667437942,0.06276164434158997,4492.352380952381,-0.015292410316605703,0.10729528590126601,2.730854311307472,0.09486312260716402,24.1999375,6864501000,32000000,-0.0606179531476505,0.05732973161486902
1281845,2019,0,227156,732717,27156,,144,,,1000,-1702120,0,,,,0,,,,,,,,,3.2256114740530735,0,0,0,0,,-0.2247261954737356,,293001,0,0,0
1282648,2019,0,2083609000,,144652000,161742000,46866000,,35718000,112688000,101661000,377965000,,,715423000,535686000,,,,,,613105000,,613105000,,0.294251464646198,5.440730157603294,0.25709526115504394,0.1813991972582188,0.8943378961556059,0.13016902560497629,0.005662029017898717,1843626000,375837000,0.29056110078725295,0.5511746959524328
1305168,2019,0,339716000,192414000,115375000,80950000,29433000,16768000,58035000,140269000,29397000,400784000,269934000,130850000,17860000,8873000,8400000,109122000,5880000,,,26750000,,26750000,0.5663966371910655,0.07874224352105877,0.19070500253085143,0.026118875766816988,1.1797619187792157,1.4252625077208154,0.0008573322530750534,0.015725621485177872,339425000,394579000,-0.06337482507181262,0.16791043676806364
1314196,2019,0,11999274,13721312,547109,1221312,225227,,406110,-1722038,-17508467,10291524,,,268863,-1343412,,,866875,842149,,,,,1.1435118491335392,0,0,-0.11195777344529344,0.8576788895728191,0.4479682505371273,2.3176364612612095,-0.3096508658708055,3616814,14907709,-3.821463033487484,0
1315255,2019,1,,,,,,,,,,,,,,,,,,,,,,,,,,,,,NaN,NaN,1785400000,1430300000,0.0029685224599529515,0.6964825809342444
1324948,2019,0,159039000,203913000,612006000,103755000,29884000,367494000,128995000,-44772000,769219000,651381000,438358000,144958000,115028000,126036000,,122565000,1885000,10230000,,18593000,,18593000,1.2821572067228793,0.11690843126528713,-0.4152818725989458,0.7924848622036105,4.095731235734631,5.898568743675003,-0.8565726380645842,-0.07278837777360231,1108847000,702516000,0.09486701050731075,0.13898851690088895
1337013,2019,0,79224000,56890000,19305000,21847000,4318000,2899000,12097000,2000,-61367000,11000000,-552000,46882000,3525000,1361000,,,1904000,9457000,,8600000,,8600000,0.7180904776330405,0.10855296374835909,4300,0.01717913763506008,0.13884681409673835,0.8836453517645443,0.236464657500039,-0.8361583603920284,64073000,67138000,-0.01708988185351084,0.13422190314172897
1357971,2019,0,54681390,31400343,37865401,23603338,1065550,,22143670,21130819,-37959842,135482771,123833517,11649254,3921072,-877480,,7728182,916675,,6069247,15759145,,21828392,0.5742418581532035,0.399192339477837,1.0330121137282942,-0.016047141449769292,2.477676061270571,1.6042392393821585,-0.04575220884511816,,57303135,,0.04378509133924348,0.4135614744289296
1358071,2019,0,26294000000,,1409000000,1356000000,0,35000000,466000000,7631000000,4126000000,2586000000,0,,1071000000,956000000,,,146000000,1146000000,,4194000000,,4194000000,,0.1595040693694379,0.5496003145066177,0.03635810451053472,0.0983494333307979,1.039085545722714,0,0.581651376146789,26294000000,1635000000,0.08693998630866358,0.10234273978854491
1361538,2019,0,1830465000,1200935000,912707000,670448000,120286000,,,629530000,531291000,3106329000,2775403000,17400000,140875000,82327000,,190051000,20097000,,,351301000,,351301000,0.6560819245383004,0.19191899326127515,0.5580369481994504,0.04497600336526511,1.6970163319156608,1.3613389852755173,0.4576783410578623,0.5555382513715931,1255740000,1996948000,0.021280679121474192,0.20610556325353974
1366561,2019,0,797714000,283654000,630962000,233240000,515924000,,56863000,514060000,-256458000,244058000,32707000,217982000,-103774000,-95940000,95469000,,,,,,,,0.35558358008007884,0,0,-0.1202686677180042,0.3059467428176013,2.7052049391185045,5.841223285650578,2.6446150170240728,116604000,66964000,-0.13021851737504717,0
1367859,2019,0,1287924000,1149737000,,,45778000,,,73483000,15264000,,,0,,9463000,,,16910000,,,,,,0.8927056254872182,0,0,0.007347483236588495,,,0.3691647602119354,,940664000,,0.0026566340372332735,0.12790858372383762
1368622,2019,0,473418000,,399047000,62088000,143517000,37425000,56813000,-201000,238913000,,136232000,96873000,20766000,13078000,28465000,47642000,,5054000,,,,,,0,0,0.027624636156631136,,6.427119572220075,0.09460809248554913,NaN,432500000,233738000,0.02073063583815029,0
1371217,2019,0,46273000,14610000,8719000,8363000,5548000,,,76367000,-418990000,607000,164000,443000,-38546000,-81152000,5722000,5237000,,,1500000,6300000,,7800000,0.3157348777905042,0.16856482181833898,0.10213835819136538,-1.7537656948976725,0.013117800877401508,1.0425684562955877,-0.4783469334813934,0.0664839412467496,88704549,569160,-0.38124281540510396,0.02254675800223053
1372184,2019,0,173259,474265,141672,474265,27310,49862,19603,-2120304,-2120304,2832426,454760,2377666,-1691498,-1692298,,2362773,,10917,,,,,2.737318119116467,0,0,-9.767446424139584,16.347929977663497,0.2987190705618167,-0.46882559069964225,3.3664591677226605,326181,648678,-11.701944625836575,0
1374567,2019,0,4087000,5734000,3282000,5197000,431000,1692000,830000,-2192000,-8859000,16426000,11631000,4795000,676000,,,,,193000,2359000,440000,,2799000,1.4029850746268657,0.6848544164423783,-1.2769160583941606,,4.019084903352092,0.6315181835674427,0.054437564499484004,-0.02982694465772843,3876000,16931000,,0.8279153766769866
1375796,2019,0,256850000,200073000,216086000,174654000,54164000,,157317000,56777000,-214841000,68038000,13625000,54413000,-12916000,-9007000,11140000,,0,1486000,,,,,0.7789488028031926,0,0,-0.03506715982090714,0.2648939069495815,1.2372233100873729,0.7074613768713272,1.3363895470622575,150428000,29121000,-0.13924934187784188,0
1381531,2019,0,4903000000,,505000000,766000000,61000000,543000000,577000000,2538000000,998000000,4243000000,-4000000,,163000000,-258000000,,11000000,,207000000,,939000000,,939000000,,0.19151539873546808,0.36997635933806144,-0.05262084438099123,0.8653885376300224,0.6592689295039165,0.41093525179856116,-0.16771282856021968,3475000000,5098000000,0.08143884892086331,0.24575539568345323
1385613,2019,0,1435445000,955981000,,,18215000,,,477287000,-26077000,645675000,,,,-44952000,,,0,,,116000000,,116000000,0.6659823260382669,0.0808111770217598,0.24304035098378962,-0.03131572439208747,0.44980824761659277,,-0.5724524951353624,0.09740365690743517,3357393000,588366000,0.01336781246639878,0
1392380,2019,0,93359000,20855000,24228000,20094000,16302000,3201000,1135000,72504000,-457986000,24487000,36733000,-12246000,-26351000,-28660000,4020000,10085000,,6656000,,14100000,,14100000,0.22338499769706188,0.15102989535020728,0.19447202912942735,-0.30698700714446386,0.26228858492485996,1.205733054643177,-0.12777128976503013,-0.22609904870263267,107035000,31641000,-0.26137244826458633,0
1393311,2019,0,11365444000,2285777000,,,361218000,,,9062911000,-665575000,162271000,,,1931973000,1520534000,,,45641000,512918000,,1902493000,,1902493000,0.20111638401456203,0.16739275649943813,0.2099207418013925,0.13378571043946896,0.014277576837297338,,0.05893583947364792,-0.9366264812741331,10732892000,2560549000,0.13543190409444164,0.13335846480147195
1395585,2019,0,604936374,547518112,,,23212170,,,57418262,19930449,49776695,,,,6099720,,,,3663864,,,,,0.9050837997716434,0,0,0.010083242241935348,0.08228418250148073,,0.39544824724222927,0.2684838432770543,433506850,39241095,0.01186174105438011,0
1419600,2019,0,217560000,237668000,195675000,36219000,82253000,16529000,37115000,-20108000,-668599000,72957000,9960000,,-136271000,-149773000,69559000,129709000,17066000,,,40176000,,40176000,1.0924250781393638,0.18466629895201322,-1.9980107419932365,-0.6884215848501563,0.3353419746276889,5.40255114718794,-0.26438367280694636,2.23907831646244,295752000,22524000,-0.24308880413319267,0.04598447347777868
1419793,2019,0,1359605,16241135,1174588,14062878,609144,13736,309223,-16624530,-79807981,3587894,3217028,370866,-3908238,-27473678,107351,,734624,43369,,3432300,,3432300,11.945480488818443,2.524483213874618,-0.20645997210146694,-20.207102798239195,2.638923805075739,0.08352401265231768,0.002390215598626621,-0.2263631655187552,1356363,4637698,-8.365436833649989,0.06345425229086904
1424182,2019,0,3917858000,2138838000,,,12455000,,84534000,1667614000,,298815000,21863000,,,79394000,,,72534000,108818000,,1869381000,,1869381000,0.5459202451952062,0.4771436330770538,1.1209914284720566,0.020264644609375836,0.07626999242953675,,0.2651323286608712,0.2582796794663949,3096797000,237479000,0.02240217876728762,0.44138282231608983
1424929,2019,0,609316000,171397000,231947000,91813000,27958000,128505000,78882000,-13754000,312491000,751020000,508285000,242735000,112809000,93033000,31789000,,3173000,17736000,,,,,0.2812941068345489,0,0,0.15268432143583954,1.2325624142481078,2.5262980187990807,0.4328721830679544,0.8632172016761066,425241000,403077000,0.08389360386228045,0.1397466377889244
1425205,2019,0,344655000,45684000,316493000,39084000,13969000,,,298971000,-570612000,,,,-206872000,-197600000,166023000,,,1169000,,,,,0.1325499412455934,0,0,-0.5733269501385443,,8.09776379080954,-0.28319478558548816,,480821000,0,-0.11000767437362345,0
1427570,2019,0,30386000,17279000,28647000,17231000,21187000,1580000,870000,13107000,-148754000,9100000,5423000,3678000,-36965000,-37380000,10697000,29946000,,,,0,,,0.568650036200882,0,0,-1.2301717896399658,0.2994800236951228,1.6625268411583773,-0.4277697218508126,-0.08210611256808553,53101000,9914000,-0.6546957684412723,0.18700212802018795
1428522,2019,0,219151000,261430000,203057000,61258000,69886000,5323000,23289000,5000,-1236614000,173317000,,,-112229000,-132993000,116757000,,24935000,2308000,,195591000,,195591000,1.1929217753968724,0.8924942163166036,39118.2,-0.6068555470885372,0.790856532710323,3.3147833752326226,-0.5252957817258663,,461658000,0,-0.3959727763842498,0.3595865337544243
1429560,2019,0,66779000,25253000,62089000,17490000,32892000,,,78581000,-388274000,,,,-70387000,-71865000,48974000,,2780000,500000,,17373000,,17373000,0.37815780410009137,0.26015663606822503,0.22108397704279661,-1.0761616675901107,,3.5499714122355632,-0.08172217485767719,,72722000,,-1.4162701795880202,0.38709056406589476
1435181,2019,0,630272,1836881,189177,1836188,,,,-1387461,-3961939,,,,-748717,-1073581,7619,,,,,,,,2.9144258351949635,0,0,-1.703361405869212,,0.10302703209039597,,,,,,
1437071,2019,0,22346545000,15526808000,,,154000000,,,2286697000,-882087000,,,,,348607000,,,196591000,,,19182303000,,19182303000,0.6948191767452194,0.858401287536843,8.388650966874929,0.01560004018518299,,,0.19774017143785774,,18657256000,,0.013636035224043665,0.8175094987172818
1437578,2019,0,3330420000,2359152000,228888000,483290000,27872000,,,971268000,373510000,1223365000,1539081000,522936000,166011000,1351000,,221496000,,108269000,,1045438000,,1045438000,0.7083647107572018,0.31390575362867146,1.076364093123628,0.000405654542069769,0.36733054689798883,0.47360384034430675,0.34908881150947646,-0.22070770224500444,2468644000,1569841000,0.038385445613057206,0.4280734686734904
1445175,2019,0,0,354436,0,,0,,,-369433,-9078092,0,,,-81915,-107528,,,25613,,,,,,,,0,,,,,,0,0,,
1449792,2019,0,28119000,11684000,20014000,9891000,8213000,4554000,3716000,16435000,-7566000,20582000,19417000,1165000,-11753000,-1439000,,12918000,,354000,,2619000,,2619000,0.41551975532558055,0.09313986983889896,0.1593550349863097,-0.051175361854973504,0.7319605960382659,2.023455666767769,-0.6122159090909091,-0.8065419682300968,72512000,106390000,-0.07811120917917035,0.362698587819947
1452857,2019,0,2356059000,1863551000,1092291000,696781000,334884000,158850000,,,,1584614000,1109978000,,13396000,-32604000,,352794000,39234000,80323000,3094000,478895000,481989000,481989000,0.7909610922307124,0.2045742487773014,,-0.013838363130974224,0.6725697446456137,1.5676245477416864,0.08873172399770798,0.15494374381845255,2164040000,1372027000,-0.000007393578676919096,0.19161706807637566
1456857,2019,0,5680869,2558650,2463284,1318523,56656,1587852,0,3122219,-7870449,8150,20000000,,-4805875,5000000,,,15151,123256,,2127528,,2127528,0.4503976416284199,0.37450749172353737,0.6814153651617647,0.8801470338428856,0.0014346396651639037,1.868214661405224,0,,5680869,0,-0.0589325330332384,0
1457919,2019,0,12685000,3859000,2007000,1371000,1566000,,391000,8826000,,3838000,,,678000,460000,,,,,,1900000,,1900000,0.30421757981868347,0.1497832085139929,0.21527305687740766,0.03626330311391407,0.30256208119826566,1.463894967177243,-0.18308861411643482,-0.23193916349809887,15528000,4997000,0.15352910870685213,0.20607934054611024
1467154,2019,0,46302000,20675000,29038000,7364000,28100000,,,-1716000,-168429000,5991000,,,-28561000,-29239000,23045000,,1047000,1664000,,,,,0.44652498812146346,0,0,-0.6314846010971449,0.1293896591939873,3.943237370994025,1.1908772593924482,1.0412265758091994,21134000,2935000,-1.7328002271221727,0
1467623,2019,0,2699200000,1890800000,1243200000,1014800000,551300000,,36700000,808400000,-1726200000,854100000,411000000,1250300000,-80500000,-30300000,662100000,,,,,,,,0.7005038529934795,0,0,-0.011225548310610551,0.31642708950800236,1.225068979109184,1.6465339739190117,0.011008522727272728,1019900000,844800000,-0.2060986371212864,0
1475348,2019,0,6937212000,6356067000,,,75578000,,,549745000,129806000,,,,,45060000,,,100970000,2800000,,,,,0.9162278736760532,0,0,0.006495404782209337,,,0.21612024444374323,,5704380000,,0.012163285054642222,0
1478242,2019,0,22549000000,15595000000,3874000000,3534000000,891000000,,,6714000000,807000000,4486000000,,1928000000,665000000,1277000000,,1622000000,346000000,1202000000,,5915000000,,5915000000,0.691604949221695,0.26231761940662557,0.8809949359547214,0.05663222315845492,0.19894452082132244,1.0962082625919638,-0.00848650074751561,0.08436064781242446,22742000000,4137000000,0.011388620174127166,0.23098232345440156
1487931,2019,0,642608,8332567,984587,7631723,10773,,19498,4594,-31811792,562763,78333,484430,-3385454,0,,,-1565491,13468,,177200,,177200,12.966796242810547,0.27575131339790354,38.57205050065303,0,0.8757485123123273,0.12901241305534805,0.3412563738105525,0.11431598122883789,479109,505030,-8.333898966623462,0
1489393,2019,0,28278000000,,10566000000,5513000000,332000000,4515000000,2981000000,10257000000,6763000000,34484000000,28059000000,,5460000000,4879000000,106000000,859000000,491000000,442000000,445000000,8492000000,,8937000000,,0.3160407383831954,0.8713073998245101,0.1725369545229507,1.2194638941933658,1.9165608561581715,0.07906586277951615,0.21192099529064454,26206000000,28454000000,0.1463786919026177,0.3279401663741128
1500861,2019,0,112032,545055,109371,545055,638,2645,42110,-378430,-1045478,76562,16541,60021,-108773,-68191,,168794,,1229,,,,,4.865172450728363,0,0,-0.6086743073407598,0.6833940302770637,0.20066048380438672,-0.1918515739965952,0.3871937962023482,138628,55192,-1.283665637533543,0
1525221,2019,0,764863000,298125000,115872000,28804000,13583000,20673000,,468417000,18285000,231321000,,,-136464000,-28161000,,,16763000,45736000,,165203000,,165203000,0.38977568531880874,0.2159903146053607,0.35268361310541674,-0.03681835832037894,0.3024345536390177,4.022774614636856,-0.03438215269089518,-0.06434141763877878,792097000,247228000,-0.010071998757727905,0.26315716383220744
1525769,2019,0,,,,,,,,,,,,,,,,,,,,,,,,,,,,,NaN,NaN,1273187000,536469000,0.09206895766293562,0.3096560049702047
1526520,2019,0,2167000000,696000000,915000000,393000000,655000000,,205000000,1502000000,1043000000,1556000000,,,124000000,-19000000,,,15000000,,,,,,0.32118135671435166,0,0,-0.008767881864328565,0.7180433779418551,2.3282442748091605,0,-0.03653250773993808,2167000000,1615000000,0.05214582371942778,0.10936778957083526
1527599,2019,0,188574000,,133246000,8863000,26184000,,,156905000,-171138000,2224000,,,-54409000,-51373000,41905000,,21000,,,,,,,0,0,-0.2724288608185646,0.011793778569686171,15.03396141261424,0.8914332139740619,-0.1104,99699000,2500000,-0.485812295007974,0
1534708,2019,0,35865863,28532545,14470119,6137602,343293,12393235,1326067,7333318,-44234087,15596624,10139663,5456961,-13715157,-16908104,,7452877,523391,1696755,,5413426,,5413426,0.7955348795036662,0.1509353336904231,0.7381959980461777,-0.47142610230792437,0.43485985545642664,2.3576176819546135,2.9723116658443134,1.5470071903205842,9028965,6123510,-1.002071555266855,0.2547357310610906
1534992,2019,0,340012000,410405000,39283000,63620000,,3394000,,158236000,1884000,658263000,207453000,,-71145000,-84386000,,,3700000,39195000,,76823000,,76823000,1.207030928320177,0.22594202557556792,0.4854963472281908,-0.2481853581638295,1.935999317671141,0.6174630619302106,-0.1878545546614309,0.6467443512718394,418659000,399736000,0.018599862895578502,0.19021685906668673
1541119,2019,0,716735000,645108000,,,60680000,,,65160000,46165000,192000,,,,7039000,,5472000,5360000,,84000000,,,84000000,0.9000648775349327,0.11719812762038968,1.289134438305709,0.009820924051427654,0.0002678814345608907,,0.11079684584436275,0.07865168539325842,645244000,178000,0.007942731741790703,0.09143827761281004
1543066,2019,0,1539,371642,1539,8007,0,,,-370103,-413868,,,,,-34674,,,,,,,,,241.48278102664068,0,0,-22.530214424951268,,0.19220681903334583,,,0,,,
1553643,2019,0,10219733,8561155,9984381,5904698,9216554,,,1460284,-94344307,,,,-6917475,-8960852,2942625,,,,,,,,0.8377082845510739,0,0,-0.8768186018167011,,1.690921534005634,2.6024005586334207,,2836923,,-3.158651821004659,0
1572758,2019,0,1132980000,642743000,,,4845000,,27131000,520253000,,103662000,,,34576000,11750000,,,,37990000,,603891000,200000000,200000000,0.567303041536479,0.17652562269413405,0.3844283454396226,0.010370880333280376,0.09149499549859662,,-0.022365193170414334,0.18863446124915434,1158899000,87211000,0.0034550034127219026,0.2670638252341231
1574596,2019,0,696097000,370430000,,,123546000,,10354000,239954000,38584000,,500000,90926000,,-14216000,,,0,,,304832000,,304832000,0.532152846514207,0.4379159801004745,1.2703768222242597,-0.020422441125302938,,,0.0800372995382553,NaN,644512000,694456000,0.032616925673998313,0.4944143786306539
1580905,2019,0,1099479000,849448000,581949000,214149000,177889000,74606000,244519000,250031000,173371000,1511629000,1076809000,434820000,121160000,476000,,,28104000,38862000,,569195000,,569195000,0.772591381918163,0.5176951992716551,2.276497714283429,0.0004329323252194903,1.3748593652084304,2.717495762296345,0.3172808503602673,5.871603131165277,834658000,219982000,0.04928964917367353,0.41643044216912795
1584480,2019,0,3396,85606,3396,85606,0,,0,147,-118356,0,0,0,-20139,0,,,,,,,,,25.20789163722026,0,0,0,0,0.03967011658061351,,,0,0,,
1585101,2019,0,1573545000,982024000,,,45875000,,,591521000,,2121000,,,,-19561000,,,,46193000,,152000000,,152000000,0.6240838361788191,0.09659717389715579,0.25696467242921217,-0.01243116656975174,0.0013479118804991278,,0.6584073631813531,-0.8706549579216978,948829000,16398000,-0.000940106172977428,0.06934863921739323
1591913,2019,0,1077999,1671118,58038,1671118,2979,,,-593119,-22185031,0,0,0,-807934,-3729106,,,2061415,,,,,,1.550203664381878,0,0,-3.4592852126950024,0,0.034730043001152525,0.01318171308697393,-1,1063974,7936273,-4.763024284428003,0
1592016,2019,0,,,,,,,,,,,,,,,,,,,,,,,,,,,,,NaN,NaN,899287000,40597000,-0.03362663977128547,0.44919697493681104
1595974,2019,0,395120000,283184000,313050000,267499000,88888000,,217571000,111936000,-341084000,156414000,57391000,,-27583000,-25478000,40269000,,,32126000,,,,,0.7167037861915367,0,0,-0.06448167645272322,0.3958645474792468,1.1702847487280326,0.0975189715898359,0.2544732726470706,360012000,124685000,-0.1717220537093208,0
1598014,2019,0,16062300000,,1099400000,2320300000,138900000,,29800000,8020500000,2743100000,3599700000,1348400000,,531100000,416900000,,1096000000,154300000,492500000,250000000,5135000000,,5385000000,,0.3352570926953176,0.6714045259023752,0.025955186990655136,0.22410862703348836,0.47381804077059003,0.10360440828890233,0.31625713032031594,14554400000,2734800000,0.010498543395811575,0.3925479580058264
1601046,2019,0,5824000000,3391000000,2378000000,1462000000,913000000,619000000,7000000,2433000000,1212000000,4303000000,1492000000,,148000000,102000000,507000000,1058000000,80000000,,499000000,1291000000,,1790000000,0.5822458791208791,0.3073489010989011,0.7357172215371969,0.017513736263736264,0.7388392857142857,1.6265389876880985,-0.018371818641496715,0.4686006825938567,5933000000,2930000000,0.05646384628349907,0.3451879319062869
1602065,2019,0,2785626000,417022000,72664000,6022000,3602000,,58089000,,,172033000,789000,,113821000,111478000,,,,,,411000000,,411000000,0.14970494962353165,0.14754313752097376,,0.040019011884581776,0.061757393131741306,12.066423115244104,1.7497771552273016,,1013037000,,-0.010758738328412487,0
1606163,2019,0,253634000,207266000,204986000,182138000,1619000,,135687000,48160000,-8424000,546526000,487095000,59431000,1070000,-1845000,,57089000,,5683000,,5000000,,5000000,0.8171853931255273,0.019713445358272155,0.10382059800664452,-0.0072742613372024255,2.1547820875750094,1.1254433451558707,0,0.2471242204418238,253634000,438229000,-0.0072742613372024255,0.013799411750790509
1606498,2019,0,2604600000,534400000,538500000,212500000,118900000,0,4500000,1265200000,-288300000,0,295400000,0,-30600000,-45900000,37700000,29900000,17300000,36900000,,249800000,,249800000,0.20517545880365506,0.09590724103509177,0.197439140056908,-0.017622667588113337,0,2.5341176470588236,0.18611958650211757,-1,2195900000,566200000,0.018124686916526255,0.2645384580354297
1616707,2019,0,1076733000,3897256000,1377138000,1611519000,582753000,61692000,99720000,-944208000,-1082689000,9127057000,6979725000,2147332000,-929941000,-984584000,,,21697000,191600000,,371420000,,371420000,3.6195194166056024,0.34495088383099615,-0.39336671580838123,-0.9144179661996057,8.476620480657694,0.8545589595902996,-0.11263364273864496,1.7000251452508017,1213403000,3380360000,-0.16018997810290564,0.27435649986031024
1617669,2019,0,,,,,,,,,,,,,,,,,,,,,,,,,,,,,NaN,NaN,122805335,170462953,0.05442857999613779,0.4553762831232047
1619312,2019,0,72145125,13813432,,,14064001,,,68181807,-14653270,,,,1205280,-187781,,,186954,,,16000000,,16000000,0.19146729595381531,0.2217752065714766,0.2346667051520063,-0.002602823129074903,,,-0.11792803126817142,,81790520,,0,0
1620280,2019,0,5017000000,6500164000,,,43423000,,77623000,-1566868000,1900000,685099000,,,-2174000,10582000,,,305994000,405754000,,5017679000,,5017679000,1.2956276659358181,1.0001353398445285,-3.202362292165007,0.0021092286226828782,0.13655551126171017,,0.09232937442860636,4.17598839537326,4592937000,132361000,0.003524324413768358,1.055149025558156
1625285,2019,0,32,,32,21893,32,,0,-21861,-48261,0,,,-10228,-10228,,,,5000,9356,,,9356,,292.375,-0.4279767622707104,-319.625,0,0.0014616544100854154,-0.9938473370505672,,5201,0,-1.964045375889252,1.152086137281292
1626971,2019,0,118232000,7896000,115589000,7027000,39196000,,,132801000,-170473000,,,,-56524000,-55663000,46305000,,,842000,,,,,0.06678395019960755,0,0,-0.4707947087083023,,16.449267112565817,0.24750197836982327,,94775000,,-0.38380374571353204,0
1632275,2019,0,452974,1065376,986058,1065376,189429,235101,426895,2408,-1118259,5592820,2271707,3321113,267116,292507,,2792629,,,,,,,2.351958390547802,0,0,0.6457478795692468,12.346889666956603,0.925549289640465,0.3398307516201643,11.094623525697306,338083,462422,-2.1175096056293867,0
1637655,2019,0,521350000,587570000,319370000,202810000,27650000,152200000,95170000,-63720000,-222720000,714010000,604530000,109480000,-190630000,-203960000,12900000,171130000,27450000,8160000,13860000,350650000,,364510000,1.1270163997314664,0.6991656276973243,-5.720495919648462,-0.39121511460631053,1.3695406157092165,1.5747251121739558,-0.21130659728000242,0.0998305606900801,661030000,649200000,-0.018698092370996778,0.41690997382872186
1638290,2019,0,176924000,124402000,37186000,50906000,7909000,20467000,5515000,-8379000,-3091000,266319000,353254000,63476000,33259000,19570000,5566000,,2222000,3231000,,75156000,,75156000,0.7031380705839796,0.42479256629965406,-8.969566774078052,0.11061246636974068,1.5052734507472134,0.7304836365065022,1.1234022635350032,0.2018005415162455,83321000,221600000,0.12253813564407533,0.4137852402155519
1645113,2019,0,479448000,261658000,321369000,86311000,140622000,23701000,36523000,664154000,-650885000,250000000,2688000,262712000,-914000,-7230000,79003000,,14643000,8460000,,149424000,,149424000,0.5457484440439839,0.3116584071682435,0.22498396456243583,-0.015079841818090805,0.5214329812617844,3.7233840414315673,0.41100022660855284,9.888976000696895,339793000,22959000,-0.18705211702418825,0.4392909800967059
1651094,2019,0,783587000,636482000,,,58313000,,,13567000,-66525000,673132000,450332000,222800000,70863000,-6916000,,,73043000,10272000,,562590000,,562590000,0.8122671764590276,0.7179675007369953,41.4675315102823,-0.008826078023244388,0.8590392643063246,,0.13969162656008424,0.15969064900653124,687543000,580441000,-0.03254051019354426,0.7465642148927413
1651311,2019,0,263376000,132076000,247368000,36787000,197612000,,941000,1935000,-314599000,31133000,,,-58657000,-55151000,680000,,,900000,,,,,0.5014731790292206,0,0,-0.20940024907356783,0.11820742968227933,6.724331965096366,,,,,,
1660280,2019,0,558612000,459707000,362962000,327643000,74363000,,94827000,98905000,-565121000,354586000,60818000,293768000,-90799000,-99013000,87064000,,,6880000,,,,,0.8229450853186111,0,0,-0.1772482510221764,0.6347625901341182,1.1077972061054258,2.3991858193833404,0.7227380275668401,164337000,205827000,-0.22641279809172615,0
1660334,2019,0,68424000,3409000,64983000,3351000,9241000,,,65015000,-61192000,,,,-30080000,-20648000,15436000,,,,,,,,0.049821699988308196,0,0,-0.30176546241085,,19.39212175470009,-0.25550018497160143,,91906000,,-0.2410071159663134,0
1661181,2019,0,220687000,165104000,125600000,59894000,21405000,22918000,34077000,10000,-171007000,221250000,75948000,185033000,-29459000,40454000,14799000,199693000,8996000,,,56642000,,56642000,0.7481365010172779,0.2566621504664978,5664.2,0.18330939294113383,1.002551124443216,2.097038100644472,0.3482997104070187,0.10625,163678000,200000000,-0.39608866188492037,0
1662253,2019,0,179603662,9264237,112260,189237,78697,,,5770,1562312,,,,-668087,1581542,,,,,,,,,0.0515815596232108,0,0,0.008805733593561137,,0.593224369441494,0.01520196067451198,,176914219,,-0.0000921180902932398,0
1666244,2019,0,223618197,95561348,,,17305001,,,125017931,-10543287,2323751,,,,848403,,,3233865,4990793,,84145184,,84145184,0.4273415548556632,0.3762895199445687,0.6730649221830427,0.003793980147331212,0.01039160064419981,,0.6045930349854044,0.07434089012485234,139361316,2162955,0.0030355769602520115,0.3734895844410654
1667615,2019,0,,,14813,28087,12942,,,-25388,-70388,,,,,-26777,,,,,,10012,,10012,,,-0.3943595399401292,,,0.5273970164132873,,,,,,
1668397,2019,0,967933000,405919000,178114000,263116000,50000000,,,726283000,68109000,0,,,127263000,73185000,,95245000,,,,0,,,0.41936683634094507,0,0,0.07560957215013848,0,0.6769409690022652,0,-1,967933000,189026000,0.013869761646725548,0.08236210564160949
1673985,2019,0,1235969000,614288000,290537000,284724000,7050000,171700000,,420338000,229166000,1514984000,1161921000,135472000,,146699000,13900000,75375000,,,,297000000,,297000000,0.49700922919587787,0.2402972890096758,0.7065742331171581,0.11869148821693748,1.225745953175201,1.0204162627667495,0.19460462041356008,,1034626000,,0.06402700106125306,0.19330656681738134
1674910,2019,0,1854000000,,725000000,411000000,96000000,176000000,401000000,-330000000,-399000000,531000000,1308000000,776000000,394000000,304000000,13000000,396000000,,,,147000000,1342000000,1342000000,,0.7238403451995685,-4.066666666666666,0.16396979503775622,0.28640776699029125,1.7639902676399026,-0.03185378590078329,-0.7247278382581649,1915000000,1929000000,0.14255874673629243,0.5869451697127938
1688126,2019,0,5382094,4164955,5271794,4164955,2448,,0,-959969,-28456550,5000,0,,-9027534,-25420109,,,0,1214827,,,,,0.7738540055227575,0,0,-4.723089005877638,0.0009290064424738772,1.2657505303178547,-0.47160516419862547,0,10185743,5000,-2.4956558397359916,0
1688476,2019,0,1091965000,778135000,688054000,386194000,20100000,61641000,,-116000,-73333000,1821556000,1403932000,401845000,126698000,59331000,7100000,123676000,21856000,270918000,,337623000,,337623000,0.7126006785931783,0.3091884813157931,-2910.543103448276,0.05433415906187469,1.6681450412787955,1.7816278865026385,,,,,,
1688487,2019,0,,,,,,,,,,,,,,1409305,,,,,,,,,,,,,,,,,,,,
1689490,2019,0,15649,44273,15649,,4986,,,-59850,-59850,0,,,,174613,6643,,0,34,,,,,2.8291264617547447,0,0,11.15809316889258,0,,1.926687862352721,,5347,0,-24.64765288947073,0
1703625,2019,0,29493,26063,8207,26063,,,,2186,-40270,15200,11,15189,-39456,-39456,,,,,16763,,,16763,0.8837012172379887,0.5683721561048385,7.6683440073193045,-1.3378089716203845,0.5153765300240735,0.3148908414227065,10.163133989401969,0,2642,15200,-14.934140802422407,0
1706524,2019,0,7407692,12416026,3998205,12317185,1178852,676175,1564969,-5008334,-16890626,24189803,17563594,6626209,-5860605,-8350573,,,704230,266476,,0,,,1.6760991142720296,0,0,-1.1272840447470007,3.2654979445689696,0.3246037954289068,0.2894684620638898,0.20642727244072748,5744764,20050776,-0.6781606694374216,0
1714798,2019,0,187102000,21760000,174461000,11833000,168051000,,,165342000,-84102000,,,,-65803000,-19087000,1900000,,471000,,,,,,0.11630019989096856,0,0,-0.1020138747848767,,14.743598411222852,,,,,,
1715433,2019,0,959452,77015,930906,77015,839323,,,423676,-562652,0,,,-560834,-541239,,,0,12822,290542,,,290542,0.08026977899884517,0.3028207768601243,0.6857645936989586,-0.564112639298266,0,12.087333636304615,0,,959452,0,-0.564112639298266,0
1716621,2019,0,44081000,10931000,36000000,6814000,14584000,2777000,786000,1000,-117157000,6568000,4036000,-2761000,-57730000,-56957000,4530000,51549000,250000,,,558000,,558000,0.24797531816428847,0.01265851500646537,558,-1.2920986366008032,0.14899843469975727,5.283240387437629,2.9117046765462775,1.079138968027857,11269000,3159000,-2.7360014198242966,0.0709912148371639
1717547,2019,0,2464963000,3117364000,,,14109000,,46456000,0,-819738000,539094000,,,,-414512000,,,87730000,0,,18320000,,18320000,1.2646696928108048,0.007432160239322051,,-0.16816155049791823,0.21870267423892367,,0.340089333381175,2.4061666771971946,1839402000,158270000,0.04134550250570566,0.21184113097626295
1720592,2019,0,782042151,321527080,43882522,51959437,24617996,,14068477,254353036,-53878460,82186411,57582000,,-48209000,10537443,,96960000,,29980000,,207942705,,207942705,0.4111377878914355,0.26589705520872875,0.8175357694570629,0.013474264765045893,0.10509204765357974,0.8445534542647181,4434.1054897068,,176330,,8.639641581126297,0
1730984,2019,0,1478395000,138526000,,,128684000,,,78063000,51321000,15003000,,,,5260000,,,4312000,762000,,,,,0.09370026278497966,0,0,0.00355791246588361,0.010148167438336846,,6.074235703382572,0,208983000,15003000,0.02516951139566376,0
1737372,2019,0,3035000,17697000,401000,15357000,6000,,321000,-14662000,-3123000,5275000,4156000,1119000,-4307000,-5415000,0,,,18000000,596000,,,596000,5.830971993410214,0.19637561779242174,-0.040649297503751194,-1.7841845140032948,1.7380560131795717,0.02611187080810054,-0.7912654745529574,0.1803535466547326,14540000,4469000,-0.5433975240715269,0
1739104,2019,0,8985800000,3438900000,2373100000,818500000,334000000,1050700000,816900000,0,84300000,787900000,1493900000,,,67900000,251700000,779800000,78900000,314500000,,2355000000,,2355000000,0.3827038215851677,0.26208017093636626,,0.007556366711923257,0.08768278839947473,2.899328039095907,0.00508931467624129,-0.7295692466106058,8940300000,2913500000,-0.005357762043779291,0.2765343444850844
1739426,2019,0,795624000,411777000,172364000,114001000,34744000,24383000,56424000,383847000,-102120000,263701000,140082000,123619000,-98538000,-109681000,43693000,74243000,20790000,81573000,,268577000,,268577000,0.5175522608669422,0.33756774556825836,0.6996980567778307,-0.1378553185927021,0.33143922254733393,1.5119516495469338,-0.1349469729411584,0.0730500049334884,919740149,245749032,-0.04473199418850204,0.34858235268796556
1750735,2019,0,997480000,887928000,,,148000,,,109552000,15453000,,,,,8163000,,,11407000,1422000,114300000,,,114300000,0.8901712315033885,0.1145887636844849,1.043340148970352,0.00818362272927778,,,0.1652327299701531,,856035000,,0.0035419112536286485,0.1268791579783537
1762322,2019,0,125621,102290,25000,102290,,,,23331,-1669,,,,-764976,1325822,,,,,,,,,0.8142746833730029,0,0,10.554143017489114,,0.24440316746505034,,,,,,
1771917,2019,0,393024000,3108000,392706000,2958000,208929000,,,389916000,-75512000,,,,-45405000,-43957000,24536000,,,58000,,,,,0.00790791402051783,0,0,-0.11184304266406123,,132.76064908722108,,,,,,
1773427,2019,0,48390000,4829000,47030000,3677000,45648000,,,0,-22500000,,,,-18491000,-17813000,9898000,,,,,,,,0.09979334573258938,0,,-0.368113246538541,,12.790318194180038,,,,,,
18172,2019,0,,,,,,,,,,,,,,,,,,,,,,,,,,,,,NaN,NaN,332285000,581970000,-0.11178656875874626,0.6195735588425598
2969,2019,0,3854300000,8002000000,5082200000,2338300000,2791300000,396100000,1260200000,10857500000,13409900000,8187600000,-24100000,2740700000,1440000000,3000400000,57600000,713500000,120600000,1082800000,58200000,3758300000,,3816500000,2.07612277196897,0.9901927717095192,0.35150817407322127,0.7784552318190073,2.124276781776198,2.173459350810418,-0.7862119077465805,-0.08315603233970124,18028600000,8930200000,0.08307910764008299,0.2148308798242792
317788,2019,0,82861000,46503000,37123000,38308000,10894000,,22707000,62045000,-296118000,74751000,49696000,25055000,-5809000,-52857000,9653000,,2067000,2660000,,20000000,,20000000,0.5612169778303424,0.24136807424481962,0.3223466838584898,-0.6378996150179216,0.9021252458937257,0.9690665135219797,-0.043252854850069855,0.8591538786778422,86607000,40207000,-0.2801621116076068,0.044719249021441684
356590,2019,0,190771,5476365,190771,5476364,7819,,3600000,-4156573,-166195868,,,,-1861764,-1428835,,,,,292306,,,292306,28.70648578662375,1.5322349833045903,-0.07032379799416491,-7.489791425321458,,0.03483533965236788,-0.3582179430247736,,297252,,-9.699231628382652,1.6221556120732576
40545,2019,0,311072000000,259591000000,,,17613000000,13803000000,13883000000,28316000000,87732000000,18625000000,70029000000,,386000000,-8484000000,,13404000000,,880000000,3008000000,32917000000,90882000000,90882000000,0.834504552000823,0.29215744264993315,3.2095634976691625,-0.027273428659602923,0.05987359839522683,,-0.1337985419996547,-0.8309446224505541,359122000000,110171000000,0.02088426774188159,0.374777930619678
41719,2019,0,1283794000,727835000,477332000,230503000,126201000,190415000,124442000,555959000,725795000,,6468000,147542000,54635000,7914000,,44400000,10408000,50820000,,250000000,,250000000,0.566940646240752,0.1947352924223045,0.449673447142685,0.006164540416920472,,2.0708277115699145,0.21509726123861372,,1056536000,,-0.16810028243240174,0.10836829033748022
50292,2019,0,26084652,3816396,23469556,3334183,,12021443,3833090,17072216,18442349,28406666,16377063,,7676618,5160776,,4007145,63271,345840,,,,,0.14630810485798315,0,0,0.19784722449047815,1.0890184005521715,7.03907254040945,0.3441041041453682,0.210200499354697,19406720,23472694,0.13219951645615538,0
6955,2019,0,1485217000,926505000,1047233000,354008000,179604000,72020000,123261000,520950000,1166955000,616591000,356221000,260370000,-84852000,-66213000,8900000,,,22925000,,535059000,,535059000,0.623817933675685,0.36025644737435675,1.0270832133602072,-0.04458136420469198,0.4151521292848116,2.9582184583399247,-0.020922176333510224,-0.4635586953306479,1516955000,1149410000,-0.06933231374694701,0.3724955585366738
701719,2019,0,27003394,15809220,18351349,4808939,4510660,9509454,2997743,11194174,-29247747,82024497,65768655,16255842,3241034,2780713,,12494510,414961,520298,1000000,9639052,,10639052,0.58545307304704,0.39398943703150796,0.9504097399236424,0.10297642585224658,3.037562500476792,3.816091033801843,1.0281020559891603,0.5173889399066451,13314613,54056343,0.04939572783677603,0.0001766480182338007
703351,2019,0,1002800000,,177000000,421600000,10900000,23200000,55000000,-13600000,2771200000,2628300000,823000000,,300200000,154900000,,,61600000,120100000,,345200000,,345200000,,0.3442361388113283,-25.38235294117647,0.15446749102512963,2.6209613083366574,0.4198292220113852,-0.2855682361414985,-0.1931515348171552,1403633000,3257489000,0.1429290989881258,0.21224351379598513
715957,2019,0,103823000000,69790000000,6088000000,9939000000,166000000,,2278000000,-235000000,7576000000,16572000000,107000000,,2514000000,314000000,,,69000000,2655000000,911000000,267000000,,1178000000,0.6722017279408223,0.011346233493541894,-5.012765957446809,0.0030243780279899444,0.15961781108232279,0.612536472482141,0.35565711301168634,153.8785046728972,76585000000,107000000,0.0023372723118104065,0.13178820917934322
718877,2019,0,19845000000,7040000000,7292000000,2915000000,5794000000,32000000,848000000,-5563000000,7813000000,3607000000,656000000,,2054000000,1848000000,998000000,,,328000000,,648000000,,648000000,0.3547493071302595,0.0326530612244898,-0.1164839115585116,0.09312169312169312,0.181758629377677,2.5015437392795885,0.06304906792371974,-0.4541464891041162,18668000000,6608000000,0.05174630383544033,0.23516177415898865
719220,2019,0,1232607000,7572651000,,,197823000,,,1191998000,761083000,13405000,,,,98234000,,,73693000,,19888000,39277000,,59165000,6.143605382737563,0.047999889664751216,0.04963515039454764,0.07969612374422667,0.010875323602737937,,-0.8254160791642795,2.4782044628956927,7060255000,3854000,0.010111816074631866,0.10360121553683259
723188,2019,0,11410295000,9555061000,,,211834000,,,1855234000,882851000,10600000,,,,169063000,,,26552000,,,,,,0.8374070083201179,0,0,0.014816707192934101,0.0009289856221946935,,0.07570261786817468,-0.7389162561576355,10607295000,40600000,0.014208806297929867,0.0022625938092605134
728387,2019,0,9422000,1742000,7315000,1121000,5326000,530000,,7680000,-84492000,,4267000,3047000,-5254000,-5144000,266000,,,,,,,,0.18488643600084909,0,0,-0.5459562725535979,,6.52542372881356,0.26384976525821596,NaN,7455000,5923000,-0.8987256874580818,0
732712,2019,0,291727000000,,37473000000,44868000000,2594000000,1422000000,25429000000,-713000000,53147000000,108605000000,32185000000,,30378000000,19265000000,,29896000000,4730000000,11308000000,0,3300000000,111489000000,111489000000,,0.38216894562381953,-156.36605890603084,0.06603776818738066,0.3722829906042293,0.8351832040652581,0.13449325861485634,107.605,257143000000,1000000000,0.051049416083657734,0.4553691914615603
740663,2019,0,393431000,3708735000,,,47358000,,,389108000,274376000,2078000,,,,41555000,,,43681000,,190710000,337472000,528182000,528182000,9.426646603851756,1.3425022430870979,1.3574174779238668,0.10562207858557154,0.005281739364717066,,-0.8989831843619599,0.08682008368200837,3894708000,1912000,0.00792870736394102,0.18099893496508596
771266,2019,0,43046515,,33764641,11309713,6029247,3768696,6023250,28608635,-301236913,3500000,5600066,,-26379662,-34533542,9132969,21316459,,792221,,,,,,0,0,-0.8022378118182157,0.08130739503534723,2.9854551569964682,-0.5286318299030173,-0.8454238799613083,91322490,22642566,-0.25808228619259066,0
77281,2019,1,2351267000,1923842000,,,12211000,,41261000,423679000,,100000,,,,-10872000,,,63987000,137784000,,550000000,,550000000,0.8182150304495406,0.23391643739311613,1.298152610820928,-0.004623890013341743,0.00004253026134420293,,-0.09174392018451999,-0.9997499662454431,2588771000,399946000,-0.0037326592425517744,0.21245602643107483
776867,2019,0,,,,,,,,,,,,,,,,,,,,,,,,,,,,,NaN,NaN,3659200000,157700000,0.11177306515085264,0.006504153913423699
791915,2019,0,3556114000,1455859000,1102469000,614954000,415462000,297904000,301755000,2100255000,-1116438000,31100000,1375289000,,123263000,40428000,362716000,344046000,58745000,284656000,,400000,,400000,0.40939604298399884,0.00011248233324353494,0.0001904530640327008,0.011368589420924077,0.008745501409684841,1.7927666134377531,0.0053898022363268825,-0.9838282613352968,3537050000,1923108000,-0.1931649255735712,0.26458150153376403
803649,2019,0,3530772000,346774000,,,2351693000,,19554000,3182801000,2870974000,340571000,,,,29656000,,,52183000,28122000,,25691000,,25691000,0.0982147813565985,0.007276312375877004,0.008071821015514322,0.00839929624456068,0.09645794177590623,,-0.1666703249629155,2.717658745319783,4236945000,91609000,0.054967435262907594,0.2002806267251522
8063,2019,0,629371000,393859000,343081000,120640000,31906000,145787000,147998000,388857000,428584000,6174000,616560000,156142000,1701000,52017000,108900000,143358000,,27879000,,188000000,,188000000,0.6257978203635058,0.2987109352035604,0.48346821582226884,0.08264918466214681,0.00980979422312118,2.843841180371353,-0.028553567845401084,-0.9923137829035824,647870000,803256000,0.07224134471421736,0.3503789340454103
807707,2019,0,5257000,90861000,217820000,71022000,37425000,99110000,69714000,376179000,122139000,476000,285113000,-350000,-49455000,-26443000,7748000,,799000,878000,,54074000,7614000,7614000,17.28381206011033,1.4483545748525775,0.020240364294657597,-5.030055164542515,0.09054593874833555,3.066937005434936,-0.9908676195704289,-0.999074883874604,575644000,514530000,0.061329571749206106,0.006366782247361216
811830,2019,0,135634285000,111787053000,,,6500000000,,,21321057000,3783405000,0,,,,552350000,,,1452129000,1606862000,59900000,50654406000,,50714306000,0.824179911443482,0.37390476898964004,2.3786018676278573,0.004072347931793204,0,,0.05737507116085598,-1,128274525000,138108000,0.0028289638959879213,0.35106334636592884
818677,2019,0,912614259,832095826,,,9374549,,,80518433,72610165,,,,,5918340,,,4175301,1500000,,,,,0.9117716689105556,0,0,0.006485040028286475,,,0.05041554421565197,,868812599,,0.006819256542572307,0
822416,2019,0,572986000,5355194000,,,1110088000,,6200000,4659363000,1613929000,9915705000,119289000,,,447221000,,891581000,503000,50998000,,,,,9.346116659045771,0,0,0.7805094714356022,17.30531810550345,,-0.9436756756331677,,10172976000,0,0.10046450517528008,0
831547,2019,0,263433000,73040000,244020000,61970000,64418000,,441000,190393000,-10200000,700000,,,-140698000,-112689000,79325000,61373000,3132000,1620000,,,,,0.277262150148235,0,0,-0.4277710081880402,0.00265722213997487,3.9377117960303374,-0.4595569907208902,,487439000,,-0.14313585905108125,0
834285,2019,0,3341290000,3092122000,,,,,,249168000,-12216000,14000,,,,-3500000,,,27057000,6482000,0,,,,0.9254276043085156,0,0,-0.0010474996184108533,0.000004189998473643413,,0.21355959782035866,0.07692307692307693,2753297000,13000,0.0031333343260825115,0.03319656397402823
835887,2019,0,119470000,72917000,63732000,22068000,42049000,,15976000,46553000,-677760000,,3168000,,-66159000,-68552000,49223000,47838000,4402000,2366000,,39519000,,39519000,0.6103373231773667,0.3307859713735666,0.8489034004253216,-0.5738009542144471,,2.8879825992387165,-0.2951497666625368,,169497000,,-0.3991634070219532,0.2311545337085612
851520,2019,0,563411000,213160000,364044000,123960000,176436000,,120138000,-209436000,384668000,351856000,,,85111000,82460000,,,,6806000,,,,,0.37833837110031576,0,0,0.1463585198017078,0.6245103485732441,2.936786060019361,0.20146672467031748,0.12496003478572251,468936000,312772000,0,0
854560,2019,0,5015072000,4412006000,,,279769000,,,603066000,,,,,,73612000,,,5397000,,228157000,,,228157000,0.8797492837590367,0.0454942620963368,0.37832840849923555,0.014678154172063732,,,0.07246738805012617,,4676200000,,0.014351182584149523,0.04121401993071297
862861,2019,0,34621000,13010000,8839000,9265000,1195000,1348000,7226000,10341000,-16518000,35097000,27311000,7786000,-12431000,-11964000,,20217000,,99000,0,,,,0.37578348401259354,0,0,-0.3455706074347939,1.0137488807371249,0.954020507285483,-0.26167068307351093,-0.15518486424032352,46891000,41544000,-0.008061248427203514,0.11893540338231218
86312,2019,0,104233000000,81339000000,,,373000000,,,19138000000,8065000000,29638000000,,,,2622000000,,2973000000,344000000,763000000,600000000,,6558000000,6558000000,0.7803574683641457,0.06291673462339183,0.34266903542689936,0.025155181180624177,0.28434372991279155,,0.007247567233265367,172.3216374269006,103483000000,171000000,0.029125556854749088,0.06349835238638231
868082,2019,0,42008220,,33081421,3562082,12566868,,1208634,,,,321004,,1770861,2355677,,,,677256,,,,,,0,,0.05607657263268951,,9.28710259898565,0.03346308793650228,,40648012,,0.10925412539240542,0
875582,2019,0,500000,750000,33302362,7730182,5856758,9130861,,53076745,41963341,51424821,34165440,17259381,8017449,6701366,3524953,,17962,,,,,,1.5,0,0,13.402732,102.849642,4.308095462694151,-0.9921320847979982,0,63549236,51424821,0.10545155885115598,0
877860,2019,0,,,,,,,,,,,,,,,,,,,,,,,,,,,,,NaN,NaN,2545821000,248460000,0.059525001954182956,0.44995190156731363
878927,2019,0,3995568000,914851000,866834000,366085000,403571000,,397579000,3080717000,2850318000,,,,818706000,605668000,,,,253681000,,,,,0.2289664448208615,0,0,0.15158495613139358,,2.367848996817679,0.1270096068494391,,3545283000,,0.08342493391923861,0.01269292183444876
882104,2019,0,963736000,233957000,517217000,52470000,147154000,18942000,20655000,0,828547000,377000,30537000,,193780000,110748000,7381000,,20221000,,,30670000,,30670000,0.24276046552167813,0.03182406800202545,,0.11491528800418371,0.00039118596794142797,9.857385172479512,-0.22474606293986998,0,1243123000,377000,0.05116629649680683,0.20110640700879961
885975,2019,0,4501351000,,660826000,573273000,426216000,19319000,95076000,1417257000,433033000,1794982000,,,394649000,265643000,,,105918000,237513000,,1809311000,,1809311000,,0.40194843725805873,1.2766287271821555,0.0590140604454085,0.39876517072318957,1.152724792550844,0.10382421602958342,0.0032669381942243662,4077960000,1789137000,0.05290292204925993,0.4592068092869964
887919,2019,0,1781010000,1473386000,,,80775000,,,216729000,102743000,14703000,,,,14819000,,,4502000,,,,,,0.8272755346685308,0,0,0.008320559682427387,0.008255428099786076,,0.053780364058067055,-0.29684361549497845,1690115000,20910000,0.011932915807504224,0.0014791892859361642
887936,2019,0,2783142000,1294000000,965353000,612537000,369373000,,693372000,1489142000,1413453000,2352717000,1534896000,,305595000,216726000,,504074000,19206000,30153000,,275609000,,275609000,0.46494214093280184,0.09902800503890927,0.18507905894803853,0.07787098178964638,0.8453456560965987,1.5759913278708062,0.23298398354451297,0.2995607585972998,2257241000,1810394000,0.0378869602315393,0.1755612271795524
900075,2019,0,2307698000,726599000,709116000,277256000,155849000,16734000,367265000,392434000,1162146000,,137552000,,461299000,394227000,,,23779000,75135000,,400000000,,400000000,0.3148587900149846,0.17333290577883242,1.0192796750536397,0.17083127861617942,,2.5576218368583548,0.39875744020559817,NaN,1649820000,1268449000,0.16387242244608502,0.24245069159059776
912752,2019,0,17370000000,14598000000,94000000,1134000000,1333000000,,0,1639000000,492000000,4240000000,,,-147000000,105000000,,35000000,8000000,245000000,0,12400000000,,12400000000,0.8404145077720208,0.713874496257916,7.565588773642465,0.006044905008635579,0.24409902130109384,0.08289241622574955,1.6429940420797517,23.795321637426902,6572092000,171000000,0.08764530380889372,0.0015215855164535128
917225,2019,0,,,12136000,269000,574000,,,24131000,-46654000,408000,,,,-3289000,,,,25000,,,,,,,0,,,45.11524163568773,,,,,,
918251,2019,0,632362000,501509000,352882000,318492000,9911000,225659000,91748000,279755000,64117000,427548000,383623000,107033000,50834000,19264000,5692000,,,,,27872000,,27872000,0.7930726387733609,0.04407601974818221,0.09963003342210149,0.030463563591740173,0.6761127328966636,1.1079775944136745,0.14469785148082914,-0.09570492198554559,552427000,472797000,0.034871575791914584,0.05045372510757078
918965,2019,0,,,,,,,,,,,,,,,,,,,,,,,,,,,,,NaN,NaN,1718303000,3540226000,0.03702431992494921,0.0031595126121528043
920427,2019,0,1579157000,1440669000,,,105895000,,,106291000,50161000,,,,,12893000,,,9453000,,,15000000,260000000,260000000,0.9123025766279097,0.16464480732441422,2.446114910952009,0.008164482695514126,,,0.08496141521515689,,1455496000,,0.009075256819668347,0.07282740728933641
921114,2019,0,14545000,6851000,10360000,2032000,9663000,,,24343000,-138042000,,,,-17658000,-16702000,8372000,,1013000,,1000000,,,1000000,0.4710209694052939,0.06875214850464077,0.04107957112927741,-1.14829838432451,,5.0984251968503935,0.30588974681271325,,11138000,,-1.1526306338660441,0
924717,2019,0,159865000,37349000,81420000,20209000,30361000,4501000,8993000,675000,5498000,1300000,13639000,,6469000,7592000,,23950000,152000,5811000,,,,,0.2336283739405123,0,0,0.04749006974634848,0.008131861257936383,4.028898015735563,0.1703747629819976,-0.9608469114236665,136593000,33203000,0.07310037849670188,0
936446,2019,0,20575550,27584962,11492331,7634259,,7056547,5518783,885156,190067,44388579,23380457,4950151,2595487,2280833,,,-516352,829556,,6167000,,6167000,1.3406670538576126,0.2997246732165118,6.967133477036816,0.11085161757522885,2.1573459275693723,1.5053629959371302,0.2661673557120098,0.028598621944235517,16250261,43154422,0.15484692830472077,0.298456744787053
945114,2019,0,530000000,392300000,497400000,379600000,149700000,107300000,84100000,214400000,-27600000,791800000,518600000,273200000,45700000,40400000,,227200000,,4600000,,,,,0.740188679245283,0,0,0.07622641509433963,1.4939622641509434,1.3103266596417282,-0.06376965200494612,0.05138759792856194,566100000,753100000,-0.05758699876346935,0
1000228,2020,0,1329633000,3233706000,3226502000,2283102000,106097000,1428799000,1246246000,12911000,-400000,2441072000,0,2910747000,718261000,419423000,,68919000,76016000,184942000,73400000,,,73400000,2.432028988450196,0.055203202688260594,5.6850747424676635,0.31544268230406436,1.8358990789187692,1.4132097470897051,-0.4001672777175524,-0.7555457482988599,2216673000,9985803000,0.18329225826272075,0.010815758571516863
1002517,2020,0,5365793000,3192643000,1255213000,1845076000,592299000,,240673000,1931382000,-293612000,1567600000,743402000,824198000,-184304000,-159928000,,,137253000,,,1936406000,,1936406000,0.594999285287375,0.36087974321782446,1.0026012461543081,-0.029805100569477803,0.2921469389519872,0.6803042259505842,0.011959537407642872,-0.1401421321578944,5302379000,1823092000,-0.028477028895897483,0.41214726446374356
1006830,2020,0,740820000,677580000,,,38000,,,63240000,40460000,,,,,5566000,,,3821000,,3686000,,,3686000,0.9146351340406577,0.004975567614265273,0.05828589500316256,0.007513296077319727,,,0.47391960908759917,,502619000,,0.007124680921334052,0.026594696977233254
1026655,2020,0,165508000,94880000,56478000,35995000,1856000,21682000,27584000,84426000,76706000,,262784000,21506000,-3100000,-15223000,1171000,28934000,,11662000,,120000,0,,0.5732653406481862,0,0,-0.09197742707301158,,1.5690512571190443,-0.1773874491794153,NaN,201198000,161673000,0.027132476465968846,0.20384894482052507
1038773,2020,0,397218000,2947781000,,,13684000,,,39991000,65839000,6400000,,,,26548000,,,2341000,4300000,,75396000,,75396000,7.421066014128262,0.18981012945032702,1.8853241979445374,0.06683483628637171,0.01611205937293879,,-0.8378121474503322,0,2449123000,6400000,0.010839798572795241,0
1039065,2020,0,1264864000,713137000,640899000,382008000,96316000,273711000,238440000,551727000,399541000,,504483000,391652000,84106000,-29127000,61189000,239592000,,55630000,,267998000,258556000,258556000,0.563805278670276,0.20441407139423684,0.4686303189802203,-0.023027772155741644,,1.6777109379908275,0.028271984014138836,,1230087000,,0.01713374745038359,0.20424734185468182
1039828,2020,0,7169161000,65126433000,,,332526000,,,28000,2368555000,107945000,,,,458016000,,,,1138000,,157265000,,157265000,9.084247515155539,0.021936318629195244,5616.607142857143,0.06388697366400337,0.015056852538253779,,0.36846422211647356,-0.023987775547478253,5238837000,110598000,0.03333659741656402,0.030019067209000775
1043509,2020,0,4071035000,,2017610000,2066156000,5854000,1517875000,,767599000,721770000,1395303000,8505505000,1423645000,33939000,51650000,,1028666000,,91023000,,250000000,,250000000,,0.06140944501828159,0.325690888080886,0.012687191340776977,0.34273913144937346,0.9765041942621951,0,-0.7146135817299089,4071035000,4889171000,0.03540549270640021,0.173637907804772
1052752,2020,0,1211777000,622338000,,,55075000,,3811000,589439000,309000,136106000,,,67321000,69388000,,,26085000,23636000,,547693000,,547693000,0.5135746923732667,0.45197507462181574,0.9291767256662691,0.05726136079493174,0.11231934588624805,,0,-0.03234154491486261,1211777000,140655000,0.041033127382348406,0.38542652649786224
1056696,2020,0,465412000,,232041000,196986000,110678000,,14600000,-17847000,236524000,465939000,43080000,,114061000,104690000,71896000,,,8900000,,,,,,0,0,0.22494048284100968,1.001132330064545,1.177956809113338,0.515259645124532,1.4639820200951876,307150000,189100000,0.37923164577567964,0
1059262,2020,0,1137700000,956300000,151900000,369800000,13900000,,151300000,-2400000,169500000,408900000,213800000,-27400000,89700000,56400000,,,9600000,29300000,,,,,0.8405555067240925,0,0,0.049573701327239164,0.359409334622484,0.41076257436452135,-0.23107596647742634,0,1479600000,408900000,0.02784536361178697,0
1065088,2020,0,18174000000,15304000000,4706000000,4002000000,922000000,,555000000,2000000,22961000000,1106000000,2473000000,7798000000,1861000000,2530000000,976000000,,305000000,635000000,18000000,419000000,7758000000,7758000000,0.8420820953009794,0.42687355562892043,3879,0.13920986023990317,0.06085616815230549,1.175912043978011,,,,,,
1068689,2020,0,3110219,10146185,195286,9494908,,0,136503,9692,-35518584,2474627,303515,2171112,-3900485,-607371,4205,,2517947,1487305,,,,,3.262209188484798,0,0,-0.195282390082499,0.7956439723376393,0.020567445203260527,0.4707140452286019,0.7026316676677585,2114768,1453413,-0.28720455388014193,0
1084991,2020,0,286577000,38884000,72718000,5508000,28925000,19926000,9106000,137478000,139286000,489000,,,-15153000,-13864000,,10550000,14000,25198000,,,,,0.13568430125236847,0,0,-0.048377922861918436,0.001706347683170666,13.202251270878723,-0.06163699529471089,-0.9927762102433043,305401000,67693000,0.0013948873775789863,0
1085277,2020,0,181762,3188929,16377,1917065,,,,-4719415,-33252796,42066,17551,25615,-539777,-1702131,,525776,1004756,39616,,,,,17.544530760004843,0,0,-9.364614165777224,0.23143451326459877,0.008542746333588064,0,-0.025483019042765138,181762,43166,-9.364614165777224,0
1109189,2020,1,,,,,,,,,,,,,,,,,,,,,,,,,,,,,NaN,NaN,78686000,226966000,-2.311694583534555,0
1118417,2020,0,169593000,116871000,94548000,76348000,60780000,,26953000,41261000,-212409000,154632000,65334000,89298000,-20778000,-28207000,32416000,,,8299000,,114438000,,114438000,0.6891263200721728,0.6747802090888185,2.7735149414701534,-0.16632172318432953,0.9117829155684491,1.2383821449153873,0,0.17887610639709078,169593000,131169000,-0.2331876905296799,0.26110747495474457
1126328,2020,0,499000000,279754800000,,,649000000,,,-7400600000,3285900000,464800000,,,,1649400000,,,,25000000,93400000,274900000,,368300000,560.6308617234469,0.7380761523046092,-0.04976623517012134,3.3054108216432865,0.9314629258517034,,-0.9979468070792775,13.662460567823343,243036100000,31700000,0.009506406661397217,0.0006484633352822893
1133869,2020,0,34618796,4274251,10544728,897992,4545097,,,116216966,-88037759,310250,,,-13689971,0,5141805,,,143890,,,,,0.12346619449157041,0,0,0,0.008961894573109938,11.742563408137267,2.7437604256053136,-0.8143722821469513,9247065,1671356,-1.642801797110759,0
1137789,2020,0,8930000000,7143000000,4363000000,2722000000,1724000000,970000000,1115000000,1787000000,-4904000000,7504000000,7667000000,,1300000000,1004000000,973000000,473000000,201000000,379000000,,4156000000,4249000000,4249000000,0.7998880179171333,0.47581187010078385,2.3777280358142137,0.1124300111982083,0.8403135498320269,1.6028655400440852,-0.05100956429330499,-0.3033144554823136,9410000000,10771000000,0.0820403825717322,0.45600425079702445
1138608,2020,0,1045,749796,1045,433116,0,,0,0,-3153395,,0,0,-466434,-490235,,56177,0,,,,,,717.5081339712918,0,,-469.1244019138756,,0.0024127485477331706,,,0,0,,
11544,2020,0,2215479000,20543802000,,,296960000,,,-24800000,8348381000,7902196000,,,,487125000,,,157185000,9441000,,1102309000,,1102309000,9.272848896333478,0.49754883706864295,-44.447943548387094,0.2198734449751047,3.566811511190131,,-0.5295947278439246,0.028293907268980543,4709724000,7684764000,0.11658729895849523,0.07331278860502229
1158172,2020,0,677970000,464721000,137030000,190237000,50198000,,71853000,73000,-1108137000,388645000,199622000,,-310467000,-159268000,61802000,,,,,143777000,,143777000,0.6854595336076817,0.2120698555983303,1969.5479452054794,-0.234918949216042,0.5732480788235468,0.7203120318339755,,,,,,
1161582,2020,0,4050496,,762309,6903778,,600674,101806,-1501271,-148461532,8217562,5668435,2549127,-5016827,-7285445,,,,,,924858,,924858,,0.2283320363728294,-0.616050000299746,-1.7986550289149774,2.0287791914866724,0.11041910675575026,0,0,4050496,8217562,-1.7986550289149774,0
1163609,2020,0,167063256,,87130456,65808196,7197082,69593473,28990655,,,371275766,395772460,14799836,15433660,15581727,,,897942,4489614,10000,17513291,,17523291,,0.10489015609752034,,0.0932684264216663,2.2223663951575325,1.3240061465900084,0.15332020477448,-0.011932028185370149,144854183,375759337,0.046716414119708234,0.11462107380081665
1165639,2020,0,0,337784,0,337784,0,,,-284006,-15292929,,,,,-53778,,10387,,,,,,,,,0,,,0,,,0,,,
1169988,2020,0,,,,,,,,,,,,,,,,,,,,,,,,,,,,,NaN,NaN,600467000,97899000,-0.017146654187490735,0.004533138373965597
1177648,2020,0,489829000,27337000,401848000,22609000,51230000,,51313000,301676000,163740000,206625000,,,88328000,71956000,94856000,,,2518000,,,,,0.055809272215405784,0,0,0.14690024477930053,0.42183088383905404,17.77380689106108,0,12.775,489829000,15000000,0.036155474665648626,0
1180262,2020,0,3076100000,3068600000,1775800000,964400000,1215000000,501400000,,-182200000,-215300000,5541800000,1150600000,3972500000,640600000,372600000,,2075000000,181000000,97700000,,1778900000,,1778900000,0.9975618477942849,0.5782971944995287,-9.76344676180022,0.12112740157992263,1.8015669191508727,1.8413521360431355,0.10262384400315434,0.13629000840663508,2789800000,4877100000,0.07667216287905942,0.8795612588716037
1183765,2020,0,4180000,80537000,101324000,35801000,25218000,,,18000,-269041000,,,,-70449000,0,92965000,,,3917000,,2940000,,2940000,19.267224880382773,0.7033492822966507,163.33333333333334,0,,2.8302002737353704,,NaN,0,9600000,,
1201792,2020,0,305896000,64093000,222909000,45278000,202740000,,17652000,105961000,105961000,290721000,122161000,,23522000,10013000,,,,12984000,,,,,0.20952545963333943,0,0,0.03273334728142898,0.9503916363731464,4.9231193957330275,-0.17538912761013375,-0.028494760198898572,370958000,299248000,0.05693636476366597,0
1281984,2020,0,304990,711298,,95120,,,20500,200291,-31563493,482488,231081,251408,-4635865,-3344304,,,,,113675,,,113675,2.3322010557723205,0.3727171382668284,0.5675492158908788,-10.965290665267714,1.5819797370405586,NaN,,0,,482488,,
1282648,2020,0,594436000,,71153000,83176000,15546000,,37826000,327127000,-939026000,6791000,,,92140000,45959000,,,,,,130000000,,130000000,,0.2186946954760479,0.39739917524386553,0.07731530391833603,0.011424274438291086,0.855451091661056,-0.7147084697752794,-0.9820327278980858,2083609000,377965000,0.25709526115504394,0.294251464646198
1286043,2020,0,2648887000,55100000,,,31336000,,57154000,2074436000,-769955000,2523000,,,35011000,-46451000,,,50399000,152163000,,248141000,,248141000,0.020801189329707155,0.09367745773979788,0.11961853727953044,-0.017536044383924268,0.0009524755114129066,,-0.16491924843939795,-0.9929685997675708,3172013000,358819000,0.0037433642295917452,0.48653678279376533
1289790,2020,0,6861000000,3285000000,1920000000,2009000000,1828000000,17000000,47000000,-37000000,1641000000,0,511000000,,143000000,137000000,,295000000,67000000,23000000,,1555000000,1613000000,1613000000,0.47879317883690425,0.235096924646553,-43.5945945945946,0.019967934703396008,0,0.9556993529118964,0.6445349952061361,-1,4172000000,1484000000,0.037392138063279005,0.6524448705656759
1293282,2020,0,221608000,254062000,87431000,16403000,52487000,,27102000,53000,37580000,121333000,37344000,111032000,16621000,17068000,8107000,,800000,6937000,,153882000,,153882000,1.146447781668532,0.6943882892314357,2903.433962264151,0.07701888018483087,0.5475118226778817,5.33018350301774,0,0.3544350427541247,221608000,89582000,0.07614797299736471,0.1070087722464893
1300524,2020,0,2192477,3301410,1640714,2951410,1204411,,,-5384,-3219768,1699886,4852631,179945,-2864906,-3212248,,,7506,0,,83500,,83500,1.5057900265316353,0.038084778084331104,-15.50891530460624,-1.4651227812195977,0.7753267195049253,0.5559085318542663,16.774438589379812,-0.1118612613356308,123350,1913987,-26.041734900689097,2.943858937981354
1301787,2020,0,971425000,989038000,668414000,171123000,82000,345806000,,203000,-171706000,470786000,2280353000,477734000,35154000,-17656000,,291526000,54218000,28901000,,458439000,,458439000,1.0181310960702061,0.4719242350155699,2258.320197044335,-0.01817536093882698,0.4846344288030471,3.906044190436119,0,-0.4540155635705753,971425000,862270000,-0.01817536093882698,0.33151401291916516
1305773,2020,0,72396000,56049000,53344000,17855000,29135000,12074000,11066000,-504145000,-528438000,1278000,35046000,33715000,-25129000,-28478000,12457000,,2373000,4366000,,25003000,,25003000,0.7742002320570197,0.34536438477263937,-0.049594858622023424,-0.39336427426929665,0.017652909000497267,2.9876225147017643,0.1494530270072877,-0.9857666306563164,62983000,89789000,-0.6885191242081197,0.23485702491148405
1309057,2020,0,45754890,,38405201,8572427,32614910,857239,1987505,35244380,37208897,9275386,119772,7037375,4561918,3307039,,1864636,6,610821,,,,,,0,0,0.07227728008962539,0.2027190099244037,4.480084928107291,0.08352736070050668,0.41502247389334973,42227720,6554939,-0.007502820422225022,0
1311673,2020,0,0,1068695,,,,,,-909003,-1118495,0,,,-99372,-110120,,,,,,,,,,,0,,,,,,0,0,,
1319643,2020,0,246764,,12577,2106059,,,,-2704374,-3494901,0,,,-231811,-493640,,,,,,,,,,0,0,-2.0004538749574494,0,0.005971817503688168,0.03392593027104711,,238667,0,-1.243938206790214,0
1325618,2020,0,66728864,11204469,63735892,5858972,28027688,3641561,7293303,32930877,37669451,30438983,7211633,23227350,-756091,9630959,1517112,,,1338824,,,,,0.16791038133063377,0,0,0.14432973113404118,0.4561591667437947,10.878340432417154,0.37749284932176363,0.3187557859960439,48442258,23081592,0.01031669498147671,0
1327318,2020,0,421687000,75279000,324938000,42877000,181534000,,32923000,759322000,-432062000,335089000,,,-18516000,-54890000,,,2649000,17796000,,,,,0.17851866431737284,0,0,-0.13016763618513258,0.7946391517879375,7.578375352753224,0,-0.05309992087713349,421687000,353880000,-0.13016763618513258,0
1338065,2020,0,12957000000,7494000000,1008000000,1621000000,1000000,38000000,726000000,,,9014000000,113000000,0,-150000000,-585000000,,,302000000,376000000,,5321000000,5624000000,5624000000,0.578374623755499,0.4340510920737825,,-0.04514934012502894,0.6956857297213861,0.621838371375694,,,,,,
1338929,2020,0,491115,,161823,3360421,29310,60815,,-1666786,-32685425,3758,26858,-22864,-664039,-1662123,,,,24174,,,,,,0,0,-3.384386548975291,0.007651975606528002,0.04815557336417074,8.493079986082654,,51734,0,-8.6066030076932,0
1351051,2020,0,206932000,,828847000,1071170000,142276000,,30500000,-321630000,-1069259000,3959157000,,,,7474000,,,,123159000,,116952000,,116952000,,0.5651711673399957,-0.3636227963809346,0.03611814509114105,19.13264743973866,0.7737772715815416,-0.9514656900950201,-0.20445339736569781,4263623000,4976650000,-0.055171622819372164,0.2845617447884112
1355096,2020,0,1127000000,13266000000,4576000000,4001000000,806000000,1413000000,,-133000000,3522000000,169000000,,,1572000000,58000000,,1885000000,374000000,562000000,1557000000,5186000000,,6743000000,11.771073646850045,5.983141082519965,-50.69924812030075,0.05146406388642413,0.14995563442768411,1.1437140714821294,-0.9117739157664005,-0.9879886282871357,12774000000,14070000000,-0.035697510568341945,0.16103021762956005
13573,2020,0,28613309,6096292,8785695,3065278,1659264,486105,,2102745,14146812,,5108569,,328044,3049172,,,,957138,,0,,,0.21305791651011075,0,0,0.1065648156946825,,2.8661984328990715,0.00790300423569719,,28388951,,0.1333612150727232,0
1371128,2020,0,155127,12348021,118931,150651790,63496,,,6064,-24530841,0,,,-629752,-140544660,264687,,15682,4365,,2764184,,2764184,79.59943143359956,17.818845204252,455.83509234828495,-905.9974085749096,0,0.0007894429930105709,0.17245106190008314,,132310,0,31.15686645000378,19.63824351900839
1372514,2020,0,15157559,3490059,1810149,1414695,3821712,,,41,-108338834,2686000,30000,,,-8091940,3566045,,4186,33399,,278190,,278190,0.23025204783962905,0.018353219011055803,6785.121951219512,-0.5338550884083645,0.17720531386353172,1.2795330442250803,0.06140785093529222,0.6253963643405224,14280617,1652520,-0.7570697400539487,0
1377149,2020,0,5291887,97035200,2156543,25600505,269741,408450,1666338,-77819327,-176127037,,30000,,-3238565,-14140446,1400325,,10851162,720567,,24111516,105237168,105237168,18.336597134443725,19.88651080418006,-1.352326884040002,-2.672099007405109,,0.08423829920542583,-0.35303374602560217,,8179541,,-1.7287578850695902,12.481560273369862
1378590,2020,0,11155000,7359000,1675000,3837000,296000,,979000,4424000,-71489000,9952000,5360000,4592000,-11068000,-9474000,2185000,,,620000,,88000,,88000,0.6597041685342896,0.007888839085611834,0.019891500904159132,-0.8493052442850739,0.8921559838637383,0.4365389627313005,0.014090909090909091,-0.2665094339622642,11000000,13568000,-0.6562727272727272,0.32645454545454544
1379041,2020,0,4004100000,2709800000,,,9900000,,,947700000,1247900000,7000000,,,,0,,,400000,8200000,,,,,0.6767563247671137,0,0,0,0.0017482080867111211,,2.4173423231202524,-0.9912652857499377,1171700000,801400000,0.08637023128787233,0
1380846,2020,0,622244000,7144529000,,,31856000,,,0,216718000,,,,,45234000,,,2334000,,150000000,95493000,100493000,100493000,11.481876884309049,0.1615009546094458,,0.07269495567655132,,,-0.919052226095004,,7686981000,,0.004941862091242323,0.052577988679821115
1383058,2020,0,434104766,258995,,,3243345,,,245315377,,,,,4095809,75393424,,,23876,,,,,,0.0005966186512681596,0,0,0.1736756421605378,,,0.7491845357779882,,248175511,,0.3037907475085243,0
1383082,2020,0,648871993,408560,,,,,,347794735,,,,,5667450,-6,,,9022,,,,,,0.0006296465318391389,0,0,-9.246816112773726e-9,,,0.86436351050224,,348039419,,-1.8676045428061123e-7,0
1393311,2020,0,11816546000,3239647000,,,257560000,,,25250000,-665575000,161916000,,,1914087000,165749000,,,45641000,483646000,,25230000,,25230000,0.27416192515139365,0.0021351416903044257,0.9992079207920792,0.014026856917410553,0.013702481249596964,,0.03969066232696233,-0.002187698356453094,11365444000,162271000,0.13378571043946896,0.16739275649943813
1393584,2020,0,22682000,5777000,223527000,120982000,47975000,3104000,32730000,-218063000,-357927000,98361000,,,-227431000,-87190000,36273000,,,2146000,,,,,0.25469535314346176,0,0,-3.8440172824265937,4.336522352526233,1.8476054289067796,,,,,,
1401835,2020,0,954425,183460,463161,19246,26617,,,496373,-11157593,,,,-454288,-454850,,,,,,,,,0.19222044686591402,0,0,-0.4765696623621552,,24.06531227268004,-0.269713731302399,,1306919,,-0.3268366287428678,0
1403256,2020,0,1397239000,1148297000,,,323884000,,,-3564727000,-178674000,890000,,,,-48902000,,,21100000,,,3464000,,3464000,0.8218329147697709,0.0024791750015566412,-0.0009717434182196841,-0.034999023073361106,0.000636970482501562,,2151.91063174114,-0.9985100762372227,649000,597346000,10.869029275808936,0
1412126,2020,0,253297,1263124,135483,,16640,,,-580085,-5390490,,,,-2341984,-3888468,,,396704,,,,,,4.986730991681702,0,0,-15.351417505931773,,,0,,253297,,-15.351417505931773,0
1412665,2020,0,594734000,5041398000,,,10661000,,,4372000,188191000,,,,,6623000,,,31823000,9045000,22100000,208691000,,230791000,8.476727410909751,0.38805751815097167,52.788426349496795,0.01113607091573712,,,-0.8721984161417474,,4653573000,,0.009375591615302908,0.07972562158152456
1413891,2020,0,12168819,16116237,6297881,16087913,585199,,3860623,-5691332,-30492435,25496071,22193114,,-3490021,-5834258,,,1690178,52696,,3795786,,3795786,1.3243879295106615,0.3119272297500686,-0.6669415876634854,-0.479443239315171,2.0951968305223376,0.39146662466411897,-0.058898196157333466,-0.25034920733676036,12930396,34010597,-0.4512048973596787,0
1413898,2020,0,123215000,76807000,88106000,31484000,48626000,2573000,18441000,494389000,-402303000,154299000,,,-15573000,9292000,,,,9478000,,,,,0.623357545753358,0,0,0.07541289615712372,1.2522744795682343,2.7984373014864694,0.005344321148825065,-0.23722730575864984,122560000,202287000,-0.20578492167101828,0
1429260,2020,0,226422000,153890000,156252000,45616000,136858000,857000,13539000,26215000,0,36629000,10532000,,-110819000,-39960000,200000,55590000,,,,84656000,,84656000,0.6796601037001705,0.37388592981247404,3.2292962044630937,-0.17648461721917483,0.16177314925228115,3.425377060680463,0.6059095132382458,0.36258462911985717,140993000,26882000,-0.5968168632485301,0.5986538338782776
1434418,2020,0,441854000,31130000,428609000,22755000,334757000,,,173228000,-445744000,,,,-86055000,-85550000,0,,228000,758000,,29642000,,29642000,0.07045313610378089,0.06708550788269428,0.17111552404922992,-0.19361599080239175,,18.835816304108988,0.10704281812943152,,399130000,,-0.21434119209280184,0.07426652970210207
1434868,2020,0,214447000,449392000,211714000,66080000,167058000,0,,23000,-1500000,12965000,,,-93101000,-97165000,,65854000,22670000,,,179367000,,179367000,2.095585389396914,0.8364164572132042,7798.565217391304,-0.4530956366841224,0.06045782874090101,3.203904358353511,0,-0.9126135720255587,214447000,148364000,-0.4530956366841224,0
1435375,2020,0,8542000,10688797,2428009,1393315,4893974,891587,72227,4990719,-65581128,1369556,3763473,-2393917,-9368331,-9777649,1506716,5467698,409318,927974,,8111610,,8111610,1.2513225239990635,0.9496148442987591,1.6253389541667242,-1.144655701240927,0.16033200655584173,1.7426131205075666,0,0,8542000,1369556,-1.144655701240927,0.9496148442987591
1439095,2020,0,2325000000,,966000000,486000000,32000000,509000000,319000000,-232000000,-781000000,2560000000,2129000000,689000000,-207000000,39000000,,562000000,28000000,21000000,,547000000,,547000000,,0.23526881720430107,-2.3577586206896552,0.016774193548387096,1.1010752688172043,1.9876543209876543,24.54945054945055,-0.29786066922654963,91000000,3646000000,0.5494505494505495,4.285714285714286
1445175,2020,0,0,379575,0,,0,,,-354436,-9144181,0,,,-40477,-66089,,,25612,,,,,,,,0,,,,,,0,0,,
1457919,2020,0,10586000,3052000,1888000,1065000,2124000,,391000,8826000,,2089000,,,-789000,136000,,,,,,988000,,988000,0.2883053088985453,0.0933308142830153,0.11194198957625198,0.012847156621953524,0.19733610428868317,1.7727699530516432,-0.1654710287741427,-0.45570609692548203,12685000,3838000,0.03626330311391407,0.1497832085139929
1458891,2020,0,,,,,,,,,,,,,,,,,,,,,,,,,,,,,NaN,NaN,9264923000,727177000,-0.05574908717536023,0.4079363638532128
1460235,2020,0,713082000,665000,,,,,,565459000,,,,,,-72021000,,,,,,,,,0.0009325715696091053,0,0,-0.10099960453355995,,,0.4355871943436719,,496718000,,0.014243494296562638,0
1463172,2020,0,2157279000,1056605000,692823000,692642000,128876000,,127808000,1155044000,-916883000,89943000,251255000,417491000,-163004000,-218178000,207548000,,43319000,38602000,,1332061000,,1332061000,0.48978597575927824,0.6174727515541569,1.1532556335516222,-0.10113573626777066,0.0416927991233401,1.000261318256762,0.7427220269509378,-0.8898318994238231,1237879000,816416000,-0.08251291119729796,0.39055836636698743
1469372,2020,0,850803000,1403652000,332641000,74005000,196837000,,105549000,779000,-100792000,685797000,,,309899000,288862000,,100829000,36324000,7163000,,1043780000,,1043780000,1.6497967214502065,1.2268174888899075,1339.8973042362002,0.3395169034429827,0.8060585117823985,4.494844942909263,0.0014018163585260096,0.015466008836873216,849612000,675352000,0.19696284892397942,1.3159147940471652
1474464,2020,0,330051000,1420630000,,,7722000,,,,-605155000,,,,49035000,7391000,,,77265000,29815000,,,,,4.304274187928533,0,,0.022393508881960667,,,-0.09705686021317109,,365528000,,-0.00512135869208378,0
1481792,2020,0,1878000000,1842900000,679200000,682700000,78700000,170200000,,244300000,-566000000,825100000,576600000,,900000,-156300000,3600000,397600000,68800000,,,902700000,,902700000,0.9813099041533546,0.4806709265175719,3.695047073270569,-0.08322683706070287,0.4393503727369542,0.994873297202285,-0.23421954004240744,-0.7911773638388337,2452400000,3951200000,0.04371228184635459,0.3773854183656826
1487371,2020,0,223534000,99310000,83397000,44130000,42218000,11301000,20790000,-514233000,-532877000,169148000,51278000,19481000,-11051000,-50500000,27931000,,7907000,7066000,,69145000,,69145000,0.44427245967056467,0.3093265454024891,-0.1344623935064455,-0.22591641539989443,0.7566992045952741,1.889802855200544,1.4040825545003819,2.2366628396479142,92981000,52260000,-0.6651896624041471,0.38762757982813695
1507385,2020,0,13324408000,6512840000,,,523539000,,53051000,7170000,-6399626000,,,,,-88030000,,,,495232000,,1528134000,,1528134000,0.4887901961573077,0.11468682135821719,213.12887029288703,-0.006606672506575902,,,0.00329260248722204,,13280680000,,-0.022615784733914228,0.011294602384817646
1514281,2020,0,1884239000,381268000,,,53973000,,,662183000,-518058000,,,,,92922000,,,49190000,0,,111502000,3233468000,3233468000,0.2023458807507965,1.7160604360699465,4.883042905057968,0.04931540001029593,,,-0.46906782502650096,,3548926000,,0.03340672642934792,0.7665665612638866
1515816,2020,0,920270000,581054000,,,22398000,,,198755000,-162250000,75290000,,,,0,,,14948000,56428000,,522011000,,522011000,0.6313951340367501,0.5672367892031687,2.626404367185731,0,0.08181294620057157,,0.9573424535746113,0.5297559786252718,470163000,49217000,-0.039807471026005875,0.02950678807137099
1518461,2020,0,3360414,2266741,1396053,521068,442098,557710,357055,0,-1868372,3122630,1556654,1254237,81997,0,61953,2170183,25536,91837,,1604166,,1604166,0.6745421843856144,0.4773715381497637,,0,0.9292396710643391,2.679214613063938,0,0,3360414,3122630,0.00176912725634401,0.44448392370701945
1522727,2020,0,3730407000,2133736000,199555000,189375000,99000,84632000,80276000,,,698365000,,,168384000,33800000,,68995000,128633000,213692000,,402722000,,402722000,0.5719847727071068,0.10795658489810897,,0.009060673540447463,0.18720879517972167,1.0537557755775577,0,1.5241713081602337,3730407000,276671000,-0.07096651920286445,0.47154586617492406
1527508,2020,0,703000000,14093000000,3704000000,4897000000,458000000,784000000,445000000,103000000,2494000000,1483000000,3969000000,720000000,417000000,-25000000,,394000000,,109000000,,,,,20.046941678520625,0,0,-0.03556187766714083,2.1095305832147937,0.7563814580355319,,,,,,
1528129,2020,0,2264437000,1464053000,136590000,170896000,112159000,3196000,85223000,-21443000,-1545854000,33300000,288674000,,-861733000,324595000,,,57904000,10144000,,0,,,0.6465417231744579,0,0,0.14334468126072838,0.014705642064672146,0.7992580282745061,-0.06440014791524208,-0.9418764989056025,2420305000,572918000,0.22682017349053116,0.1850865903264258
1540615,2020,0,55,3244826,55,3244826,396,,,3545540,-4688456,0,0,0,-605667,0,,,229621,,,,,,58996.836363636365,0,0,0,0,0.00001695006142085893,-0.9959475390509873,-1,13572,47930,-59.333333333333336,0
1545654,2020,0,2225200000,63700000,73000000,33500000,234900000,20700000,51600000,-4100000,-649400000,191900000,95600000,6700000,172800000,6600000,,58900000,33100000,53300000,,687100000,,687100000,0.028626640301995326,0.3087812331475822,-167.58536585365854,0.0029660255257954343,0.08623943915153694,2.1791044776119404,0.06760063330614595,-0.5590533088235294,2084300000,435200000,-0.017463896751907116,0.029266420380943244
1548187,2020,0,33801000,,32251000,2866000,11876000,,,22569000,-70584000,,,,-12943000,-13752000,4679000,,0,292000,,,,,,0,0,-0.40685186828792047,,11.252965806001395,1.5721839623291214,,13140973,,-1.046488490616334,0
1550453,2020,0,368701523,14095223,,,55002776,,,,,,,,23055462,8892840,,,,,,5000000,,5000000,0.03822935930752855,0.013561104818110556,,0.024119347074137255,,,-0.03906598923956951,,383690783,,0.04754829098930948,0.013031326843209574
1552000,2020,0,36414000000,22429000000,864000000,245000000,15000000,,452000000,,,7041000000,824000000,,,1434000000,,,,,764000000,,,764000000,0.6159444169824793,0.02098094139616631,,0.039380458065579174,0.19335969681990442,3.526530612244898,0.7498318116290245,9.668181818181818,20810000000,660000000,0.04963959634790966,0.0004324843825084094
1557746,2020,0,70784000,28385000,57493000,22432000,20202000,,704000,37650000,-504500000,700000,16253000,,-31474000,-161354000,-439000,,,1879000,,10653000,,10653000,0.40100870253164556,0.1505001130198915,0.28294820717131475,-2.2795264466546112,0.009889240506329115,2.5629903708987163,-0.7431323167589615,-0.5840760546642899,275566000,1683000,-0.2486627522989048,0.10855475639229803
1560672,2020,0,1194811000,1328265000,,,58166000,,,230888000,-63335000,,,,,-22256000,,,,,,,,,1.1116946529618492,0,0,-0.01862721384386317,,,-0.1976336184926691,,1489109000,,0.014945850169463754,0
1561743,2020,0,114024000,28332000,62624000,10224000,15986000,207000,624000,4000,-223059000,0,587000,37538000,-19968000,-61389000,31281000,,,3870000,,20720000,,20720000,0.2484740054725321,0.181716129937557,5180,-0.5383866554409598,0,6.125195618153365,0.07082887248549051,,106482000,0,-0.2899926748182792,0.19458687853346104
1567345,2020,0,492787000,270359000,61690000,42657000,92151000,,35955000,-59088000,14840000,149387000,43138000,,-28510000,0,,44761000,,12533000,,204540000,,204540000,0.5486325735053887,0.415067767615623,-3.4616165718927703,0,0.3031472015292611,1.4461870267482477,-0.016917131987543566,0.015692247023708347,501267000,147079000,-0.02175686809624412,0.41114017080717463
1576169,2020,0,,,,,,,,,,,,,,,,,,,,,,,,,,,,,NaN,NaN,331683000,295686000,-0.13722439799447061,0.5666524965102221
1579214,2020,0,1598900000,831500000,93700000,229300000,9600000,,53000000,761200000,39100000,380700000,,,-4300000,0,,121800000,,46800000,,525200000,,525200000,0.5200450309587842,0.32847582713115264,0.6899632159747767,0,0.23810119457126774,0.40863497601395554,0.011962025316455696,53.385714285714286,1580000000,7000000,0.05177215189873418,0
1590364,2020,0,366402000,224920000,,,120837000,,49470000,0,-28158000,1734000,,,,-105039000,,,98206000,169023000,,0,,,0.6138612780497923,0,,-0.28667692861938526,0.004732506918630357,,-0.78381283863876,-0.991211575986417,1694837000,197305000,0.13173538222259723,0.8383862282921603
1594555,2020,0,500000000,320987000,,,20625000,,,70000,20741000,48000,,,,879000,,,2927000,,,,,,0.641974,0,0,0.001758,0.000096,,0.679193449802191,0,297762000,48000,0.002585957912695374,0
1596062,2020,0,623484,1698965,223484,1698965,177145,,,4968368,-42393877,30000,326009,-296009,,-10279730,2100000,,296215,,2730000,447335,,3177335,2.7249536475675398,5.096097093109045,0.6395128138656396,-16.48756022608439,0.04811671189637585,0.1315412618859129,-0.8049731099970503,,3196913,,-2.899915324564666,1.0708054926737136
1598646,2020,0,57626209,4963608,27440216,6629068,21512623,,,52662601,-284800000,0,,,-75865096,1940771,58124354,,,16011,,,,,0.0861345572810455,0,0,0.0336786166169633,0,4.139377662138931,-0.25642446109743433,,77498796,0,-0.9314143409402128,0
1601548,2020,0,636389000,538873000,-95000,242257000,35318000,,,151640000,222026000,1382525000,1271375000,,51615000,36951000,,78316000,,,,63041000,,63041000,0.8467666788709421,0.0990604803037136,0.4157280400949617,0.05806354289593315,2.1724526979567527,-0.0003921455313984735,0.11209573555290323,0.24016853428633964,572243000,1114788000,0.10397156452765696,0.12868134691031607
1604643,2020,0,1737848000,1418175000,637220000,335817000,82365000,137164000,257585000,123000,-176313000,1339541000,934808000,404733000,66846000,6135000,15877000,,57580000,85860000,,885470000,,885470000,0.8160523820265063,0.5095209707638413,7198.943089430894,0.0035302281902675034,0.7708044662133857,1.8975215668057306,3.6135434475581656,0.07384578138628085,376684000,1247424000,0.005742213632646993,2.594097439763834
1606698,2020,0,35801598,47771740,12372306,21626676,302486,2401242,8731565,-11498428,-31745528,28151524,22509046,5642478,-2479726,-3133165,,,5237205,368813,,9850184,,9850184,1.3343465841943702,0.2751325234141783,-0.8566548401224933,-0.08751466903795747,0.7863203201153199,0.5720854189520387,4.62943787854511,0,6359711,28151524,-0.4926583928106167,1.5488414489274749
1614806,2020,0,2423000,2888000,,,107335000,,,189000,53346000,,,,,37089000,,,48692000,,,,,,1.1919108543128354,0,0,15.307057366900537,,,-0.9984633834356159,,1576841000,,0.022009194332212316,0
1615063,2020,0,327400000,386700000,95300000,88100000,,14600000,24200000,-24100000,-383900000,153400000,25400000,,-13000000,-41100000,3800000,79400000,27800000,42000000,,313300000,,313300000,1.1811240073304825,0.9569334147831399,-13,-0.1255345143555284,0.468540012217471,1.0817253121452894,0.5747955747955747,0.08486562942008487,207900000,141400000,0.06397306397306397,0.6310726310726311
1619227,2020,0,0,384858,,205116,0,,,35369809,-128726463,,,,,0,,,41371,,,-3584,,-3584,,,-0.00010132935691001328,,,NaN,,,0,,,
1620749,2020,0,671,90642,671,90642,4180,,,-59654,-237520,,,,-26813,-30317,,,3504,,,,,,135.0849478390462,0,0,-45.18181818181818,,0.007402749277376933,0,,671,,-45.16095380029806,0
1643301,2020,0,16211000,25080000,6188000,14467000,4096000,0,224000,0,-50632000,623000,231000,392000,-18958000,-30621000,2308000,11365000,3000,577000,,,,,1.547097649744001,0,,-1.8889025970020357,0.038430695206958236,0.42773207990599293,-0.5005853357979051,0,32460000,623000,-0.6581330868761552,0
1652130,2020,0,676322000,,289481000,35633000,160020000,,4620000,962173000,-435109000,24600000,0,,-106368000,-99533000,89115000,,,4464000,,,,,,0,0,-0.14716806491582413,0.036373206845260096,8.123958128700924,1.0232200550436759,-0.4292740644502703,334280000,43103000,-0.2977533803996649,0
1655020,2020,0,,,,,,,,,,,,,,,,,,,,,,,,,,,,,NaN,NaN,2926957000,1060743000,-0.47401174667068907,0.5315339446394327
1659166,2020,0,17439000000,,4446900000,2860800000,1178400000,455500000,810300000,21200000,4128800000,970300000,382500000,2483200000,321700000,1613300000,320300000,1719000000,148500000,97700000,,748200000,,748200000,,0.04290383622914158,35.29245283018868,0.09251103847697689,0.05563965823728425,1.5544253355704698,0,-0.6628327194384599,17439000000,2877800000,0.04237054876999828,0.0009748265382189346
1661460,2020,0,371484000,74334000,313996000,30025000,83966000,,,-76718000,-152221000,,,,-126549000,-86527000,60393000,,3506000,2586000,,26140000,,26140000,0.20010013890234843,0.07036642224160394,-0.3407283818660549,-0.23292254848122665,,10.457818484596169,,,,,,
1666138,2020,0,1324060000,1204059000,699537000,287534000,0,226090000,315353000,360871000,-200396000,1835139000,1397055000,438084000,179698000,136645000,,226282000,,66890000,0,425000000,845317000,845317000,0.9093689107744362,0.6384280168572422,2.342435385497865,0.10320151654758848,1.3859938371372897,2.4328844588813845,,,,,,
1670541,2020,0,,,,,,,,,,,,,,,,,,,,,,,,,,,,,,,,,,
1687187,2020,0,228623000,56730000,44323000,26411000,6710000,11947000,20299000,148293000,14716000,,145503000,,29532000,24934000,,18179000,1224000,20912000,,9614000,,9614000,0.24813776391701622,0.04205176207118269,0.06483111138084738,0.10906164296680561,,1.6782022642080952,0.21450351671235204,,188244000,,-0.08189902467010901,0.08871464694757868
1689796,2020,0,6079547000,2342593000,,,142516000,,,3206039000,-412944000,86644000,,,,65571000,,,52695000,191580000,,200000000,,200000000,0.38532361045979246,0.03289718789903261,0.06238227295425913,0.010785507538637336,0.014251719741618906,,0.015585046467313181,0,5986251000,86644000,0.010953600174800555,0.033409892101082965
1692427,2020,0,202577000,25192000,100596000,14884000,11243000,39921000,21925000,163545000,-199029000,7313000,108030000,,-9491000,-190317000,1900000,88554000,,10436000,,11436000,,11436000,0.12435765165838175,0.05645260814406374,0.06992570852059066,-0.9394798027416735,0.036099853389081685,6.758667024993281,-0.11808394390969129,-0.9637313151551822,229701000,201634000,0.009151026769583067,0.1021110051762944
1696088,2020,0,220519827,9830868,23021056,9260073,3076840,,8186604,,,64430817,17027589,,22104205,711301,,,,14204418,,,,,0.04458042677495842,0,,0.0032255648377594636,0.29217697962369615,2.486055563492858,0,0,220519827,64430817,0.0831706982973463,0
1701605,2020,0,2765000000,,15222000000,10227000000,4132000000,4421000000,,25000000,0,7859000000,7367000000,,-15978000000,283000000,700000000,2404000000,,1288000000,889000000,123000000,7633000000,7633000000,,2.7605786618444847,305.32,0.1023508137432188,2.8423146473779384,1.488413024347316,-0.30579964850615116,-0.6564671941251038,3983000000,22877000000,-0.02585990459452674,1.6625659050966608
1704596,2020,0,1757721000,788820000,696165000,1817000,418439000,5221000,17052000,-1948000,,39338000,,,-6473000,-4166000,,6903000,44011000,85924000,13900000,693169000,0,,0.44877429353122594,0,0,-0.0023701144834703575,0.022380116070752982,383.13979086406164,0.1455525887536847,-0.9220643883110451,1534387000,504750000,-0.009588193852007348,0
1723580,2020,0,14382000,11875000,3599000,6358000,1690000,249000,517000,47000,-2225000,33555000,,,3049000,2935000,,,79000,825000,,1291000,,1291000,0.8256848838826311,0.08976498400778751,27.46808510638298,0.20407453761646502,2.3331247392574053,0.5660585089650834,-0.8781546214972694,,118034842,,0.009842551405287602,0
1730773,2020,0,15746064,16265776,11780300,14566386,153904,7984492,2071363,-161684,-8952466,23829463,20610000,3219463,-3952907,-4986286,,,1068796,66000,,,,,1.0330058356170786,0,0,-0.3166687243237421,1.513359973641667,0.8087318295698055,0,0,15746064,23829463,-0.3166687243237421,0
1743759,2020,0,1059718000,876725000,690971000,505381000,51947000,151063000,202334000,5559000,-106030000,1097174000,872887000,81363000,23707000,-8394000,37547000,163033000,,,2364000,457657000,,460021000,0.8273191547185195,0.4340975618041781,82.7524734664508,-0.007920975202836982,1.0353452522274793,1.3672278934111097,,,,,,
1745916,2020,0,31579520000,8142510000,,,532781000,,,3389388000,2342329000,609579000,,,,87694000,,,144597000,9500000,,,,,0.2578414744745962,0,0,0.002776926311736214,0.019302984972539166,,3.287498669470373,17.505737704918033,7365488000,32940000,0.013679609552007959,0.5046758612599735
1746473,2020,0,119064000,12465000,111900000,8172000,85807000,,9279000,-117828000,-76295000,57052000,,,-1231000,-41533000,200000,,,,,,,,0.10469159443660553,0,0,-0.3488292011019284,0.4791708660888262,13.69309838472834,,,,,,
1759425,2020,0,146712000,68769000,236350000,18462000,11970000,,,345180000,-69901000,,,,-104296000,-52553000,400000,,300000,305000,,,,,0.46873466383117945,0,0,-0.3582051911227439,,12.801971617376232,0,,146712000,,-0.3582051911227439,0
1769617,2020,0,312194000,3393127000,,,9952000,,,237356000,277312000,,,,,11394000,,,2076000,4011000,35000000,114097000,,149097000,10.868648981082275,0.47757804442109714,0.6281577040395019,0.03649653740943132,,,-0.883723164936013,,2684920000,,0.0038656645263173577,0.19365046258361515
1779474,2020,0,253076692,27099592,1151699,,0,,,0,-915591,,,,-3864234,5352568,,,,,,,,,0.1070805524832765,0,,0.02114998405305535,,,0,,253076692,,,0
1781335,2020,0,9687000000,13911000000,5658000000,5374000000,1801000000,571000000,2861000000,-167000000,0,1338000000,4538000000,,1639000000,1049000000,181000000,1735000000,18000000,,701000000,5262000000,,5963000000,1.4360483121709509,0.6155672550841333,-35.706586826347305,0.10828946010116651,0.13812325797460515,1.052847041310011,,,,,,
1786431,2020,0,251000000,4978000000,1053000000,378000000,312000000,418000000,292000000,-1027000000,233000000,510000000,2290000000,973000000,,6000000,33000000,305000000,280000000,63000000,,2233000000,,2233000000,19.83266932270916,8.896414342629482,-2.1742940603700096,0.02390438247011952,2.0318725099601593,2.7857142857142856,,,,,,
1789029,2020,0,106895,81808,25,81808,694,,,0,-1000,,,,-2523015,-2928961,,,,,,,,,0.765311754525469,0,,-27.40035548903129,,0.0003055935849794641,0,,106895,,,0
1796209,2020,0,,,,,,,,,,,,,,,,,,,,,,,,,,,,,,,,,,
1802546,2020,0,1369430,3360406,804557,1515646,7958,686922,63593,-1200545,-6154441,1631653,1314080,317573,-3271035,-1787669,,2074448,14986,61024,,68000,,68000,2.4538720489546746,0.049655696165557935,-0.05664094223873324,-1.305411010420394,1.1914833178767807,0.5308343768927573,,,,,,
1807846,2020,0,351283764,42033589,1064099,251040,0,,,0,1620103,,,,,,,,,,,,,,0.1196570787142898,0,,,,4.238762746972594,,,,,,
1811882,2020,0,4029640433,58656603,27949979,1581418,25348287,,,0,-111023,,,,,,,,,,,,,,0.014556287086967493,0,,,,17.67399827243651,,,,,,
1816048,2020,0,173690749,6067559,1187747,232918,0,,,0,-72126,,,,,,,,,,,,,,0.03493311552246228,0,,,,5.099421255549164,,,,,,
1818346,2020,0,404458247,112762801,1704127,138598,1400000,,,0,-110958227,,,,,,,,,,,,,,0.278799608702255,0,,,,12.295466024040751,,,,,,
1820190,2020,0,199484,,,180760,0,,,-6276,-6276,,,,,,,,,,,,,,,0,0,,,NaN,,,,,,
1823000,2020,0,751243021,72390288,1237678,138622,1211837,,,0,-5794307,,,,,,,,,,,,,,0.09636067953568384,0,,,,8.928438487397383,,,,,,
1823587,2020,0,140241606,22056609,,4913543,,,,0,-30996533,,,,,-2178,,,,,,,,,0.1572757873294748,0,,-0.000015530341259782777,,NaN,,,,,,
1824502,2020,0,501488504,37573340,1389922,128958,925923,,,0,-788441,,,,,,,,,,,,,,0.07492363174889449,0,,,,10.7780982955691,,,,,,
1824884,2020,0,92751423,749085,1098228,77210,0,,,0,-9653,,,,,,,,,,,,,,0.008076264231547154,0,,,,14.223908820101023,,,,,,
1831236,2020,0,167954,152954,,,25000,,,15000,-10000,,,,,,,,,,,,,,0.910689831739643,0,0,,,,,,,,,
1835416,2020,0,129400,,,299390,51701,,,0,-195860,,,,,,,,,,,,,,,0,,,,NaN,,,,,,
202058,2020,0,7569000000,,6312000000,4240000000,484000000,973000000,1344000000,3278000000,2347000000,1000000,4066000000,,76000000,1333000000,,3315000000,217000000,142000000,3000000,15000000,,18000000,,0.0023781212841854932,0.005491153142159854,0.17611309287884794,0.0001321178491214163,1.4886792452830189,-0.2518533162004547,-1.3333333333333333,10117000000,-3000000,0.09380251062567956,0.3456558268261342
21344,2020,0,93923000000,51592000000,29431000000,26973000000,6795000000,3379000000,3971000000,19299000000,65855000000,94000000,44881000000,28245000000,7056000000,6434000000,,9731000000,0,8000000,10994000000,40125000000,,51119000000,0.5493010231785611,0.5442649830180041,2.64879009275092,0.06850292260681622,0.0010008198204912535,1.0911281652022393,0.12866516054604885,-0.9974041754114659,83216000000,36212000000,0.014997115939242453,0.38176552586041146
24741,2020,0,1018000000,15901000000,1011000000,3767000000,2434000000,2438000000,1836000000,2300000000,16120000000,4192000000,7468000000,79000000,1575000000,263000000,1000000000,1799000000,,,156000000,742000000,,898000000,15.619842829076621,0.8821218074656189,0.39043478260869563,0.2583497053045187,4.1178781925343815,0.2683833289089461,-0.9629737397250309,-0.5856069592724397,27494000000,10116000000,-0.018076671273732452,0.002036808030843093
310826,2020,0,1281403000,109270843000,,,151400000,,,-138100000,1533645000,4759016000,,,360347000,342362000,,,179700000,,,,,,85.27437738166681,0,0,0.26717746095490646,3.7139104559611615,,-0.98936397914538,1.808311961751852,120477669000,1694618000,0.0045899294416129515,0
311094,2020,0,860635000,15826000,,,78364000,,,731417000,264356000,22277000,,,,71564000,,,1959000,3683000,102545000,,,102545000,0.018388747843162315,0.11915039476665486,0.14020046020259305,0.08315255596158651,0.02588437607115676,,0.153772936102669,-0.749412254356067,745931000,88899000,0.10777002162398398,0.041462280023219306
320017,2020,0,27153000,6600000,35331000,3506000,14032000,,,0,-425550000,,,,-20092000,-19352000,10797000,9295000,,65000,,,,,0.24306706441277207,0,,-0.712702095532722,,10.077296063890474,-0.39091520861372814,,44580000,,-0.3626514131897712,0
34903,2020,0,7607624000,4019102000,,,25200000,,,3004442000,,835494000,,,361636000,241907000,,,136289000,244245000,,486035000,,486035000,0.528299242969947,0.0638878840489488,0.1617721360572113,0.03179797003637404,0.10982325099137391,,0.2095476309946954,-0.025490232670980745,6289644000,857348000,0.04609386477199663,0.08700762714074119
352998,2020,0,206905000,212212000,61644000,16606000,15508000,23031000,30500000,18421000,-121474000,65896000,42373000,23523000,-8020000,-25124000,10758000,20785000,,,,,162000000,162000000,1.0256494526473503,0.7829680288054904,8.794310840888118,-0.12142770836857494,0.31848432855658393,3.7121522341322413,0,0.4450877192982456,206905000,45600000,-0.12142770836857494,1.0342910997800923
354908,2020,0,3137541000,,1108734000,413055000,284592000,472237000,353561000,2024523000,2020686000,1156058000,874463000,947013000,344376000,171597000,210166000,389130000,16147000,66462000,,738392000,,738392000,,0.2353409883727416,0.36472393744106635,0.05469155622189479,0.36845988626124726,2.684228492573628,0,-0.3489513348643848,3137541000,1775686000,0.05469155622189479,0.21063087303082254
36506,2020,0,163410000,1527000,,,49826000,,,-463000,39318000,1000,,,,13850000,,,10477000,2880000,,,,,0.009344593354139893,0,0,0.08475613487546661,0.000006119576525304449,,-0.4861320754716981,-0.9444444444444444,318000000,18000,0.026311320754716983,0
45012,2020,0,25377000000,17352000000,11212000000,4421000000,2563000000,3139000000,,0,8691000000,,4418000000,,2313000000,-2942000000,404000000,,,1606000000,11000000,900000000,9827000000,9827000000,0.6837687669937345,0.387240414548607,,-0.11593174922173621,,2.5360778104501245,1.1335967714814192,,11894000000,,-0.03892719017992265,0.8696821927022028
49826,2020,0,1862000000,,6253000000,2589000000,2564000000,1189000000,,22403000000,22403000000,2121000000,8604000000,,659000000,2109000000,233000000,,206000000,,350000000,7772000000,606000000,606000000,,0.32545649838882923,0.027049948667589162,1.1326530612244898,1.1390977443609023,2.4152182309772114,-0.6373904576436222,-0.8496704231341696,5135000000,14109000000,0.3285296981499513,0.21148977604673808
5513,2020,0,2920300000,4232700000,,,,,38800000,9965000000,10728700000,13162100000,,,137700000,-46200000,,,,18700000,0,500000000,3246600000,3246600000,1.4494058829572305,1.111735095709345,0.3258003010536879,-0.01582029243570866,4.507105434373181,,-0.9154212861594783,0.16614983874968992,34527600000,11286800000,0.028794355819692072,0.09402912452646578
55772,2020,0,386267000,,232398000,109321000,73837000,49857000,,14000,305024000,435400000,477098000,250761000,54387000,34439000,,187885000,79000,,,109000,,109000,,0.0002821882273142671,7.785714285714286,0.08915853541721142,1.1271995795654302,2.1258312675515225,0.1653502685090207,-0.371687252062508,331460000,692967000,0.11315392505883062,0.000485729801484342
59255,2020,0,171300000,,1425400000,322500000,523800000,522100000,,282900000,239400000,1731200000,79900000,560200000,14800000,301000000,16000000,294200000,55700000,61900000,,14200000,,14200000,,0.08289550496205488,0.05019441498762814,1.7571511967308815,10.10624635143024,4.41984496124031,-0.9367803365810452,0.8846070106684084,2709600000,918600000,0.07657956894006496,0.16696191319751993
65270,2020,0,1370600000,587200000,565600000,143800000,217300000,131000000,188500000,783400000,651900000,741600000,741000000,282900000,147100000,91600000,34900000,116800000,,48300000,,352100000,,352100000,0.42842550707719246,0.2568947906026558,0.4494511105437835,0.06683204436013425,0.5410769006274624,3.933240611961057,0.946875,-0.09173300673606859,704000000,816500000,0.13196022727272727,0.08210227272727273
700764,2020,0,1528860,3763031,755726,3763031,76746,50053,510226,1196664,-97701381,2204104,1015855,1188249,-3399478,-3530835,,1705704,197851,265318,,0,,,2.4613313187603834,0,0,-2.3094560653035594,1.4416650314613504,0.2008290657185657,-0.6552492377130987,,4434682,,0,0
700923,2020,0,23200000,566567000,636684000,396814000,22668000,,388479000,364471000,212219000,54433000,1971539000,214158000,-11700000,58759000,,188535000,4563000,9199000,,14286000,,14286000,24.420991379310344,0.6157758620689655,0.03919653415498078,2.532715517241379,2.34625,1.6044897609459343,-0.9690152319517065,-0.9644500378469,748755000,1531169000,0.02825223203851727,0.11992173674967112
707605,2020,0,184425000,1072570000,,,34188000,,,266000,54641000,9659000,,,,6028000,,,1642000,1500000,0,,,,5.815751660566626,0,0,0.03268537345804528,0.05237359360173512,,-0.8420552303548565,0.5659857328145266,1167655000,6168000,0.0028201823312536665,0.04203638917317187
717423,2020,0,1118500000,5913893000,1000292000,942789000,306760000,66076000,262014000,114712000,6614304000,240067000,,,-1362309000,-271800000,,140243000,168500000,1147842000,,2788067000,,2788067000,5.287342869915065,2.492683951721055,24.30492886533231,-0.24300402324541798,0.21463299061242735,1.060992438392896,-0.9045526630361691,-0.9147822228532888,11718504000,2817100000,0.035081269759348124,0.23922686718372926
718937,2020,0,257416000,60194000,174666000,41236000,152453000,,30996000,-315000,113000,8106000,32444000,91510000,11852000,14048000,25298000,100102000,,,,,,,0.2338393883830065,0,0,0.05457314230661653,0.031489884078689745,4.2357648656513724,0.24436709931597903,-0.946026567233745,206865000,150185000,0.06790902279264255,0
722572,2020,0,65391571,44256030,61411018,42984497,28161644,11783403,15973537,17035357,18028059,75072298,60547813,5739489,7078124,5550618,3746502,3699859,,,,,,,0.676784933030589,0,0,0.08488277487629102,1.1480424288934732,1.4286782976662493,2.0851955407421916,1.4969305856252177,21195276,30065833,-0.0987228003070118,0
727538,2020,0,8684039,,4615886,775492,5020432,,95590,,,1498302,10736,,,270736,,,,200045,,,,,,0,,0.031176276384755987,0.17253515328523975,5.952203246455154,-0.042691321700681434,0.485675246083536,9071305,1008499,-0.0010230060614211517,0
72971,2020,0,156000000,200000000,,,14948000000,,38116000000,-1143000000,166697000000,43645000000,,,,3586000000,,,18852000000,1300000000,58999000000,212950000000,,271949000000,1.2820512820512822,1743.2628205128206,-237.92563429571302,22.987179487179485,279.77564102564105,,-0.9891666666666666,8728,14400000000,5000000,1.3575694444444444,23.104375
731245,2020,0,5221035,1737491,,,98158,2552846,34886,-1842596,-4638615,910658,4223171,1796949,,312494,,,119277,61451,,,,,0.33278669842282227,0,0,0.05985288357576611,0.17442097208695212,,5.11523527861556,-0.030082979817936464,853775,938903,-0.9678404731925858,0
73290,2020,0,17259878,3046825,14766817,1477147,8641027,2850836,1765871,939205,-21925732,2922425,4910935,1781776,-2402848,-2339054,1910209,2274415,9,129172,,,,,0.17652645053458663,0,0,-0.13551972962960687,0.1693189835988412,9.996850008834597,2.2905014790203313,-0.4747793252740518,5245364,5564185,-0.2794521028473906,0
733076,2020,0,14851000000,215899000000,,,3684000000,,,75000000,-5719000000,3598000000,,,-454000000,-44000000,,,0,,,812000000,,812000000,14.537674230691536,0.054676452764123626,10.826666666666666,-0.002962763450272709,0.2422732475927547,,-0.9027694120728035,-0.18338629142078983,152740000000,4406000000,-0.005296582427654838,0.005316223648029331
7332,2020,0,5797000000,,671000000,848000000,5000000,,1000000,3246000000,-1251000000,-1552000000,946000000,,0,537000000,,121000000,94000000,560000000,,345000000,,345000000,,0.059513541486976025,0.10628465804066543,0.0926341210971192,-0.26772468518199066,0.7912735849056604,-0.13696590739913653,-2.6099585062240664,6717000000,964000000,0.15572428167336608,0
763901,2020,0,5228276000,59897313000,,,68278000,,,6028687000,2260928000,20294000,,,,506622000,,,38528000,58100000,,587386000,,587386000,11.456417564795737,0.11234793266461067,0.09743182885427623,0.09690039316975615,0.0038815854404013867,,-0.8996787202167255,-0.9531248195464929,52115324000,432937000,0.012877882136931548,0.01124657691852784
784977,2020,0,8394000000,6456000000,500000000,815000000,30000000,,271000000,1301000000,1393000000,2145000000,,,353000000,155000000,,,128000000,409000000,0,3046000000,,3046000000,0.7691208005718371,0.3628782463664522,2.3412759415833975,0.01846557064569931,0.2555396711937098,0.6134969325153374,0.03501849568434032,0.06769537083125933,8110000000,2009000000,0.023057953144266338,0.30554870530209616
790179,2020,0,105,204961,105,236462,105,,,3332,-921761,0,,,-13596,0,,,,,,,,,1952.009523809524,0,0,0,0,0.0004440459777892431,0,,105,0,-244.44761904761904,0
794172,2020,0,251377000,,144761000,20914000,59763000,39617000,,169585000,63108000,213571000,82538000,131033000,31584000,23849000,16613000,,1520000,8688000,,60000000,,60000000,,0.23868532125055195,0.35380487661054927,0.0948734371084069,0.8496043790800272,6.921727072774218,0.006405713896795942,0.06375422745316804,249777000,200771000,0.08630498404576882,0.24021427112984783
794323,2020,0,28576000000,,2842000000,2424000000,331000000,,667000000,-221000000,,1385000000,3387000000,,968000000,341000000,,1354000000,393000000,1689000000,,1500000000,,1500000000,,0.05249160134378499,-6.787330316742081,0.011933090705487122,0.04846724524076148,1.1724422442244224,0.18356527501656728,-0.8269831355402874,24144000000,8005000000,0.014165009940357853,0.0755881378396289
794619,2020,0,1622806000,,325172000,155606000,97059000,111836000,106344000,700538000,392281000,1650333000,1321147000,329186000,132262000,74861000,,,,98513000,,350000000,,350000000,,0.21567581091023819,0.4996160094099107,0.04613059108728955,1.0169625944197889,2.0897137642507357,-0.013698646788363534,0.6018793533207538,1645345000,1030248000,0.04327299137870781,0.21272134415578495
797542,2020,0,225000,,225000,2303000,148000,,0,-1693000,-15154000,191000,5000,91000,-1004000,0,108000,,,,50000,,,50000,,0.2222222222222222,-0.029533372711163616,0,0.8488888888888889,0.09769865392965697,0.4240506329113924,-0.08173076923076923,158000,208000,-7.069620253164557,0
8063,2020,0,42351000,349374000,343081000,93736000,40412000,145787000,93056000,-15628000,428584000,-119000,405744000,180696000,4494000,5500000,86800000,117033000,,4500000,,173000000,,173000000,8.249486434794928,4.084909447238554,-11.069874584079857,0.1298670633515147,-0.0028098510070600456,3.6600772382009046,-0.9327090062935852,-1.0192743764172336,629371000,6174000,0.08264918466214681,0.2987109352035604
811222,2020,0,4915804,11642508,186676,10747940,158676,,99540,-4846225,-62558509,3707360,1665486,2041874,-1271268,-7179906,,3305824,,7318,207351,,,207351,2.3683832797239273,0.04218048563368271,-0.04278608607730759,-1.4605761336294123,0.7541716472015565,0.017368537598832893,0.47491479747166243,-0.18360623825460645,3332941,4541142,-1.9093143262962051,0.1109041534188574
812306,2020,0,2434932,375935,1593795,375935,,485433,419630,2031773,-2528514,4191188,1141602,3049586,97073,27224,33140,1418106,0,,,,,,0.15439240192333914,0,0,0.011180599704632409,1.721275173187588,4.2395493901871335,0.0325169225132715,0.04251302274422092,2358249,4020274,-0.10843935479247527,0
814585,2020,0,0,15000000,,,158000000,,,607000000,-13000000,162000000,,,,-296000000,,0,0,,,1248000000,,1248000000,,,2.056013179571664,,,,-1,-7.48,2443000000,-25000000,-0.1469504707327057,0.12443716741711011
819913,2020,0,1485533000,144050000,,,19637000,,,263282000,160570000,350412000,,,,-91655000,,,5410000,832000,,,,,0.09696856279867226,0,0,-0.06169839377516353,0.23588301303303258,,0.17443279832144037,-0.0760834027653269,1264894000,379268000,0.008180132090119804,0
846913,2020,0,3850000,7767000,21073000,5531000,12606000,264000,6548000,-1285000,-102495000,2411000,4583000,10638000,3974000,-4278000,0,0,4000,,,0,,,2.0174025974025973,0,0,-1.1111688311688313,0.6262337662337663,3.8099801120954617,295.15384615384613,-0.9466191382898641,13000,45166000,-803.7692307692307,0
854800,2020,0,5917000,,33330000,6987000,3199000,2002000,0,11000,-16974000,1173000,1231000,-369000,-2695000,-22992000,255000,,,1780000,884000,,,884000,,0.14940003380091263,80.36363636363636,-3.885752915328714,0.19824235254351869,4.770287677114641,-0.4166420191264912,-0.9171727157181189,10143000,14162000,-0.2573203194321207,0.2766439909297052
856984,2020,0,297863,906189,26340,214620,23590,0,60522,-1254815,-1748719,0,0,0,-154100,-327388,98290,,12416,,,,,,3.0423013264487366,0,0,-1.0991227510634083,0,0.1227285434721834,10.308390280941534,,26340,0,-6.321791951404708,0
860413,2020,0,17648700000,12630300000,,,822000000,,,24100000,953600000,5800000,,,,0,,,26600000,38700000,,5100000,,5100000,0.7156504445086607,0.0002889731254993286,0.21161825726141079,0,0.0003286361035090403,,7.182058414464534,-0.9715964740450539,2157000000,204200000,0.08391284191006027,0
874716,2020,0,1832475000,1661766000,1062738000,582761000,383928000,195019000,269312000,10509000,1595648000,145845000,-976000,1365549000,32000,581776000,16479000,,33125000,83178000,,698910000,,698910000,0.9068423852985716,0.3814022019399992,66.50585212674851,0.3174810024693379,0.0795890803421602,1.8236258088650408,21.154083298071694,-0.8975191547728129,82715000,1423144000,3.181333494529408,8.455806081121924
875045,2020,0,24618900000,13932800000,8381800000,3742200000,1224600000,1068600000,1913800000,13343200000,13976300000,545100000,238000000,11639400000,7042600000,4000600000,83000000,2106300000,187400000,457200000,0,4459000000,,4459000000,0.5659391768113117,0.18112100865595132,0.33417770849571315,0.16250116780197327,0.022141525413401898,2.239805462027684,-0.026493837217118975,-0.9555886881920173,25288900000,12273900000,0.10040373444475639,0.23547089829925383
876523,2020,0,1083702000,338753000,605760000,91086000,285311000,179355000,10889000,222712000,389163000,812156000,11873000,481551000,67124000,37282000,,,27834000,25484000,,121300000,,121300000,0.31258870058373983,0.11193113974136801,0.5446495922985739,0.03440244642899985,0.7494274256206964,6.650418286015414,-0.12729952165439934,0.24867737883467889,1241780000,650413000,0.025294335550580617,0.3357140556298217
886128,2020,0,333446000,197852000,233981000,62732000,39778000,50971000,9563000,280000,-1075089000,25795000,78596000,-21269000,2607000,-77568000,4797000,26644000,10623000,19377000,21366000,14100000,,35466000,0.5933554458592996,0.106362049627226,126.66428571428571,-0.23262537262405308,0.07735885270778477,3.729850793853217,-0.020489335264275706,-0.16790322580645162,340421000,31000000,-0.15834217043014384,0.06442052634825701
886163,2020,0,1494915000,652760000,1123645000,17002000,72273000,7296000,56847000,709525000,391952000,4749000,,,25845000,-2985000,55908000,,35745000,25691000,,,,,0.4366535890000435,0,0,-0.001996769047069566,0.003176769247749872,66.08898953064346,0,-0.6653984358486578,1494915000,14193000,0.008399139750420592,0
888491,2020,0,533246000,750488000,,,33380000,,,4336594000,2594735000,892381000,,,,12306000,,,,281279000,,5169252000,,5169252000,1.4073954610067398,9.6939348818369,1.1920073679943293,0.023077528945364804,1.673488408726929,,-0.9455656135018299,-0.039241841887105285,9796124000,928830000,0.02874381745269864,0.5243032856668617
889971,2020,0,47574918,13007977,21257828,7403411,5387388,8984482,6188726,34566941,-197061926,34967963,21125464,13842499,2145211,866929,,8961150,,3424438,,4437365,,4437365,0.2734209021652964,0.09327110138161457,0.12837019625196225,0.01822239609535428,0.7350083714279865,2.871355919588957,0.034840704950147024,0.07509474651420113,45973180,32525471,0.023059183637068395,0.12140759025153361
895456,2020,0,229091000,49586000,163186000,31534000,15518000,77576000,48010000,113534000,96663000,,172723000,7611000,27170000,20964000,,,,,,,,,0.2164467395052621,0,0,0.09150948749623512,,5.1749223060823235,0.24058961459523565,NaN,184663000,252694000,0.07880842399397822,0
917225,2020,0,,,8049000,269000,574000,,,581000,-47593000,408000,,,,0,,,,25000,,,,,,,0,,,29.92193308550186,,0,,408000,,
922358,2020,1,1262959000,,241379000,908357000,11054000,80454000,,-65736,,2073142000,,,-91964000,-254581000,,,,101795000,,2113276000,,2113276000,,1.6732736375448451,-32147.925033467203,-0.20157503133514232,1.6414958838727147,0.26573142497938584,-0.07358864386725847,0.07401269351497221,1363281000,1930277000,-0.03976216201942226,1.5490790233268124
924717,2020,0,159865000,37349000,81420000,20209000,30361000,4501000,8993000,111557000,97615000,81336000,13997000,,-8799000,-4457000,,24111000,152000,6431000,,,,,0.2336283739405123,0,0,-0.027879773558940356,0.5087792825196259,4.028898015735563,0,61.566153846153846,159865000,1300000,0.04749006974634848,0
